# Blender 4.5.0
# www.blender.org
mtllib tripo_convert_8b4abba0-da4c-4c73-9803-1cd8a10223af.mtl
o tripo_node_8b4abba0-da4c-4c73-9803-1cd8a10223af
v 0.083927 0.088700 0.113618
v 0.095124 0.018050 -0.019348
v 0.094182 0.015319 -0.003881
v 0.092944 0.014054 -0.020128
v 0.071810 -0.006822 0.119737
v 0.089592 0.010573 0.066699
v 0.073909 -0.000888 0.118485
v 0.053631 0.030332 0.119778
v 0.010990 0.003660 0.484808
v -0.010351 0.007255 0.478084
v 0.012992 0.073796 0.117601
v -0.011961 0.074193 0.087698
v 0.011543 0.074223 0.087113
v 0.016438 0.088964 0.117419
v 0.037811 0.093005 0.020090
v 0.039188 0.094542 0.010617
v 0.065073 0.091203 -0.021038
v 0.052821 0.094650 -0.012715
v 0.005811 0.094264 -0.053797
v 0.005041 0.091964 -0.078606
v -0.003466 0.093236 -0.096059
v -0.002847 0.093970 -0.059550
v 0.019351 0.093786 -0.116002
v 0.033613 0.043479 -0.121915
v 0.038833 0.041191 -0.070149
v 0.045278 0.016644 -0.062869
v 0.049155 0.015124 -0.063264
v 0.068065 0.039429 -0.133559
v 0.067796 0.042585 -0.137049
v 0.068322 0.045364 -0.126022
v 0.066677 0.028520 -0.059594
v 0.058853 0.028943 -0.061699
v 0.065250 0.018808 -0.086201
v 0.067820 0.016981 -0.072820
v 0.060657 0.015575 -0.075431
v 0.064293 0.015990 -0.076467
v 0.060437 0.012778 -0.175810
v 0.065955 0.021754 -0.115719
v 0.074323 0.024178 -0.117872
v 0.069775 0.015690 -0.080378
v 0.071564 0.015493 -0.080312
v 0.078106 0.050280 -0.072851
v 0.075716 0.048418 -0.129832
v 0.071757 0.046762 -0.126190
v 0.084318 0.043730 -0.062963
v 0.080940 0.052211 -0.065526
v 0.084469 0.052856 -0.057407
v 0.077346 0.053164 -0.062004
v 0.062753 0.066111 -0.079228
v 0.061345 0.065671 -0.099391
v 0.061877 0.063942 -0.113159
v 0.061192 0.063908 -0.160969
v 0.061828 0.064517 -0.188177
v 0.080432 0.061702 -0.285424
v 0.062554 0.064722 -0.263856
v 0.033651 0.094434 -0.183939
v -0.012235 0.092735 -0.189422
v 0.046199 0.093579 -0.369811
v 0.038398 0.094112 -0.376821
v -0.002740 0.094746 -0.411631
v 0.014186 0.094175 -0.421670
v 0.038851 0.091610 -0.385179
v 0.006019 0.057039 -0.440006
v 0.009348 0.057647 -0.421119
v 0.005096 0.093424 -0.472770
v 0.002167 0.092255 -0.447316
v 0.001776 0.089943 -0.442647
v 0.002034 0.093145 -0.472220
v 0.003910 0.093331 -0.469656
v 0.017175 0.092968 -0.482029
v -0.005478 0.094461 -0.448773
v 0.016218 0.093563 -0.481409
v 0.005410 0.092042 -0.466397
v 0.016247 0.090231 -0.483258
v 0.009902 0.090854 -0.472215
v 0.013760 0.090500 -0.479008
v 0.005148 0.090838 -0.474334
v 0.066060 0.006044 -0.282251
v 0.065828 0.013232 -0.278449
v 0.045350 0.008245 -0.278359
v 0.041289 0.022002 -0.278185
v 0.066321 0.020876 -0.282756
v 0.065251 0.016135 -0.275244
v 0.060291 0.008106 -0.267549
v 0.040599 0.009247 -0.268208
v 0.042363 0.019184 -0.271883
v 0.008955 0.002238 -0.261499
v 0.008506 0.003051 -0.256022
v 0.035719 0.045054 -0.207395
v 0.041570 0.038344 -0.205318
v 0.044230 0.042751 -0.245657
v 0.042187 0.014150 -0.235567
v 0.057163 0.008746 -0.216166
v 0.078411 0.050850 -0.269586
v 0.061105 0.026511 -0.266816
v 0.065989 0.010729 -0.268818
v 0.055072 0.012272 -0.186097
v 0.066472 -0.004835 -0.267444
v 0.066051 -0.025358 -0.268127
v 0.065627 -0.022549 -0.281406
v 0.074452 -0.036490 -0.357948
v 0.090075 -0.024584 -0.359490
v 0.065033 -0.009252 -0.280418
v 0.054442 -0.015548 -0.208240
v 0.041909 -0.044871 -0.195664
v 0.044966 -0.030709 -0.224603
v 0.007665 -0.012126 -0.253992
v 0.017080 -0.043020 -0.247802
v 0.030438 -0.035126 -0.250600
v 0.042008 -0.021775 -0.270729
v 0.043570 -0.025213 -0.278802
v 0.047856 -0.010272 -0.278674
v 0.046847 -0.010908 -0.272080
v 0.073487 -0.033047 -0.414423
v 0.074784 -0.039879 -0.417676
v 0.076660 -0.047365 -0.420728
v 0.090384 -0.027873 -0.422464
v 0.090159 -0.059764 -0.428317
v 0.076369 -0.087290 -0.490357
v 0.010986 -0.096116 -0.421079
v -0.005813 -0.097730 -0.414049
v 0.010967 -0.061736 -0.423866
v 0.001868 -0.060482 -0.441737
v 0.062742 -0.095858 -0.464246
v 0.019268 -0.098214 -0.445340
v 0.020040 -0.039713 -0.248944
v 0.037235 -0.046619 -0.250539
v 0.062685 -0.066879 -0.273373
v 0.082113 -0.046981 -0.278800
v 0.076057 -0.059655 -0.359361
v 0.090017 -0.059702 -0.352169
v 0.079605 -0.055820 -0.285400
v 0.087648 -0.046166 -0.055912
v 0.086045 -0.054753 -0.059141
v 0.074159 -0.057616 -0.074927
v 0.090183 -0.059829 -0.008805
v 0.074569 -0.049945 -0.124975
v 0.068303 -0.048673 -0.129182
v 0.073720 -0.058953 0.001220
v 0.090120 -0.064373 0.065886
v 0.073985 -0.059917 0.054951
v 0.073765 -0.035842 0.049430
v 0.090128 -0.031051 0.056024
v 0.089908 -0.040081 -0.006828
v 0.070443 -0.047718 -0.132072
v 0.068860 -0.032291 -0.126906
v 0.073844 -0.023733 -0.117652
v 0.070021 -0.020722 -0.073939
v 0.064261 -0.021720 -0.083994
v 0.055344 -0.020139 -0.193361
v 0.065753 -0.021977 -0.114670
v 0.057353 -0.010063 -0.062363
v -0.011252 -0.009911 0.486368
v 0.011348 -0.015133 0.478629
v 0.060067 -0.012428 -0.061987
v 0.064343 -0.019405 -0.079099
v 0.067634 -0.018761 -0.077590
v 0.058322 -0.029569 -0.061759
v 0.065679 -0.028726 -0.061213
v 0.047112 -0.020064 -0.062526
v 0.051067 -0.017311 -0.063747
v 0.012842 -0.077298 0.117036
v 0.041629 -0.040482 -0.066705
v 0.062862 -0.064543 -0.074300
v 0.037234 -0.058149 0.119879
v 0.043574 -0.044131 -0.069763
v 0.017680 -0.096565 0.115993
v 0.074973 -0.089907 0.120764
v 0.012578 -0.098182 0.086206
v 0.010751 -0.078496 0.088784
v 0.056153 -0.067441 -0.090860
v 0.059701 -0.065239 -0.107625
v 0.059659 -0.064921 -0.095818
v 0.045459 -0.046284 -0.074013
v 0.038060 -0.046144 -0.070588
v 0.066801 -0.048372 -0.141252
v 0.066997 -0.037455 -0.137562
v 0.067166 -0.044575 -0.138006
v 0.066645 -0.043871 -0.133768
v 0.058206 -0.029804 -0.182764
v 0.038439 -0.045321 -0.191098
v -0.038655 -0.042724 -0.074398
v -0.065745 -0.061512 -0.081084
v -0.057246 -0.063973 -0.092711
v -0.058383 -0.064763 -0.081432
v -0.065215 -0.047435 -0.140089
v -0.062191 -0.047734 -0.128123
v -0.071805 -0.047806 -0.128667
v -0.073964 -0.057482 -0.069708
v -0.062050 -0.068947 -0.178177
v -0.011637 -0.077153 0.088293
v -0.011906 -0.096374 0.086487
v -0.018784 -0.097400 0.116531
v -0.012159 -0.077687 0.116443
v -0.046085 -0.049235 0.120084
v -0.042061 -0.042434 -0.065676
v -0.045622 -0.036896 -0.064802
v -0.066151 -0.032512 -0.060761
v -0.072000 -0.033319 0.021220
v -0.047171 -0.025369 -0.065294
v -0.047304 -0.029711 -0.062980
v -0.062756 -0.021348 -0.075768
v -0.061840 -0.019081 -0.086257
v -0.068916 -0.023295 -0.071003
v -0.065338 -0.022308 -0.080679
v -0.066238 -0.040886 -0.128299
v -0.066476 -0.039534 -0.133110
v -0.065824 -0.045782 -0.129786
v -0.068828 -0.036291 -0.133825
v -0.063779 -0.029643 -0.109849
v -0.064964 -0.020480 -0.083837
v -0.057741 -0.029633 -0.063402
v -0.074895 -0.037062 -0.000685
v -0.069835 -0.017906 -0.085800
v -0.075179 -0.050219 -0.132738
v -0.089231 -0.061557 -0.008397
v -0.086039 -0.051275 -0.057745
v -0.075070 -0.030217 -0.112772
v -0.075137 0.000467 -0.114588
v -0.074842 -0.003963 -0.119401
v -0.087270 0.001337 -0.050776
v -0.089176 -0.037677 -0.006489
v -0.089273 -0.027181 0.091550
v -0.088918 -0.035199 0.062212
v -0.072152 -0.041801 0.051645
v -0.074056 -0.056347 0.054412
v -0.089433 -0.060967 0.063521
v -0.080308 -0.092067 0.118831
v -0.072932 -0.056582 0.004119
v -0.087176 -0.059695 -0.358305
v -0.072641 -0.054037 -0.364256
v -0.078481 -0.050723 -0.208685
v -0.072552 -0.059018 -0.264686
v -0.061550 -0.064384 -0.179927
v -0.053020 -0.066920 -0.152295
v -0.057572 -0.066874 -0.218691
v -0.060982 -0.066948 -0.198927
v -0.059004 -0.066555 -0.209951
v -0.022674 -0.046406 -0.213872
v -0.063863 -0.063221 -0.260291
v -0.072909 -0.057339 -0.419169
v -0.003599 -0.060420 -0.417169
v -0.017447 -0.098303 -0.451604
v -0.009059 -0.062288 -0.436201
v -0.074570 -0.095466 -0.464328
v -0.086877 -0.082382 -0.487395
v -0.086943 -0.071569 -0.464782
v -0.089695 -0.062504 -0.428866
v -0.072501 -0.040356 -0.418995
v -0.087464 -0.035228 -0.357537
v -0.084621 -0.044466 -0.288281
v -0.074509 -0.039745 -0.362253
v -0.089643 -0.027893 -0.425141
v -0.089010 -0.034267 -0.460261
v -0.084632 0.014136 -0.488962
v -0.056949 -0.011824 -0.277450
v -0.054107 -0.009662 -0.273274
v -0.042794 -0.023157 -0.273835
v -0.019719 -0.045694 -0.241499
v 0.006018 -0.010863 -0.263105
v -0.010573 -0.009351 -0.254319
v -0.037509 -0.044614 -0.206006
v -0.053756 -0.011833 -0.182405
v -0.065674 -0.025110 -0.279910
v -0.067172 -0.025436 -0.267293
v -0.055524 -0.021221 -0.199502
v -0.052545 -0.024377 -0.223471
v -0.060077 -0.021268 -0.175570
v -0.059116 0.013278 -0.218155
v -0.046491 0.028955 -0.219813
v -0.052840 0.023137 -0.172964
v -0.042760 0.008780 -0.246405
v -0.065731 0.005353 -0.268183
v -0.065878 0.021200 -0.267945
v -0.010228 0.001567 -0.262961
v -0.010842 -0.006829 -0.263374
v -0.043685 0.010743 -0.271429
v -0.040561 0.020482 -0.272272
v -0.043359 0.018447 -0.278134
v -0.046379 0.008279 -0.278847
v -0.064903 0.021632 -0.280727
v -0.064902 0.006848 -0.280900
v -0.085446 0.009948 -0.487877
v -0.085153 0.002346 -0.480858
v -0.086972 0.003172 -0.432996
v -0.084946 0.000999 -0.437717
v -0.089528 0.001367 -0.484422
v -0.088395 0.032186 -0.462040
v -0.086709 0.037696 -0.464812
v -0.085007 0.085845 -0.464697
v -0.073813 0.094228 -0.465479
v -0.064142 0.094779 -0.461360
v -0.075922 0.093874 -0.462186
v -0.073071 0.084625 -0.490340
v -0.039403 0.092193 -0.451723
v -0.002918 0.056848 -0.418960
v -0.010731 0.057599 -0.428259
v -0.040966 0.090507 -0.375481
v -0.046212 0.092045 -0.368656
v -0.046445 0.092990 -0.323002
v -0.045147 0.091650 -0.282926
v -0.056802 0.063566 -0.225339
v -0.033929 0.042603 -0.223978
v -0.032217 0.042694 -0.249195
v 0.006455 0.094343 -0.199204
v -0.041232 0.092077 -0.190446
v -0.043856 0.092513 -0.181184
v -0.058690 0.061035 -0.273589
v -0.062153 0.064381 -0.270327
v -0.067912 0.057562 -0.278255
v -0.058669 0.061034 -0.213238
v -0.058939 0.060869 -0.225732
v -0.058967 0.060792 -0.237083
v -0.059816 0.063624 -0.177282
v -0.081610 0.042784 -0.274509
v -0.075702 0.057237 -0.282827
v -0.057139 0.062687 -0.077735
v -0.060421 0.060636 -0.067916
v -0.064859 0.091523 -0.049492
v -0.061585 0.059718 -0.067128
v -0.062932 0.065599 -0.071767
v -0.065534 0.092473 -0.043627
v -0.083217 0.054882 -0.057879
v -0.085988 0.044874 -0.059629
v -0.078534 0.047863 -0.073042
v -0.083813 0.047584 -0.068034
v -0.067197 0.045183 -0.127916
v -0.061952 0.059586 -0.152931
v -0.072936 0.047598 -0.128447
v -0.075022 0.030477 -0.112190
v -0.068972 0.010036 -0.059745
v -0.072042 0.008662 -0.059114
v -0.067563 0.019622 -0.086052
v -0.064827 0.018297 -0.077641
v -0.065537 0.029081 -0.060689
v -0.062735 0.021424 -0.086860
v -0.060794 0.019021 -0.076509
v -0.063775 0.025418 -0.110551
v -0.058322 0.029647 -0.061784
v -0.067561 0.034211 -0.132491
v -0.066146 0.037116 -0.140702
v -0.064904 0.044913 -0.143422
v -0.058354 0.009539 -0.062109
v -0.053211 0.005394 -0.065041
v -0.036309 0.043163 -0.071096
v -0.041931 0.044832 -0.077709
v 0.000494 0.094355 -0.114257
v 0.004793 0.094145 -0.185701
v -0.054513 0.062397 -0.170373
v -0.039338 0.094661 0.013141
v -0.033895 0.095013 0.011832
v -0.043839 0.083715 0.054437
v -0.042330 0.088640 0.078425
v -0.032511 0.093843 0.113514
v -0.040459 0.094760 0.107233
v -0.042307 0.094035 0.078370
v -0.040025 0.093471 0.040166
v -0.050877 0.091701 0.047447
v -0.040227 0.094797 0.057834
v -0.012637 0.094894 0.086634
v 0.012836 0.094914 0.086437
v -0.012406 0.094605 0.117127
v -0.012588 0.073342 0.119685
v -0.043184 0.086459 0.027279
v -0.051522 0.082530 0.052644
v -0.060808 0.079146 0.064454
v -0.052482 0.079778 0.079989
v -0.036961 0.076553 0.078092
v -0.039754 0.076518 0.079225
v -0.089790 0.029329 0.084758
v -0.089945 0.002113 0.071520
v -0.088435 0.000215 -0.040026
v -0.089385 -0.004665 0.004697
v -0.089570 0.002506 0.112218
v -0.089200 -0.000837 0.118110
v -0.085030 0.000730 0.119060
v -0.090115 0.011058 0.007080
v -0.088224 0.001354 -0.025806
v -0.094061 0.014696 -0.009695
v -0.093430 0.018507 -0.006440
v -0.038095 0.028163 0.119869
v -0.062279 0.094740 -0.026026
v -0.066042 0.095199 -0.008432
v -0.050697 0.092385 0.025744
v -0.051905 0.087824 0.046092
v -0.057292 0.075011 0.023642
v -0.060210 0.082069 0.023865
v -0.057155 0.080242 0.065630
v -0.052349 0.094075 0.057508
v -0.053338 0.094688 0.080766
v -0.089673 0.083701 0.118432
v 0.016309 0.094351 -0.095959
v 0.044282 0.092626 -0.189659
v -0.000816 0.092754 -0.456873
v 0.077957 0.093197 0.112001
v 0.075150 0.094770 0.117742
v 0.080365 0.087112 0.118297
v 0.088828 0.083854 0.102083
v 0.082779 0.091446 0.101873
v 0.094865 0.017105 -0.015421
v 0.097005 0.014406 -0.025367
v 0.091806 0.021201 -0.008157
v 0.093298 0.020211 0.002883
v 0.096648 0.016472 0.002900
v 0.096482 0.018504 0.002602
v 0.094551 0.018169 0.002760
v 0.091799 0.019600 -0.026695
v 0.096513 0.018892 -0.025720
v 0.091849 0.011811 -0.008323
v 0.090089 -0.000468 -0.009737
v 0.090090 0.001217 -0.022696
v 0.071474 -0.026618 0.120109
v 0.076520 -0.026914 0.120085
v 0.090413 0.012578 0.053348
v 0.090243 0.029123 0.052963
v 0.090249 0.024361 0.069966
v 0.089614 0.002680 0.064470
v 0.090035 0.001232 0.053052
v 0.083356 -0.008207 0.119360
v 0.084022 0.009697 0.119155
v 0.076889 0.011722 0.118060
v 0.054798 0.061789 0.119822
v 0.038584 0.063919 0.119830
v 0.036531 0.043386 0.119830
v 0.029881 0.027178 0.119876
v 0.039727 0.014904 0.119890
v 0.007474 0.004854 0.486701
v 0.005908 -0.000738 0.488964
v 0.010866 -0.000701 0.486814
v 0.015316 -0.000265 0.479673
v 0.012783 0.005018 0.479125
v 0.008954 0.008999 0.479507
v -0.012145 0.003545 0.480684
v -0.007404 0.003852 0.485490
v -0.006575 0.008938 0.480892
v -0.012713 0.009450 0.467145
v -0.016550 0.004400 0.467076
v -0.007814 0.013598 0.467385
v 0.012795 0.074374 0.114618
v 0.006741 0.072383 0.119979
v 0.007582 0.066032 0.119831
v 0.022423 0.065905 0.119817
v 0.022258 0.077204 0.119863
v 0.014732 0.080696 0.116343
v 0.002036 0.074433 0.086931
v 0.002493 0.084771 0.086746
v -0.012201 0.084976 0.087190
v -0.012243 0.085106 0.099137
v -0.012112 0.074031 0.098969
v 0.003008 0.074148 0.098379
v 0.012697 0.074435 0.098065
v 0.012890 0.082976 0.098549
v 0.012787 0.084148 0.088820
v 0.013215 0.089224 0.109092
v 0.013033 0.081755 0.108402
v 0.016364 0.093890 0.108864
v 0.024211 0.086714 0.119279
v 0.026802 0.091688 0.114723
v 0.020155 0.093105 0.112253
v 0.042788 0.094704 0.021845
v 0.048596 0.094361 0.011606
v 0.038286 0.094728 0.006792
v 0.031583 0.094726 0.019939
v 0.034944 0.091753 0.040582
v 0.037736 0.093434 0.040923
v 0.027816 0.094681 0.039586
v 0.066138 0.089787 -0.034777
v 0.064573 0.094305 -0.032467
v 0.067852 0.094455 -0.037201
v 0.059164 0.094803 -0.029874
v 0.060486 0.094032 -0.017691
v 0.060728 0.093843 -0.012237
v 0.064904 0.094219 -0.012364
v 0.071677 0.094655 -0.023923
v 0.072369 0.094666 -0.039095
v 0.069969 0.094518 -0.013624
v 0.051293 0.094843 -0.017256
v 0.043332 0.094904 -0.011595
v 0.048374 0.094675 -0.007015
v 0.052079 0.093784 -0.004188
v 0.057013 0.094238 -0.012686
v 0.056538 0.094633 -0.018131
v 0.057288 0.094276 -0.001998
v 0.015809 0.094828 -0.063311
v 0.010766 0.094571 -0.071422
v 0.004950 0.094143 -0.063246
v -0.021780 0.094810 -0.036797
v -0.010840 0.094848 -0.030896
v 0.017891 0.094951 -0.041609
v 0.027914 0.094954 -0.051291
v 0.003322 0.094860 -0.021011
v 0.017602 0.093581 -0.081881
v 0.016779 0.094268 -0.088370
v 0.011772 0.094312 -0.095725
v 0.008818 0.094319 -0.103750
v 0.004542 0.090360 -0.075374
v 0.005309 0.094119 -0.074414
v 0.004497 0.090430 -0.072689
v 0.003851 0.094458 -0.074537
v 0.022151 0.092325 -0.117091
v 0.018059 0.093535 -0.117052
v 0.017787 0.093925 -0.117076
v 0.017236 0.094714 -0.117123
v 0.017368 0.094386 -0.114675
v 0.046447 0.044649 -0.125227
v 0.047918 0.044743 -0.116599
v 0.035246 0.043351 -0.117556
v 0.034810 0.043252 -0.134362
v 0.045350 0.044561 -0.135806
v 0.043352 0.033961 -0.063519
v 0.043294 0.031958 -0.075903
v 0.036636 0.043613 -0.077370
v 0.049033 0.044662 -0.077018
v 0.049299 0.040960 -0.068405
v 0.049142 0.033250 -0.063103
v 0.044394 0.023895 -0.063488
v 0.049263 0.023973 -0.062612
v 0.048639 0.012291 -0.076151
v 0.045749 0.016073 -0.075356
v 0.044790 0.022997 -0.075308
v 0.053912 0.023806 -0.062049
v 0.054056 0.016283 -0.062126
v 0.054766 0.008723 -0.062660
v 0.051413 0.008208 -0.068141
v 0.072450 0.043653 -0.137068
v 0.073440 0.039616 -0.134041
v 0.074146 0.032507 -0.127867
v 0.068419 0.034762 -0.127753
v 0.066896 0.039541 -0.127223
v 0.065958 0.046198 -0.137315
v 0.065651 0.046091 -0.145928
v 0.069190 0.046280 -0.145352
v 0.073136 0.046790 -0.144322
v 0.071344 0.044010 -0.123459
v 0.066647 0.046584 -0.120624
v 0.060912 0.046056 -0.127418
v 0.060746 0.045937 -0.136856
v 0.061103 0.046020 -0.118106
v 0.067547 0.027888 -0.063649
v 0.063709 0.029242 -0.064420
v 0.063508 0.028779 -0.060257
v 0.066937 0.038379 -0.063362
v 0.073906 0.039671 -0.064041
v 0.074686 0.028363 -0.059091
v 0.071512 0.014578 -0.060044
v 0.070917 0.012954 -0.064679
v 0.076727 0.015870 -0.058686
v 0.058812 0.029769 -0.065628
v 0.058927 0.023786 -0.066910
v 0.058065 0.023691 -0.061970
v 0.054575 0.031684 -0.062158
v 0.056029 0.040471 -0.067034
v 0.061571 0.039945 -0.065633
v 0.063846 0.020077 -0.088257
v 0.062320 0.014491 -0.092916
v 0.061755 0.014263 -0.087413
v 0.060673 0.014145 -0.082235
v 0.065405 0.016593 -0.082666
v 0.072749 0.015683 -0.084436
v 0.072433 0.016975 -0.088166
v 0.068874 0.029465 -0.071851
v 0.068582 0.027934 -0.069190
v 0.070811 0.012786 -0.071064
v 0.072551 0.007946 -0.078523
v 0.069586 0.030816 -0.078413
v 0.059794 0.023983 -0.072318
v 0.060652 0.025208 -0.077254
v 0.058945 0.016007 -0.068696
v 0.060326 0.008246 -0.082247
v 0.059579 0.008492 -0.076183
v 0.058683 0.008929 -0.069688
v 0.070570 0.024527 -0.085535
v 0.056547 0.007563 -0.166510
v 0.057231 0.001229 -0.165697
v 0.060906 0.002575 -0.170531
v 0.057975 0.004095 -0.175741
v 0.057587 0.013061 -0.181370
v 0.059594 0.017994 -0.175444
v 0.055294 0.011670 -0.166614
v 0.064810 0.031589 -0.109793
v 0.065717 0.034888 -0.117374
v 0.067403 0.027567 -0.120367
v 0.064214 0.022341 -0.105446
v 0.063726 0.030084 -0.101377
v 0.068763 0.015633 -0.116957
v 0.064584 0.015001 -0.109332
v 0.074927 0.018824 -0.115101
v 0.075819 0.014393 -0.116282
v 0.075751 0.032329 -0.115390
v 0.074621 0.030378 -0.106367
v 0.074915 0.023253 -0.107490
v 0.075208 0.017809 -0.108710
v 0.072766 0.006259 -0.085775
v 0.073059 0.012308 -0.085354
v 0.061939 0.027371 -0.085802
v 0.074040 0.017547 -0.099527
v 0.073380 0.021974 -0.096305
v 0.073266 0.028732 -0.097201
v 0.078847 0.040902 -0.064608
v 0.076680 0.047860 -0.074525
v 0.085634 0.051693 -0.064188
v 0.074811 0.044689 -0.127201
v 0.075658 0.042032 -0.130085
v 0.075047 0.045296 -0.134140
v 0.076027 0.048920 -0.143694
v 0.075209 0.052528 -0.143447
v 0.076555 0.048599 -0.120946
v 0.074883 0.042256 -0.122463
v 0.072013 0.055174 -0.077077
v 0.086713 0.042746 -0.055891
v 0.083164 0.067128 -0.058415
v 0.090213 0.068573 -0.047473
v 0.090328 0.055787 -0.046551
v 0.090528 0.043020 -0.044818
v 0.072847 0.065666 -0.065783
v 0.064511 0.058804 -0.068686
v 0.064986 0.058724 -0.080443
v 0.056741 0.060975 -0.070431
v 0.056229 0.063889 -0.081186
v 0.062709 0.073745 -0.084794
v 0.070684 0.074756 -0.067649
v 0.058570 0.062541 -0.097049
v 0.062629 0.070783 -0.106623
v 0.063040 0.064735 -0.103172
v 0.057869 0.062165 -0.100371
v 0.062328 0.061570 -0.106689
v 0.068668 0.057857 -0.106108
v 0.068398 0.058652 -0.115115
v 0.064545 0.065192 -0.126751
v 0.063043 0.072286 -0.125373
v 0.068487 0.059680 -0.127388
v 0.062111 0.064259 -0.176215
v 0.063089 0.067914 -0.173330
v 0.060162 0.060650 -0.174115
v 0.063037 0.074165 -0.174333
v 0.063041 0.071705 -0.160817
v 0.063090 0.071777 -0.144132
v 0.063825 0.064904 -0.143050
v 0.066968 0.059354 -0.142923
v 0.064524 0.058807 -0.158800
v 0.064972 0.058520 -0.173975
v 0.060650 0.063397 -0.189753
v 0.063109 0.067316 -0.184890
v 0.063064 0.068158 -0.192514
v 0.069315 0.064577 -0.277217
v 0.069850 0.059176 -0.275676
v 0.077514 0.053434 -0.278951
v 0.080325 0.048016 -0.281393
v 0.084150 0.052497 -0.288088
v 0.089869 0.058891 -0.297219
v 0.089697 0.069633 -0.295916
v 0.066241 0.057983 -0.188774
v 0.066604 0.057953 -0.203767
v 0.061331 0.060584 -0.203378
v 0.057126 0.064287 -0.257580
v 0.055996 0.063704 -0.267834
v 0.062293 0.060784 -0.271924
v 0.066985 0.072817 -0.274737
v 0.063046 0.071202 -0.259347
v 0.027720 0.091083 -0.189728
v 0.027281 0.090791 -0.189550
v 0.027050 0.092932 -0.187966
v 0.021798 0.094390 -0.184707
v 0.021147 0.094536 -0.180902
v -0.015978 0.094857 -0.176244
v 0.004978 0.094979 -0.170994
v 0.001685 0.090060 -0.190078
v -0.004929 0.089533 -0.190055
v -0.014308 0.094190 -0.203514
v -0.032089 0.092349 -0.204440
v -0.034532 0.090099 -0.189313
v 0.040468 0.095011 -0.351340
v 0.046053 0.093440 -0.350117
v 0.047896 0.091933 -0.349190
v 0.048385 0.093006 -0.367986
v 0.046726 0.090972 -0.383449
v 0.042624 0.090147 -0.383047
v 0.029100 0.095004 -0.377313
v 0.032786 0.095021 -0.352202
v 0.032055 0.094468 -0.404487
v 0.028197 0.094706 -0.402804
v -0.000598 0.090730 -0.417659
v -0.009490 0.091655 -0.421915
v -0.013598 0.094615 -0.421286
v 0.002796 0.095017 -0.393910
v 0.014541 0.094990 -0.399225
v 0.008044 0.094760 -0.415195
v 0.006237 0.090806 -0.419559
v 0.019747 0.094404 -0.422992
v 0.015149 0.093995 -0.434748
v 0.012455 0.092768 -0.433628
v 0.011191 0.089569 -0.432913
v 0.011311 0.089941 -0.425185
v 0.036969 0.094153 -0.404514
v 0.003963 0.062578 -0.439419
v -0.003318 0.062726 -0.439579
v -0.001838 0.057749 -0.437194
v 0.001207 0.056966 -0.430497
v 0.007073 0.056982 -0.433630
v 0.008975 0.062017 -0.435195
v 0.008993 0.063003 -0.423080
v 0.011001 0.062086 -0.428931
v 0.008570 0.056882 -0.426944
v 0.003136 0.056851 -0.423579
v 0.003916 0.058904 -0.419573
v 0.004085 0.063748 -0.419612
v 0.005790 0.093702 -0.465116
v 0.008923 0.094111 -0.466865
v 0.007639 0.093981 -0.475453
v 0.010337 0.090701 -0.476211
v 0.004991 0.093409 -0.449162
v 0.003640 0.093205 -0.455709
v 0.000710 0.092075 -0.454007
v 0.007231 0.086244 -0.438393
v 0.007177 0.090526 -0.439860
v 0.008787 0.092907 -0.441742
v -0.001124 0.094527 -0.449537
v -0.001047 0.094086 -0.446575
v -0.000947 0.093633 -0.454684
v 0.001675 0.081444 -0.440553
v 0.007747 0.080511 -0.437567
v -0.003370 0.082574 -0.440064
v 0.003720 0.093436 -0.471932
v 0.002394 0.092677 -0.478946
v -0.018807 0.093535 -0.480127
v -0.018684 0.093905 -0.474104
v 0.003659 0.093457 -0.472140
v 0.017425 0.091595 -0.465451
v 0.015340 0.092147 -0.478253
v -0.019355 0.094371 -0.466543
v -0.001118 0.093129 -0.459125
v 0.004810 0.093271 -0.466238
v 0.005737 0.093421 -0.467993
v 0.018985 0.091179 -0.486706
v 0.002182 0.091796 -0.485341
v 0.028659 0.090918 -0.483823
v 0.030293 0.090685 -0.486836
v -0.011139 0.094707 -0.452901
v -0.018460 0.094948 -0.445290
v -0.012274 0.094676 -0.441544
v -0.009374 0.093774 -0.439142
v -0.004635 0.094044 -0.445245
v 0.016305 0.094657 -0.480585
v 0.012258 0.097062 -0.482227
v 0.017413 0.094624 -0.482793
v 0.016648 0.091912 -0.480191
v 0.017768 0.091886 -0.479800
v 0.006044 0.091551 -0.467385
v 0.005740 0.091254 -0.468145
v 0.005602 0.091380 -0.467164
v 0.006085 0.090940 -0.470587
v 0.014126 0.093971 -0.470395
v 0.018657 0.093986 -0.473566
v 0.015564 0.091918 -0.473257
v 0.015935 0.092438 -0.472053
v 0.016328 0.090327 -0.479074
v 0.013318 0.089792 -0.482219
v 0.014386 0.088910 -0.482599
v 0.017293 0.090211 -0.482099
v 0.026052 0.094061 -0.475789
v 0.024866 0.093113 -0.482725
v 0.025211 0.091045 -0.481861
v 0.058258 0.006936 -0.281626
v 0.059554 0.006907 -0.276594
v 0.065120 0.009675 -0.277431
v 0.065663 0.013487 -0.282856
v 0.057284 0.013877 -0.281432
v 0.066320 0.012887 -0.272651
v 0.050983 0.008245 -0.280567
v 0.049680 0.013926 -0.280101
v 0.044733 0.012738 -0.277761
v 0.047430 0.008118 -0.274012
v 0.052423 0.007398 -0.275432
v 0.044198 0.011613 -0.273208
v 0.048065 0.021232 -0.279481
v 0.047684 0.019987 -0.273271
v 0.056242 0.021304 -0.280777
v 0.054130 0.018159 -0.274847
v 0.059569 0.018147 -0.268126
v 0.053122 0.020978 -0.268123
v 0.060136 0.007698 -0.272037
v 0.052734 0.007138 -0.270962
v 0.051935 0.003107 -0.266445
v 0.050045 -0.004662 -0.265577
v 0.058004 -0.002601 -0.266591
v 0.063918 -0.001636 -0.267266
v 0.047966 0.007419 -0.269981
v 0.038030 0.017268 -0.268232
v 0.037215 0.000448 -0.264612
v 0.045360 0.001147 -0.265480
v 0.047803 0.023002 -0.268054
v 0.042586 0.023811 -0.268154
v 0.036950 0.023695 -0.267537
v 0.016617 0.000923 -0.263697
v 0.017561 0.008713 -0.266198
v 0.008082 0.009926 -0.265996
v -0.001923 0.006281 -0.262084
v -0.003097 0.005844 -0.257876
v 0.008462 0.002663 -0.258861
v 0.006400 -0.009653 -0.258247
v 0.014369 -0.008769 -0.265482
v -0.005142 0.007233 -0.252905
v 0.003012 0.013189 -0.254749
v 0.013253 0.012101 -0.253736
v 0.015146 -0.000982 -0.254586
v 0.015791 -0.014298 -0.253583
v 0.037962 0.042770 -0.199323
v 0.039833 0.041864 -0.214748
v 0.044096 0.042585 -0.217676
v 0.044524 0.044379 -0.207136
v 0.045724 0.043887 -0.196933
v 0.049521 0.034536 -0.201698
v 0.045140 0.029244 -0.224147
v 0.041784 0.034249 -0.226327
v 0.038914 0.038639 -0.229442
v 0.047941 0.042755 -0.233638
v 0.042069 0.042151 -0.231639
v 0.038792 0.041320 -0.241579
v 0.035492 0.041265 -0.245043
v 0.038594 0.042045 -0.249563
v 0.041767 0.040551 -0.256570
v 0.047041 0.041425 -0.255611
v 0.054475 0.041938 -0.255321
v 0.053266 0.043817 -0.246487
v 0.049034 0.025720 -0.221595
v 0.053641 0.023897 -0.219319
v 0.049082 0.013172 -0.230826
v 0.046060 -0.001064 -0.235022
v 0.039135 -0.002022 -0.239055
v 0.037963 -0.001957 -0.245937
v 0.038749 0.012353 -0.245003
v 0.040112 0.023045 -0.246434
v 0.041219 0.024765 -0.238381
v 0.056138 0.002615 -0.215987
v 0.059077 0.001872 -0.221850
v 0.060236 0.009559 -0.219954
v 0.058903 0.017107 -0.212685
v 0.055122 0.012580 -0.210013
v 0.053622 0.004212 -0.206842
v 0.081094 0.044617 -0.274178
v 0.079286 0.046158 -0.265203
v 0.082472 0.041809 -0.268632
v 0.070077 0.056860 -0.268819
v 0.069226 0.057141 -0.261032
v 0.075937 0.053819 -0.260029
v 0.078649 0.049725 -0.258470
v 0.054351 0.028123 -0.266566
v 0.066332 0.015092 -0.267741
v 0.060978 0.036406 -0.261269
v 0.055033 0.035888 -0.261681
v 0.071409 0.022180 -0.267145
v 0.068737 0.031683 -0.265121
v 0.054340 0.004882 -0.182408
v 0.053461 0.005217 -0.194139
v 0.054505 0.014491 -0.196032
v 0.058168 0.019752 -0.196525
v 0.063374 -0.008551 -0.273253
v 0.065615 -0.012982 -0.275126
v 0.066047 -0.024531 -0.276974
v 0.065674 -0.025400 -0.272091
v 0.072283 0.003759 -0.267374
v 0.056567 -0.025596 -0.272409
v 0.057236 -0.026100 -0.267587
v 0.066144 -0.030706 -0.266700
v 0.073872 -0.027396 -0.267289
v 0.076518 -0.010612 -0.268382
v 0.057314 -0.033735 -0.265856
v 0.055717 -0.025485 -0.277286
v 0.065049 -0.015720 -0.282111
v 0.055293 -0.016778 -0.280802
v 0.054881 -0.023615 -0.280606
v 0.079570 -0.034748 -0.360337
v 0.079244 -0.045548 -0.356921
v 0.073924 -0.046930 -0.357338
v 0.073901 -0.032780 -0.376852
v 0.081654 -0.032645 -0.376967
v 0.073856 -0.045500 -0.376531
v 0.089297 -0.044540 -0.353102
v 0.084030 -0.044898 -0.356597
v 0.084823 -0.033933 -0.361179
v 0.089912 -0.022318 -0.339249
v 0.090344 -0.042787 -0.341977
v 0.090208 -0.029027 -0.377478
v 0.089943 -0.011573 -0.380132
v 0.056305 -0.008882 -0.272184
v 0.055917 -0.009756 -0.278956
v 0.058481 -0.019759 -0.211800
v 0.058973 -0.009990 -0.219794
v 0.054404 -0.007962 -0.213206
v 0.053188 -0.006078 -0.203741
v 0.053756 -0.015432 -0.201332
v 0.057150 -0.022255 -0.201387
v 0.038738 -0.043506 -0.210758
v 0.044454 -0.038374 -0.210349
v 0.048131 -0.039625 -0.196280
v 0.047477 -0.038742 -0.188907
v 0.044007 -0.046284 -0.181155
v 0.049937 -0.046409 -0.181719
v 0.047640 -0.046533 -0.197998
v 0.038489 -0.046195 -0.181194
v 0.041615 -0.047000 -0.214315
v 0.054300 -0.026428 -0.220217
v 0.058323 -0.032074 -0.205201
v 0.051660 -0.035267 -0.208731
v 0.045854 -0.017937 -0.232773
v 0.052896 -0.014619 -0.229063
v 0.038731 -0.039534 -0.225051
v 0.034357 -0.041820 -0.236860
v 0.041733 -0.033248 -0.236617
v 0.042472 -0.019826 -0.238785
v 0.027672 -0.040851 -0.246928
v 0.014190 -0.038671 -0.250885
v 0.041476 -0.029115 -0.250334
v 0.032299 -0.024312 -0.252388
v -0.001265 -0.013576 -0.254748
v -0.001776 -0.012205 -0.257959
v 0.008107 -0.020696 -0.253426
v 0.000049 -0.019406 -0.254099
v 0.016648 -0.023021 -0.252978
v 0.010476 -0.041425 -0.253065
v 0.009887 -0.037033 -0.252639
v 0.023751 -0.045873 -0.251935
v 0.015126 -0.042752 -0.257135
v 0.023050 -0.034625 -0.251446
v 0.026195 -0.029898 -0.252223
v 0.040361 -0.033690 -0.245087
v 0.047564 -0.026010 -0.272328
v 0.046085 -0.025513 -0.276029
v 0.043037 -0.019450 -0.274767
v 0.040032 -0.028475 -0.267324
v 0.048068 -0.027048 -0.267437
v 0.031736 -0.021989 -0.267001
v 0.030638 -0.029231 -0.266745
v 0.041870 -0.013174 -0.268485
v 0.046105 -0.018019 -0.279205
v 0.043218 -0.006606 -0.265416
v 0.073679 -0.033393 -0.397654
v 0.074328 -0.044095 -0.396315
v 0.073858 -0.042425 -0.411264
v 0.078102 -0.033909 -0.413406
v 0.081333 -0.032718 -0.398735
v 0.085328 -0.053076 -0.422494
v 0.085201 -0.040794 -0.422488
v 0.085265 -0.033137 -0.416273
v 0.075342 -0.056438 -0.411767
v 0.080020 -0.059975 -0.413498
v 0.090092 -0.043683 -0.428080
v 0.090145 -0.016750 -0.402638
v 0.089988 -0.029711 -0.400008
v 0.088444 -0.000271 -0.431013
v 0.090290 0.018560 -0.411434
v 0.090287 -0.044315 -0.443556
v 0.090274 -0.028458 -0.440897
v 0.073999 -0.051732 -0.408288
v 0.086412 -0.061571 -0.414785
v 0.089943 -0.066017 -0.416596
v 0.090281 -0.075031 -0.419431
v 0.090271 -0.074315 -0.434501
v 0.079172 -0.089679 -0.489396
v 0.072977 -0.093083 -0.488351
v 0.071699 -0.088775 -0.490206
v 0.077012 -0.083588 -0.490260
v 0.082659 -0.085031 -0.489465
v 0.071102 -0.083744 -0.490187
v 0.012999 -0.095500 -0.431775
v 0.023886 -0.098257 -0.435212
v 0.028747 -0.098423 -0.422331
v 0.009616 -0.090178 -0.422609
v 0.011697 -0.089311 -0.431011
v -0.002353 -0.094591 -0.417474
v -0.000834 -0.090862 -0.417845
v 0.007950 -0.098450 -0.404039
v -0.016845 -0.098449 -0.398737
v -0.023576 -0.098338 -0.417342
v -0.012207 -0.097328 -0.421343
v 0.010281 -0.068994 -0.423829
v 0.003067 -0.070966 -0.418441
v 0.004513 -0.064446 -0.418566
v 0.007768 -0.060456 -0.430855
v 0.011140 -0.066983 -0.432139
v 0.002406 -0.060563 -0.425154
v -0.001373 -0.060507 -0.434277
v -0.002709 -0.064407 -0.439230
v 0.004868 -0.065943 -0.438957
v 0.063125 -0.098296 -0.466837
v 0.074012 -0.097474 -0.467727
v 0.073755 -0.096327 -0.464167
v 0.047124 -0.098449 -0.461659
v 0.048637 -0.098299 -0.465446
v 0.074415 -0.097936 -0.454935
v 0.063305 -0.098349 -0.454690
v 0.045181 -0.098313 -0.451785
v 0.003557 -0.097914 -0.446458
v 0.004377 -0.098360 -0.455480
v 0.024583 -0.098441 -0.457551
v 0.008980 -0.095068 -0.438349
v 0.001520 -0.093693 -0.441207
v 0.028627 -0.043661 -0.256926
v 0.030390 -0.046609 -0.241944
v 0.038912 -0.037609 -0.263333
v 0.030468 -0.037060 -0.263755
v 0.041032 -0.047099 -0.235162
v 0.047870 -0.047432 -0.240909
v 0.047944 -0.044935 -0.255751
v 0.034717 -0.046697 -0.228060
v 0.067568 -0.063271 -0.253859
v 0.061599 -0.069840 -0.251980
v 0.062197 -0.077746 -0.251051
v 0.064802 -0.076718 -0.272892
v 0.079921 -0.073736 -0.285166
v 0.087697 -0.024413 -0.285915
v 0.087755 -0.025556 -0.281121
v 0.082610 -0.046136 -0.272646
v 0.075495 -0.057898 -0.252012
v 0.072897 -0.059553 -0.252767
v 0.073963 -0.054768 -0.376755
v 0.079549 -0.058224 -0.359965
v 0.075619 -0.060725 -0.376435
v 0.085285 -0.058703 -0.359078
v 0.089867 -0.066512 -0.375283
v 0.087124 -0.062479 -0.375700
v 0.090312 -0.072285 -0.351094
v 0.090322 -0.074765 -0.374913
v 0.090243 -0.074133 -0.298306
v 0.090199 -0.059986 -0.297950
v 0.089428 -0.045650 -0.296208
v 0.086157 -0.044308 -0.058694
v 0.087457 -0.037798 -0.054510
v 0.089390 -0.042305 -0.048826
v 0.076027 -0.059464 -0.062786
v 0.079076 -0.056659 -0.066670
v 0.085841 -0.051509 -0.064694
v 0.090249 -0.043098 -0.034577
v 0.090340 -0.059231 -0.034597
v 0.088182 -0.059071 -0.053472
v 0.076930 -0.065609 -0.062254
v 0.079272 -0.055665 -0.073286
v 0.070437 -0.060124 -0.073113
v 0.070667 -0.059047 -0.082419
v 0.074980 -0.056073 -0.082609
v 0.062963 -0.063613 -0.085803
v 0.090355 -0.043092 -0.017556
v 0.086067 -0.058898 -0.004239
v 0.090372 -0.071390 -0.009481
v 0.090343 -0.071633 -0.034242
v 0.087964 -0.064569 0.015283
v 0.089842 -0.067184 0.015277
v 0.090289 -0.074603 0.015162
v 0.075651 -0.052147 -0.110931
v 0.073279 -0.056233 -0.110777
v 0.073396 -0.056579 -0.124996
v 0.076265 -0.047167 -0.127824
v 0.063812 -0.048181 -0.141391
v 0.058867 -0.047476 -0.140352
v 0.061169 -0.048198 -0.124183
v 0.067003 -0.046180 -0.131348
v 0.074388 -0.056298 -0.140108
v 0.074910 -0.051292 -0.140545
v 0.073522 -0.046183 -0.135838
v 0.075961 -0.046186 -0.132397
v 0.070796 -0.049565 -0.142274
v 0.073869 -0.054347 0.017063
v 0.074133 -0.060739 0.015995
v 0.077264 -0.060314 -0.002165
v 0.076660 -0.047334 -0.006167
v 0.073594 -0.048126 0.002610
v 0.090084 -0.066336 0.052236
v 0.087336 -0.063011 0.050113
v 0.086678 -0.061408 0.057114
v 0.090151 -0.075805 0.074156
v 0.090149 -0.074688 0.056330
v 0.089943 -0.053070 0.062638
v 0.090243 -0.053412 0.070951
v 0.078205 -0.060596 0.056243
v 0.077943 -0.062094 0.048209
v 0.074301 -0.058554 0.047527
v 0.073312 -0.051364 0.048117
v 0.073716 -0.051791 0.057108
v 0.078380 -0.052494 0.059956
v 0.073705 -0.037333 0.035724
v 0.076195 -0.033025 0.036962
v 0.077148 -0.033733 0.052926
v 0.074000 -0.042135 0.057842
v 0.073474 -0.043316 0.049346
v 0.086108 -0.033337 0.054325
v 0.087652 -0.032648 0.038400
v 0.090189 -0.029129 0.038150
v 0.090252 -0.021018 0.055169
v 0.090272 -0.017817 0.065985
v 0.090410 -0.027580 0.068421
v 0.090207 -0.021548 0.037877
v 0.090385 -0.039903 0.071780
v 0.089582 -0.041298 0.062706
v 0.085088 -0.041613 0.060509
v 0.090329 -0.027626 -0.009518
v 0.090287 -0.025048 0.002297
v 0.090051 -0.032365 0.002543
v 0.086961 -0.033427 0.002152
v 0.085316 -0.044244 -0.006122
v 0.090357 -0.028819 -0.020707
v 0.069078 -0.046675 -0.132226
v 0.071907 -0.046860 -0.132493
v 0.072669 -0.045000 -0.130774
v 0.069974 -0.043688 -0.125637
v 0.066830 -0.042805 -0.127174
v 0.073697 -0.040466 0.005846
v 0.075591 -0.034705 0.001280
v 0.066710 -0.035955 -0.124145
v 0.066256 -0.031998 -0.117465
v 0.067375 -0.027199 -0.121446
v 0.074476 -0.029688 -0.123302
v 0.073932 -0.035448 -0.128269
v 0.066670 -0.040429 -0.130660
v 0.066383 -0.015586 -0.113931
v 0.072864 -0.017429 -0.117277
v 0.076436 -0.017292 -0.113280
v 0.075833 -0.023452 -0.109826
v 0.072058 -0.009707 -0.072811
v 0.071741 -0.009875 -0.066297
v 0.069798 -0.020425 -0.066631
v 0.067357 -0.029726 -0.066029
v 0.068213 -0.030855 -0.071454
v 0.072318 -0.009380 -0.078374
v 0.069138 -0.031959 -0.076936
v 0.069833 -0.024568 -0.078585
v 0.073671 -0.015777 -0.089136
v 0.072879 -0.016519 -0.082987
v 0.062912 -0.018573 -0.080752
v 0.059568 -0.015418 -0.081397
v 0.060503 -0.016604 -0.087104
v 0.061574 -0.018723 -0.095271
v 0.062489 -0.024385 -0.093358
v 0.070921 -0.026533 -0.084063
v 0.053538 -0.014589 -0.191024
v 0.057039 -0.024487 -0.192415
v 0.060835 -0.026605 -0.202206
v 0.056132 -0.016983 -0.183974
v 0.062471 -0.031203 -0.091661
v 0.061467 -0.029637 -0.084757
v 0.060631 -0.028805 -0.079135
v 0.073067 -0.022634 -0.093885
v 0.074379 -0.016295 -0.097342
v 0.071989 -0.027855 -0.091955
v 0.064986 -0.028617 -0.110535
v 0.063697 -0.026359 -0.101667
v 0.062931 -0.020212 -0.104217
v 0.064011 -0.014606 -0.105070
v 0.057766 -0.009236 -0.069177
v 0.059217 -0.013121 -0.068705
v 0.057283 -0.004017 -0.063800
v 0.058279 -0.003925 -0.069597
v 0.051448 -0.012377 -0.066114
v 0.052593 -0.004604 -0.064616
v 0.054890 -0.017719 -0.061898
v 0.047115 -0.019203 -0.067775
v 0.059395 -0.018235 -0.062313
v -0.013058 -0.011910 0.480142
v -0.009125 -0.016124 0.480513
v -0.007120 -0.011292 0.487802
v -0.005478 -0.005978 0.489438
v -0.010705 -0.005463 0.487557
v -0.015259 -0.006540 0.480363
v 0.014061 -0.017368 0.467492
v 0.017301 -0.011853 0.467297
v 0.012978 -0.010860 0.480953
v 0.008589 -0.011373 0.486717
v 0.007155 -0.016699 0.481517
v 0.008578 -0.021052 0.467436
v 0.060438 -0.017841 -0.068454
v 0.058883 -0.028370 -0.067786
v 0.062169 -0.030247 -0.066885
v 0.061772 -0.030337 -0.061575
v 0.058707 -0.023248 -0.062520
v 0.059674 -0.023011 -0.068166
v 0.062297 -0.038847 -0.061507
v 0.056987 -0.038674 -0.062122
v 0.052374 -0.029678 -0.062013
v 0.053657 -0.022630 -0.061896
v 0.050666 -0.038823 -0.063341
v 0.069213 -0.020585 -0.061065
v 0.073968 -0.023076 -0.058953
v 0.072946 -0.031971 -0.059336
v 0.067364 -0.038706 -0.061147
v 0.073370 -0.039800 -0.061323
v 0.046571 -0.029498 -0.064678
v 0.045585 -0.029427 -0.069591
v -0.002159 -0.077148 0.116449
v -0.001647 -0.077046 0.112107
v 0.008799 -0.077043 0.112626
v 0.013021 -0.082570 0.114730
v 0.020490 -0.083783 0.120240
v 0.013774 -0.072585 0.119508
v -0.003499 -0.072203 0.119293
v 0.050807 -0.044529 -0.068534
v 0.063195 -0.071600 -0.074691
v 0.062259 -0.073413 -0.092100
v 0.058678 -0.064031 0.119906
v 0.061745 -0.047350 0.119984
v 0.048749 -0.042999 0.119958
v 0.035579 -0.034585 0.120124
v 0.023098 -0.043253 0.120043
v 0.037685 -0.073182 0.119862
v 0.057732 -0.074322 0.119880
v 0.010658 -0.049724 0.120007
v 0.014652 -0.063494 0.119811
v 0.051480 -0.046280 -0.073662
v 0.044948 -0.046527 -0.077263
v 0.026307 -0.097062 0.116165
v 0.024680 -0.093326 0.119516
v 0.014975 -0.093194 0.116691
v 0.017030 -0.097370 0.110820
v 0.026390 -0.098035 0.111112
v 0.013400 -0.092461 0.110081
v 0.076640 -0.091937 0.118216
v 0.080439 -0.088906 0.118475
v 0.077042 -0.086499 0.120903
v 0.068720 -0.085198 0.120370
v 0.068788 -0.089766 0.119954
v 0.069652 -0.093674 0.118528
v 0.013601 -0.098337 0.091818
v 0.012706 -0.093278 0.090211
v 0.004437 -0.093268 0.086522
v 0.026448 -0.098390 0.083138
v 0.025734 -0.098355 0.093065
v 0.006856 -0.098469 0.068530
v 0.027399 -0.098419 0.066840
v 0.012459 -0.082569 0.088419
v 0.012703 -0.081155 0.094803
v 0.009311 -0.077092 0.094618
v 0.000936 -0.077716 0.088786
v 0.001739 -0.082577 0.087051
v 0.000299 -0.077163 0.094337
v 0.056092 -0.067135 -0.102796
v 0.055118 -0.067399 -0.106081
v 0.057527 -0.066255 -0.111203
v 0.056232 -0.066236 -0.097500
v 0.060744 -0.064918 -0.122062
v 0.065851 -0.062731 -0.123322
v 0.065594 -0.062688 -0.108698
v 0.066639 -0.061779 -0.094571
v 0.052497 -0.046600 -0.079101
v 0.037168 -0.045947 -0.082556
v 0.042527 -0.038854 -0.080004
v 0.045563 -0.028239 -0.077634
v 0.070417 -0.049430 -0.158716
v 0.065991 -0.048900 -0.159184
v 0.061740 -0.048315 -0.158909
v 0.073052 -0.040513 -0.133294
v 0.053970 -0.026897 -0.173326
v 0.045678 -0.036490 -0.179154
v 0.055290 -0.035340 -0.195059
v 0.058257 -0.030091 -0.193296
v 0.059214 -0.021410 -0.182933
v -0.037116 -0.044525 -0.072726
v -0.040488 -0.041109 -0.067919
v -0.041276 -0.039544 -0.072084
v -0.042011 -0.038493 -0.077144
v -0.038339 -0.042995 -0.078418
v -0.036854 -0.046356 -0.078678
v -0.071774 -0.058377 -0.079322
v -0.071189 -0.058775 -0.087875
v -0.064508 -0.061981 -0.088438
v -0.056165 -0.066028 -0.089954
v -0.062263 -0.062972 -0.079587
v -0.072178 -0.058212 -0.074316
v -0.052347 -0.066684 -0.106318
v -0.064908 -0.061902 -0.101247
v -0.054733 -0.066330 -0.089796
v -0.052383 -0.066824 -0.089538
v -0.057013 -0.067163 -0.091329
v -0.061365 -0.070902 -0.090264
v -0.062156 -0.070795 -0.078001
v -0.068313 -0.049597 -0.144297
v -0.071645 -0.042571 -0.138095
v -0.059306 -0.047868 -0.140587
v -0.054756 -0.047374 -0.126635
v -0.053503 -0.047337 -0.141127
v -0.060802 -0.048189 -0.115973
v -0.054573 -0.047216 -0.114598
v -0.069891 -0.044276 -0.126446
v -0.067763 -0.048085 -0.126326
v -0.066001 -0.048804 -0.116829
v -0.071103 -0.049143 -0.118170
v -0.073681 -0.043721 -0.125055
v -0.075517 -0.050030 -0.120133
v -0.075997 -0.039829 -0.126551
v -0.075377 -0.042417 -0.131691
v -0.074256 -0.045796 -0.136530
v -0.073621 -0.066360 -0.064909
v -0.085730 -0.064293 -0.056225
v -0.080223 -0.050783 -0.069599
v -0.077087 -0.053568 -0.073879
v -0.084395 -0.046177 -0.061841
v -0.055619 -0.067026 -0.170938
v -0.054356 -0.066290 -0.173754
v -0.060545 -0.066803 -0.181143
v -0.062168 -0.075198 -0.182420
v -0.062248 -0.075766 -0.157328
v -0.062327 -0.070217 -0.156733
v -0.011446 -0.082561 0.087023
v -0.011921 -0.077433 0.094320
v -0.012012 -0.083113 0.094600
v -0.011888 -0.092885 0.086673
v -0.012408 -0.094696 0.094573
v -0.018518 -0.098296 0.093670
v -0.013539 -0.098512 0.084108
v -0.019293 -0.098174 0.110182
v -0.012606 -0.094780 0.110291
v -0.015508 -0.094570 0.118247
v -0.034439 -0.097637 0.116214
v -0.034643 -0.097410 0.110884
v -0.030370 -0.094957 0.119179
v -0.021217 -0.070657 0.119845
v -0.012145 -0.077260 0.112432
v -0.024756 -0.084430 0.119831
v -0.012268 -0.083735 0.114571
v -0.023562 -0.060917 0.119922
v -0.018609 -0.046546 0.120187
v -0.031397 -0.035445 0.120216
v -0.068897 -0.046349 0.120180
v -0.065092 -0.064144 0.120307
v -0.046699 -0.067669 0.120161
v -0.041336 -0.045973 -0.071872
v -0.047713 -0.045985 -0.072126
v -0.047019 -0.042309 -0.066447
v -0.054305 -0.042500 -0.065666
v -0.054611 -0.036412 -0.062692
v -0.044283 -0.034182 -0.069346
v -0.067065 -0.029315 -0.066640
v -0.062334 -0.029980 -0.065332
v -0.061052 -0.034855 -0.061808
v -0.069252 -0.026588 -0.060274
v -0.074134 -0.038650 -0.060994
v -0.076243 -0.031102 -0.059253
v -0.079371 -0.033091 0.024018
v -0.078565 -0.033417 0.009916
v -0.073688 -0.036388 0.010035
v -0.072385 -0.040687 0.025350
v -0.073399 -0.037124 0.041624
v -0.076775 -0.033582 0.041496
v -0.082478 -0.032614 0.042471
v -0.050310 -0.019800 -0.065084
v -0.047622 -0.019724 -0.072489
v -0.045554 -0.025854 -0.073421
v -0.058144 -0.025294 -0.065043
v -0.058534 -0.021149 -0.065407
v -0.044550 -0.033175 -0.075263
v -0.066580 -0.018424 -0.074760
v -0.061366 -0.019443 -0.073650
v -0.060138 -0.021328 -0.071552
v -0.068724 -0.025107 -0.077162
v -0.059699 -0.026386 -0.076312
v -0.060524 -0.026300 -0.084105
v -0.058982 -0.026016 -0.071078
v -0.061368 -0.020357 -0.094545
v -0.061322 -0.010808 -0.096094
v -0.060372 -0.009688 -0.089301
v -0.061402 -0.028286 -0.093081
v -0.059747 -0.008530 -0.083681
v -0.064224 -0.017581 -0.081583
v -0.066943 -0.019999 -0.084571
v -0.069328 -0.019027 -0.066469
v -0.068314 -0.029867 -0.072854
v -0.068332 -0.022597 -0.083337
v -0.069488 -0.026333 -0.081120
v -0.067108 -0.035340 -0.126480
v -0.065851 -0.038558 -0.123338
v -0.065302 -0.042609 -0.121184
v -0.070249 -0.033864 -0.128560
v -0.073040 -0.038776 -0.133940
v -0.070001 -0.041871 -0.119764
v -0.074444 -0.035619 -0.128408
v -0.063309 -0.020429 -0.108355
v -0.062340 -0.021085 -0.102134
v -0.062509 -0.029253 -0.101477
v -0.064911 -0.035146 -0.117098
v -0.066673 -0.031820 -0.121516
v -0.065033 -0.025897 -0.116555
v -0.065473 -0.019327 -0.114119
v -0.063762 -0.039670 -0.106448
v -0.064824 -0.041259 -0.113601
v -0.062771 -0.037925 -0.099261
v -0.058891 -0.031351 -0.070440
v -0.063676 -0.031059 -0.071174
v -0.072965 -0.043404 0.000518
v -0.072367 -0.042822 0.011641
v -0.079301 -0.035590 -0.001593
v -0.078318 -0.042916 -0.005263
v -0.069063 -0.016780 -0.079657
v -0.071171 -0.010278 -0.084767
v -0.071701 -0.008875 -0.091924
v -0.071551 -0.016759 -0.092459
v -0.071440 -0.011594 -0.077776
v -0.070116 -0.022931 -0.086397
v -0.071656 -0.023004 -0.092453
v -0.075197 -0.052956 -0.147156
v -0.071929 -0.057532 -0.148944
v -0.072761 -0.056656 -0.135098
v -0.074032 -0.055469 -0.121758
v -0.072453 -0.050796 -0.146136
v -0.085063 -0.060235 -0.003489
v -0.087009 -0.050941 -0.006120
v -0.089706 -0.051660 -0.018161
v -0.089351 -0.066191 0.014220
v -0.085749 -0.063905 0.013291
v -0.089482 -0.072481 -0.011091
v -0.089519 -0.073650 0.014184
v -0.089311 -0.037245 -0.049643
v -0.087485 -0.036356 -0.054873
v -0.074405 -0.021560 -0.110035
v -0.073656 -0.020074 -0.114195
v -0.074502 -0.026088 -0.117591
v -0.073877 -0.029850 -0.105635
v -0.073805 -0.022566 -0.104927
v -0.074735 -0.037510 -0.112105
v -0.073317 -0.035931 -0.105429
v -0.075937 -0.035821 -0.120305
v -0.074591 -0.040716 -0.119229
v -0.074724 -0.031882 -0.122760
v -0.074991 -0.007465 -0.115013
v -0.074815 -0.006280 -0.111183
v -0.073747 -0.006778 -0.104482
v -0.073940 0.001002 -0.105259
v -0.074036 0.009200 -0.104656
v -0.074909 0.008843 -0.112373
v -0.072730 0.008318 -0.119272
v -0.071191 -0.012731 -0.117858
v -0.074796 -0.013019 -0.114498
v -0.066666 -0.001684 -0.116454
v -0.065718 -0.011475 -0.114374
v -0.088438 -0.006772 -0.053160
v -0.089471 -0.005287 -0.047168
v -0.088293 0.002006 -0.043924
v -0.084853 -0.002364 -0.056597
v -0.083917 -0.007740 -0.057300
v -0.083758 -0.041342 -0.005814
v -0.084253 -0.034503 -0.001437
v -0.089321 -0.034070 -0.001498
v -0.082157 -0.051616 -0.005801
v -0.089763 -0.021718 -0.016116
v -0.089753 -0.023078 -0.029667
v -0.089744 -0.038526 -0.023997
v -0.089756 -0.019066 -0.005192
v -0.089526 -0.030325 0.081484
v -0.089719 -0.048694 0.090482
v -0.089684 -0.049403 0.101743
v -0.084314 -0.022497 0.084272
v -0.087238 -0.021606 0.083141
v -0.084053 -0.035956 0.057754
v -0.088698 -0.047861 0.063608
v -0.089736 -0.048872 0.074733
v -0.086907 -0.031214 0.043295
v -0.089751 -0.024952 0.063490
v -0.089553 -0.025190 0.044185
v -0.072658 -0.049121 0.054209
v -0.076897 -0.048354 0.059528
v -0.074604 -0.037631 0.055693
v -0.072414 -0.044132 0.041875
v -0.072256 -0.051470 0.043775
v -0.073640 -0.058762 0.046101
v -0.078960 -0.062467 0.048242
v -0.078131 -0.058341 0.056985
v -0.089260 -0.064955 0.051515
v -0.089686 -0.072618 0.054742
v -0.089719 -0.072743 0.071264
v -0.083510 -0.059303 0.058062
v -0.084491 -0.063287 0.049855
v -0.082564 -0.047952 0.060637
v -0.082100 -0.088120 0.118869
v -0.086312 -0.089885 0.114203
v -0.082141 -0.094799 0.113975
v -0.075236 -0.097630 0.114209
v -0.074897 -0.093639 0.119363
v -0.074766 -0.088087 0.120442
v -0.075313 -0.060120 -0.000240
v -0.074695 -0.062136 0.013940
v -0.072550 -0.056203 0.014331
v -0.072680 -0.050683 0.002135
v -0.076691 -0.051315 -0.004639
v -0.072474 -0.049489 0.013054
v -0.089713 -0.068695 -0.361433
v -0.089649 -0.070411 -0.338656
v -0.089427 -0.060057 -0.336262
v -0.089012 -0.044366 -0.332483
v -0.089701 -0.043548 -0.350522
v -0.085407 -0.047812 -0.356555
v -0.083337 -0.059958 -0.360670
v -0.086536 -0.061544 -0.383074
v -0.089708 -0.067093 -0.384587
v -0.082451 -0.061222 -0.381866
v -0.073233 -0.057659 -0.362534
v -0.076018 -0.048334 -0.356415
v -0.072608 -0.046945 -0.362171
v -0.072468 -0.051938 -0.378466
v -0.072391 -0.057847 -0.379906
v -0.078298 -0.052380 -0.219986
v -0.074662 -0.057353 -0.219809
v -0.074888 -0.057001 -0.209556
v -0.075722 -0.052405 -0.200796
v -0.071857 -0.049907 -0.202155
v -0.074020 -0.049456 -0.210494
v -0.076302 -0.049401 -0.220987
v -0.074408 -0.056840 -0.200752
v -0.084143 -0.040782 -0.279307
v -0.072024 -0.059322 -0.273900
v -0.066089 -0.062347 -0.265623
v -0.078126 -0.053230 -0.265956
v -0.084487 -0.039359 -0.276423
v -0.055574 -0.065736 -0.171313
v -0.055185 -0.066287 -0.165820
v -0.061688 -0.063694 -0.168715
v -0.067040 -0.061694 -0.171124
v -0.066866 -0.061667 -0.185488
v -0.050881 -0.066945 -0.152008
v -0.057706 -0.064939 -0.151958
v -0.057511 -0.064969 -0.158811
v -0.057465 -0.067990 -0.154592
v -0.058428 -0.067823 -0.128127
v -0.052170 -0.066722 -0.126537
v -0.051143 -0.066658 -0.164670
v -0.055131 -0.066725 -0.165811
v -0.061393 -0.068649 -0.207009
v -0.061770 -0.064487 -0.212774
v -0.057848 -0.066848 -0.225366
v -0.031063 -0.043168 -0.214624
v -0.026542 -0.043572 -0.221244
v -0.032244 -0.046563 -0.212001
v -0.046395 -0.047275 -0.209063
v -0.048120 -0.047216 -0.196256
v -0.041279 -0.046792 -0.198675
v -0.038796 -0.046896 -0.221636
v -0.048960 -0.047460 -0.217981
v -0.063273 -0.064265 -0.199057
v -0.061125 -0.068919 -0.260830
v -0.054387 -0.066360 -0.242876
v -0.072662 -0.047906 -0.419055
v -0.075755 -0.045987 -0.422459
v -0.076451 -0.055252 -0.421454
v -0.073116 -0.056394 -0.411145
v -0.072764 -0.048687 -0.409592
v -0.076493 -0.060449 -0.413833
v -0.004574 -0.065483 -0.419987
v -0.009625 -0.066778 -0.427679
v -0.006550 -0.061744 -0.429162
v -0.035752 -0.098283 -0.455294
v -0.036719 -0.098271 -0.466159
v -0.017727 -0.098085 -0.465022
v -0.020134 -0.098183 -0.434105
v -0.033191 -0.098191 -0.437145
v -0.009178 -0.098064 -0.442511
v -0.011977 -0.095489 -0.431328
v 0.006003 -0.097815 -0.464974
v -0.008765 -0.069224 -0.435472
v -0.002119 -0.071302 -0.439983
v -0.073349 -0.096899 -0.472074
v -0.057356 -0.097952 -0.473516
v -0.056674 -0.097978 -0.466376
v -0.055501 -0.097892 -0.455998
v -0.070527 -0.097167 -0.454959
v -0.079117 -0.095733 -0.454078
v -0.080998 -0.094271 -0.464225
v -0.081535 -0.094154 -0.470338
v -0.083453 -0.084275 -0.488996
v -0.085434 -0.088134 -0.485731
v -0.088442 -0.083614 -0.484344
v -0.089265 -0.075763 -0.483640
v -0.086989 -0.076646 -0.487907
v -0.082046 -0.077252 -0.490100
v -0.088185 -0.058873 -0.465168
v -0.089372 -0.062243 -0.471590
v -0.089520 -0.073148 -0.472465
v -0.089599 -0.073342 -0.460856
v -0.089672 -0.061765 -0.458911
v -0.089333 -0.082213 -0.467226
v -0.089158 -0.083157 -0.462565
v -0.089489 -0.082932 -0.474100
v -0.089668 -0.051300 -0.432311
v -0.089773 -0.049705 -0.444175
v -0.089776 -0.062733 -0.446582
v -0.089115 -0.059280 -0.423257
v -0.088934 -0.051803 -0.426933
v -0.089807 -0.070255 -0.409020
v -0.089614 -0.065208 -0.407923
v -0.075071 -0.038196 -0.419710
v -0.073260 -0.041743 -0.408651
v -0.074633 -0.036563 -0.408451
v -0.084845 -0.037069 -0.357852
v -0.089218 -0.026513 -0.347964
v -0.089584 -0.024489 -0.366492
v -0.087415 -0.031436 -0.369347
v -0.087447 -0.022083 -0.289383
v -0.088466 -0.023016 -0.305391
v -0.088925 -0.043810 -0.308746
v -0.087336 -0.021280 -0.283870
v -0.077327 -0.038273 -0.358444
v -0.077271 -0.033860 -0.372286
v -0.074199 -0.038908 -0.374845
v -0.073493 -0.045273 -0.376564
v -0.089695 -0.023670 -0.410619
v -0.089727 -0.014632 -0.412016
v -0.089588 -0.012257 -0.427890
v -0.088254 -0.032933 -0.420880
v -0.089207 -0.029363 -0.410119
v -0.089657 -0.040067 -0.432011
v -0.088769 -0.041632 -0.426872
v -0.088975 -0.020182 -0.464185
v -0.089003 -0.023567 -0.472072
v -0.089061 -0.043371 -0.470759
v -0.088229 -0.024581 -0.452560
v -0.089085 -0.016232 -0.456180
v -0.089088 -0.028438 -0.456262
v -0.084369 -0.028055 -0.453578
v -0.089687 -0.044123 -0.454966
v -0.088685 -0.029086 -0.456039
v -0.089147 0.014389 -0.484837
v -0.088917 0.027094 -0.485390
v -0.065075 -0.018061 -0.280772
v -0.055793 -0.019606 -0.279760
v -0.065719 -0.016558 -0.275284
v -0.055082 -0.005463 -0.268145
v -0.061004 -0.006613 -0.269848
v -0.044471 -0.014829 -0.272795
v -0.045119 -0.010394 -0.270113
v -0.035882 -0.024739 -0.267596
v -0.034744 -0.017482 -0.267669
v -0.055555 -0.025160 -0.279826
v -0.047205 -0.030096 -0.267097
v -0.037382 -0.032795 -0.266103
v -0.056302 -0.025424 -0.273985
v -0.057147 -0.025196 -0.267946
v -0.018696 -0.045980 -0.238777
v -0.028679 -0.043850 -0.241968
v -0.024613 -0.041840 -0.247011
v -0.023949 -0.046425 -0.247876
v -0.035116 -0.046859 -0.244231
v -0.031234 -0.046646 -0.235847
v -0.018180 -0.037196 -0.250680
v -0.012552 -0.041483 -0.248452
v -0.012853 -0.044608 -0.253320
v -0.003082 -0.011960 -0.263205
v -0.005026 -0.016852 -0.265503
v 0.002958 -0.017975 -0.265309
v 0.011915 -0.017517 -0.265812
v -0.008633 -0.007062 -0.257762
v -0.018642 -0.011496 -0.254524
v -0.022544 0.002002 -0.252717
v -0.013493 0.003018 -0.254903
v -0.008278 -0.019276 -0.254053
v -0.016424 -0.021432 -0.253548
v -0.031772 -0.043075 -0.223160
v -0.040227 -0.041438 -0.203334
v -0.037578 -0.040059 -0.221090
v -0.053113 -0.014381 -0.190971
v -0.056365 -0.020114 -0.185946
v -0.058631 -0.012241 -0.174653
v -0.054375 0.001782 -0.178817
v -0.051425 -0.000525 -0.191633
v -0.059890 0.004052 -0.171207
v -0.065389 -0.025026 -0.274092
v -0.066945 -0.013384 -0.267449
v -0.073494 -0.014646 -0.267547
v -0.072652 -0.029144 -0.267123
v -0.064967 -0.039797 -0.261266
v -0.057381 -0.039317 -0.261694
v -0.070240 -0.041113 -0.260981
v -0.053686 -0.015105 -0.203917
v -0.055905 -0.016944 -0.211631
v -0.057226 -0.023528 -0.200217
v -0.056512 -0.023226 -0.220305
v -0.056621 -0.005411 -0.228360
v -0.053373 -0.004899 -0.231462
v -0.046689 -0.031178 -0.221502
v -0.049181 -0.037702 -0.204390
v -0.054128 -0.035216 -0.204683
v -0.057483 -0.032725 -0.204573
v -0.069914 0.003202 -0.267427
v -0.074829 0.002003 -0.267872
v -0.051896 -0.014552 -0.162878
v -0.052133 -0.006262 -0.160329
v -0.057882 -0.009995 -0.167170
v -0.058795 -0.028309 -0.181286
v -0.050572 -0.020353 -0.164651
v -0.054879 0.016569 -0.198044
v -0.052976 0.010237 -0.193176
v -0.057207 0.014080 -0.182195
v -0.058282 0.022029 -0.196322
v -0.056396 0.015124 -0.209873
v -0.058427 0.019972 -0.212503
v -0.059000 0.015169 -0.221565
v -0.057201 0.005928 -0.217986
v -0.052986 0.007251 -0.208203
v -0.058460 0.006928 -0.223405
v -0.053092 0.025705 -0.217798
v -0.055917 0.030705 -0.197080
v -0.051217 0.033941 -0.197417
v -0.044909 0.037216 -0.198941
v -0.038901 0.036456 -0.219736
v -0.037018 0.037551 -0.230092
v -0.041260 0.031200 -0.231887
v -0.047319 0.020264 -0.228104
v -0.052117 0.018339 -0.225336
v -0.042777 0.023415 -0.234206
v -0.055848 0.006199 -0.165775
v -0.051059 0.007829 -0.157683
v -0.045463 0.022017 -0.159672
v -0.058642 0.026970 -0.196952
v -0.059536 0.018919 -0.176897
v -0.045006 0.029933 -0.161292
v -0.047703 0.029831 -0.175687
v -0.041192 0.015425 -0.244141
v -0.036255 0.015863 -0.250131
v -0.031816 0.003591 -0.251720
v -0.042640 0.001348 -0.240198
v -0.042868 0.013283 -0.237482
v -0.036758 -0.012849 -0.250681
v -0.041538 -0.015485 -0.245005
v -0.027625 -0.013225 -0.253445
v -0.054768 0.001729 -0.266736
v -0.054575 0.005737 -0.268832
v -0.065422 0.005845 -0.271423
v -0.065531 0.021711 -0.271725
v -0.070552 0.019384 -0.267389
v -0.053679 0.022586 -0.269450
v -0.054082 0.026850 -0.267008
v -0.063228 0.031471 -0.265105
v -0.068865 0.030912 -0.265424
v -0.054082 0.033349 -0.264041
v -0.011218 0.008573 -0.265754
v -0.021159 0.006774 -0.266100
v -0.020549 0.001034 -0.263971
v -0.021124 -0.005226 -0.264454
v -0.008841 0.000141 -0.257963
v -0.001964 0.010498 -0.265806
v -0.013273 -0.014238 -0.265959
v -0.022613 -0.012368 -0.266473
v -0.054663 0.006920 -0.273788
v -0.043802 0.005829 -0.267366
v -0.032705 0.006114 -0.266105
v -0.033009 0.012025 -0.267339
v -0.033343 0.020042 -0.267490
v -0.054254 0.007329 -0.279625
v -0.033891 0.025851 -0.266933
v -0.042237 0.025154 -0.267580
v -0.054148 0.022045 -0.274192
v -0.053921 0.021531 -0.279516
v -0.066174 0.020696 -0.275914
v -0.064849 0.005685 -0.275820
v -0.086168 -0.006173 -0.487583
v -0.089384 -0.008465 -0.483619
v -0.085820 0.002553 -0.483577
v -0.084525 0.005928 -0.486705
v -0.089012 0.008640 -0.484502
v -0.082500 0.004700 -0.480343
v -0.086745 0.000287 -0.479498
v -0.084747 0.000722 -0.474953
v -0.087835 0.001085 -0.475699
v -0.089729 0.004696 -0.476931
v -0.089511 0.017527 -0.434917
v -0.089594 0.017718 -0.449266
v -0.089702 0.008269 -0.448160
v -0.089300 0.002497 -0.447320
v -0.087929 0.000013 -0.412942
v -0.089472 0.017593 -0.412907
v -0.084612 0.000802 -0.447310
v -0.083863 0.000591 -0.435195
v -0.089737 0.010993 -0.477986
v -0.089723 0.017264 -0.461720
v -0.089506 0.032824 -0.450793
v -0.089724 0.052845 -0.452255
v -0.089460 0.051573 -0.461882
v -0.087725 0.051103 -0.464871
v -0.089749 0.023022 -0.471629
v -0.089740 0.013711 -0.471497
v -0.089730 0.034308 -0.471881
v -0.089506 0.050824 -0.471485
v -0.085712 0.087027 -0.461303
v -0.081657 0.091659 -0.462185
v -0.081636 0.090212 -0.466078
v -0.083288 0.089833 -0.471080
v -0.088650 0.080569 -0.467610
v -0.088422 0.079728 -0.461872
v -0.066580 0.094549 -0.469614
v -0.075798 0.094120 -0.471554
v -0.055105 0.092762 -0.455365
v -0.053778 0.094684 -0.464836
v -0.073176 0.094386 -0.456120
v -0.080604 0.092369 -0.453730
v -0.068063 0.086185 -0.490278
v -0.067982 0.081324 -0.489885
v -0.074668 0.080872 -0.490071
v -0.075852 0.087919 -0.489672
v -0.068480 0.091497 -0.489156
v -0.080052 0.083349 -0.489852
v -0.038221 0.094982 -0.461763
v -0.027776 0.094983 -0.448983
v -0.023186 0.094858 -0.457995
v -0.037766 0.094863 -0.438556
v -0.030160 0.095007 -0.437820
v -0.004428 0.056953 -0.426326
v -0.008477 0.059231 -0.422078
v -0.003061 0.059725 -0.418583
v -0.007433 0.058702 -0.432429
v -0.009169 0.063129 -0.434243
v -0.010522 0.063349 -0.427663
v -0.008049 0.063695 -0.422257
v -0.036809 0.094976 -0.365095
v -0.037073 0.095023 -0.378471
v -0.043046 0.089918 -0.397046
v -0.048987 0.092313 -0.395247
v -0.047378 0.093156 -0.344204
v -0.037487 0.095008 -0.344125
v -0.055713 0.094927 -0.394680
v -0.057246 0.094886 -0.367891
v -0.058407 0.094950 -0.342893
v -0.037495 0.095104 -0.398595
v -0.047237 0.093310 -0.306240
v -0.038945 0.094929 -0.307536
v -0.038248 0.095002 -0.324803
v -0.057817 0.094906 -0.322130
v -0.056042 0.095056 -0.304587
v -0.063122 0.095013 -0.441472
v -0.055195 0.095048 -0.441412
v -0.071493 0.094824 -0.440060
v -0.050992 0.094679 -0.283304
v -0.047016 0.093804 -0.265167
v -0.044541 0.092659 -0.265218
v -0.039662 0.094927 -0.265234
v -0.038837 0.094946 -0.284327
v -0.062478 0.067116 -0.219215
v -0.062445 0.068532 -0.235177
v -0.060577 0.064416 -0.241303
v -0.058473 0.064064 -0.211744
v -0.062444 0.065792 -0.198113
v -0.058491 0.064023 -0.242980
v -0.055842 0.062759 -0.232019
v -0.055947 0.062358 -0.231969
v -0.046534 0.042973 -0.223862
v -0.042541 0.043513 -0.235761
v -0.030712 0.042370 -0.231826
v -0.052072 0.063134 -0.246539
v -0.059213 0.060587 -0.247217
v -0.042348 0.043324 -0.250746
v -0.043399 0.040465 -0.257649
v -0.033808 0.041312 -0.256615
v -0.033043 0.042350 -0.243497
v -0.040405 0.043315 -0.242940
v -0.023053 0.042046 -0.250611
v -0.022851 0.036054 -0.250099
v -0.030480 0.037456 -0.248443
v -0.034082 0.038726 -0.244747
v -0.024572 0.040987 -0.256346
v 0.005690 0.093049 -0.191225
v 0.018255 0.093396 -0.191336
v 0.019727 0.094460 -0.207061
v -0.042112 0.093212 -0.205792
v -0.045809 0.092069 -0.207151
v -0.045335 0.091866 -0.192234
v -0.049483 0.093782 -0.192451
v -0.049007 0.093769 -0.179304
v -0.057762 0.063753 -0.260091
v -0.064816 0.058490 -0.272462
v -0.055070 0.062932 -0.270995
v -0.054998 0.063206 -0.264289
v -0.060323 0.059627 -0.265725
v -0.055149 0.061470 -0.264367
v -0.065636 0.057951 -0.266382
v -0.062443 0.069909 -0.256686
v -0.067277 0.069142 -0.276274
v -0.076424 0.053741 -0.280229
v -0.076403 0.053142 -0.275317
v -0.069971 0.056731 -0.274147
v -0.065846 0.058244 -0.219856
v -0.064878 0.058453 -0.206451
v -0.061889 0.059628 -0.234335
v -0.067577 0.057481 -0.232792
v -0.063874 0.058756 -0.246693
v -0.064392 0.058171 -0.187182
v -0.060950 0.062177 -0.191302
v -0.062451 0.069510 -0.174725
v -0.062440 0.071559 -0.195195
v -0.060594 0.059788 -0.171617
v -0.081724 0.043482 -0.281613
v -0.078687 0.049405 -0.265951
v -0.075515 0.053774 -0.266917
v -0.082690 0.037956 -0.269616
v -0.078340 0.045111 -0.263919
v -0.080794 0.068433 -0.286219
v -0.085654 0.056433 -0.290199
v -0.088004 0.042584 -0.291901
v -0.083078 0.043466 -0.286224
v -0.058715 0.062234 -0.082136
v -0.063912 0.059468 -0.081854
v -0.063072 0.059476 -0.075868
v -0.057674 0.063587 -0.081828
v -0.054653 0.063035 -0.082628
v -0.059685 0.064328 -0.073787
v -0.060509 0.064105 -0.081077
v -0.059802 0.092214 -0.055135
v -0.063109 0.094754 -0.057724
v -0.069683 0.094717 -0.050665
v -0.073181 0.094341 -0.043417
v -0.058277 0.092755 -0.054704
v -0.069968 0.056435 -0.064317
v -0.071930 0.061623 -0.065592
v -0.069656 0.056434 -0.068708
v -0.062514 0.066405 -0.082220
v -0.064302 0.071780 -0.073091
v -0.062611 0.072132 -0.083353
v -0.071680 0.069839 -0.066015
v -0.068744 0.093338 -0.029796
v -0.066042 0.091025 -0.028803
v -0.061917 0.094311 -0.040254
v -0.073312 0.093927 -0.030162
v -0.053924 0.094843 -0.051477
v -0.089568 0.054442 -0.048989
v -0.089298 0.067228 -0.049785
v -0.081987 0.067088 -0.059017
v -0.079136 0.053133 -0.062634
v -0.088850 0.041184 -0.052430
v -0.089742 0.039770 -0.045487
v -0.076726 0.052066 -0.067987
v -0.081723 0.050819 -0.068569
v -0.084047 0.039714 -0.060821
v -0.075413 0.051895 -0.073614
v -0.074432 0.052728 -0.080727
v -0.077434 0.049133 -0.080516
v -0.074359 0.045928 -0.072186
v -0.075377 0.041155 -0.066171
v -0.079971 0.043341 -0.067271
v -0.074161 0.047263 -0.079932
v -0.080747 0.036467 -0.060875
v -0.069006 0.047156 -0.125836
v -0.069302 0.043989 -0.124325
v -0.065263 0.041798 -0.123492
v -0.058899 0.044965 -0.141074
v -0.057779 0.045589 -0.121979
v -0.065856 0.035927 -0.124786
v -0.066352 0.039085 -0.131030
v -0.065456 0.041095 -0.140000
v -0.055210 0.064621 -0.153499
v -0.050089 0.063909 -0.150777
v -0.053415 0.062282 -0.155376
v -0.056193 0.060813 -0.163403
v -0.064064 0.058322 -0.158860
v -0.069443 0.057694 -0.131857
v -0.065610 0.061880 -0.133412
v -0.061858 0.064751 -0.155479
v -0.071631 0.055328 -0.155794
v -0.071862 0.055035 -0.144976
v -0.073896 0.047748 -0.106953
v -0.076178 0.050850 -0.108496
v -0.073545 0.053395 -0.129443
v -0.068313 0.046895 -0.105571
v -0.074029 0.043896 -0.124742
v -0.074353 0.043200 -0.134274
v -0.076013 0.039630 -0.127665
v -0.075652 0.049729 -0.141184
v -0.072841 0.047104 -0.140377
v -0.075508 0.023392 -0.111065
v -0.074254 0.024159 -0.103281
v -0.073217 0.030339 -0.101976
v -0.073634 0.025820 -0.120067
v -0.072477 0.021562 -0.117053
v -0.073758 0.038027 -0.107962
v -0.074303 0.041094 -0.116529
v -0.076004 0.035521 -0.120116
v -0.071156 0.037243 -0.099463
v -0.074342 0.030843 -0.124768
v -0.072406 0.011617 -0.059129
v -0.072429 0.017215 -0.059320
v -0.068151 0.017046 -0.059966
v -0.068791 0.018269 -0.068456
v -0.069476 0.013747 -0.067244
v -0.073989 0.006806 -0.058865
v -0.075671 0.011377 -0.058780
v -0.071871 0.002107 -0.071120
v -0.072271 -0.000303 -0.064150
v -0.061264 0.016051 -0.085500
v -0.061411 0.015615 -0.089750
v -0.068324 0.016240 -0.078250
v -0.074327 0.018520 -0.087564
v -0.073506 0.015105 -0.076979
v -0.067103 0.023345 -0.060521
v -0.071846 0.024551 -0.059641
v -0.070878 0.032305 -0.060651
v -0.067290 0.029538 -0.067069
v -0.068124 0.024244 -0.067836
v -0.070151 0.039937 -0.065325
v -0.064451 0.038985 -0.064799
v -0.060487 0.030316 -0.067748
v -0.057817 0.038569 -0.065068
v -0.069124 0.025398 -0.075283
v -0.070381 0.026937 -0.083715
v -0.059065 0.009927 -0.079004
v -0.060044 0.008896 -0.084824
v -0.058501 0.010245 -0.074637
v -0.061875 0.016293 -0.096521
v -0.061745 0.023200 -0.095131
v -0.061557 0.030513 -0.093166
v -0.060572 0.028806 -0.084721
v -0.059668 0.026599 -0.075708
v -0.071930 0.029094 -0.092822
v -0.072729 0.022971 -0.094647
v -0.075247 0.018634 -0.096082
v -0.059116 0.017112 -0.068760
v -0.057676 0.010026 -0.068937
v -0.058908 0.024192 -0.068559
v -0.064062 0.016393 -0.109508
v -0.065624 0.016322 -0.115776
v -0.066249 0.022141 -0.116547
v -0.067484 0.027037 -0.121022
v -0.065023 0.031853 -0.118454
v -0.063377 0.034645 -0.108052
v -0.062473 0.032402 -0.100844
v -0.062591 0.024419 -0.102464
v -0.064470 0.038502 -0.116493
v -0.062871 0.016850 -0.103214
v -0.057931 0.022160 -0.061771
v -0.050101 0.038120 -0.065448
v -0.051541 0.029911 -0.062264
v -0.052032 0.021241 -0.062122
v -0.073460 0.034955 -0.130775
v -0.071225 0.039807 -0.136617
v -0.068245 0.030932 -0.126318
v -0.068899 0.043976 -0.139893
v -0.069710 0.046463 -0.148440
v -0.065747 0.046446 -0.162013
v -0.060456 0.045829 -0.159944
v -0.055322 0.003709 -0.069146
v -0.058116 0.015545 -0.061940
v -0.052464 0.013551 -0.062842
v -0.048494 0.012583 -0.067718
v -0.050310 0.005448 -0.071065
v -0.050517 -0.001599 -0.072150
v -0.051929 -0.002410 -0.066301
v -0.055833 -0.003154 -0.068041
v -0.042133 0.036295 -0.065503
v -0.046360 0.042650 -0.070755
v -0.033092 0.044116 -0.082098
v -0.019491 0.094515 -0.099147
v -0.021982 0.094730 -0.080988
v -0.009626 0.093053 -0.079791
v -0.015141 0.092157 -0.117524
v -0.015740 0.092619 -0.117410
v -0.017870 0.094094 -0.117129
v 0.011664 0.093261 -0.190140
v -0.053618 0.062731 -0.171367
v -0.050677 0.062922 -0.164799
v -0.052613 0.095084 -0.002562
v -0.052368 0.095037 0.005258
v -0.048437 0.090510 -0.001295
v -0.043992 0.092249 0.025045
v -0.054899 0.094903 0.017215
v -0.047081 0.094981 -0.001816
v -0.023943 0.094673 0.023363
v -0.012520 0.094763 0.001386
v -0.024742 0.094875 -0.007586
v -0.036573 0.095037 -0.017290
v -0.029191 0.094290 0.045972
v -0.045696 0.088879 0.057437
v -0.049478 0.088849 0.056478
v -0.052267 0.085211 0.048869
v -0.046364 0.086712 0.048285
v -0.041115 0.086347 0.042475
v -0.038958 0.083366 0.045478
v -0.041361 0.088826 0.057893
v -0.039426 0.084350 0.063786
v -0.039811 0.083699 0.074052
v -0.044089 0.081771 0.080636
v -0.048364 0.083272 0.079639
v -0.051940 0.083150 0.072990
v -0.052012 0.087472 0.072747
v -0.052124 0.092048 0.072996
v -0.031430 0.089846 0.119052
v -0.012458 0.094428 0.109238
v -0.052624 0.094867 0.101960
v -0.051094 0.094870 0.113545
v -0.049759 0.090338 0.119604
v -0.042042 0.094742 0.091479
v -0.030688 0.094736 0.097274
v -0.030059 0.093736 0.081766
v -0.029893 0.094024 0.063786
v -0.041064 0.090163 0.040855
v -0.045853 0.089995 0.047217
v -0.045790 0.093347 0.048468
v -0.041556 0.088461 0.030080
v -0.045016 0.094677 0.057378
v -0.055243 0.093911 0.045632
v -0.049067 0.094728 0.057527
v -0.052511 0.089513 0.031591
v -0.054519 0.093158 0.031833
v 0.002234 0.094886 0.086425
v 0.002015 0.094956 0.073095
v -0.014727 0.094855 0.069253
v -0.012533 0.094816 0.099073
v 0.013054 0.090899 0.099511
v 0.016926 0.094104 0.102341
v 0.019593 0.094189 0.092801
v 0.023504 0.094254 0.079477
v 0.014923 0.094825 0.076674
v -0.030941 0.083057 0.120181
v -0.012640 0.084562 0.118682
v -0.012400 0.084918 0.109293
v -0.030412 0.075338 0.119995
v -0.012775 0.074961 0.109462
v 0.004209 0.074038 0.109725
v -0.011320 0.065095 0.119762
v -0.029752 0.064862 0.119896
v -0.041019 0.085037 0.033743
v -0.037407 0.080877 0.027967
v -0.037060 0.082673 0.036425
v -0.045313 0.076061 0.022271
v -0.037438 0.076659 0.022048
v -0.052313 0.088104 0.061714
v -0.052173 0.082598 0.062910
v -0.056267 0.081586 0.053963
v -0.055710 0.082229 0.045919
v -0.033604 0.079792 0.048426
v -0.034694 0.079213 0.056858
v -0.054312 0.077221 0.060388
v -0.055483 0.076903 0.052007
v -0.060861 0.080720 0.053384
v -0.052115 0.077048 0.065832
v -0.054178 0.079472 0.073895
v -0.047029 0.078452 0.078786
v -0.049675 0.077200 0.072954
v -0.035489 0.079941 0.065623
v -0.037291 0.076083 0.072374
v -0.041082 0.075422 0.072044
v -0.043365 0.077546 0.079005
v -0.039706 0.080034 0.079551
v -0.037251 0.080381 0.073266
v -0.089656 0.023955 0.101345
v -0.089566 0.050659 0.105981
v -0.088981 0.055025 0.092752
v -0.089548 0.001280 0.095483
v -0.089658 0.014873 0.067216
v -0.089736 0.014023 0.060463
v -0.088349 0.000475 0.060258
v -0.089633 -0.002277 -0.037376
v -0.089721 -0.011950 -0.038486
v -0.089698 -0.011129 -0.031883
v -0.087754 0.001566 -0.034116
v -0.089617 -0.003749 -0.042045
v -0.089198 0.011219 -0.029610
v -0.089816 0.011460 -0.039780
v -0.089749 -0.015175 0.005185
v -0.089755 -0.014945 0.026358
v -0.088763 -0.000625 0.017570
v -0.089622 0.018728 0.118639
v -0.084782 0.000636 0.096095
v -0.084649 0.000526 0.112326
v -0.089379 -0.011042 0.117016
v -0.082461 -0.009243 0.119718
v -0.089535 -0.000524 0.109880
v -0.089595 -0.010857 0.108115
v -0.071371 -0.007546 0.119926
v -0.067810 0.012911 0.119988
v -0.088586 0.021277 0.010325
v -0.089545 -0.007218 -0.019736
v -0.086148 0.000320 -0.026541
v -0.088480 0.000535 -0.015921
v -0.088705 0.001469 -0.016494
v -0.089364 0.005543 -0.016739
v -0.091274 0.035544 -0.007471
v -0.089655 0.036847 -0.023335
v -0.092215 0.023200 -0.020840
v -0.033839 0.023054 0.119829
v -0.022487 0.032694 0.119792
v -0.029139 0.045706 0.119842
v -0.048142 0.045349 0.120044
v -0.051514 0.017198 0.119894
v -0.041143 0.010251 0.120042
v -0.060220 0.094862 -0.014681
v -0.048424 0.094952 -0.026950
v -0.056544 0.094832 -0.035498
v -0.061090 0.090907 -0.013737
v -0.076758 0.093096 -0.014174
v -0.074808 0.094171 0.003232
v -0.065782 0.095118 0.007213
v -0.061624 0.095058 -0.013844
v -0.059770 0.094869 0.028411
v -0.055541 0.082563 0.038386
v -0.055281 0.082995 0.026646
v -0.052057 0.075422 0.022891
v -0.060314 0.081937 0.034703
v -0.055738 0.077154 0.033518
v -0.050285 0.075490 0.032614
v -0.060580 0.094790 0.044606
v -0.058058 0.094815 0.060042
v -0.065721 0.094922 0.059934
v -0.064189 0.094862 0.081026
v -0.089549 0.078746 0.118342
v -0.081307 0.088409 0.118247
v -0.085551 0.086369 0.109784
v -0.088584 0.079586 0.108973
v -0.078976 0.092522 0.110770
v -0.037618 0.076356 0.030897
v -0.031823 0.077787 0.029504
v 0.016825 0.093408 -0.095081
v 0.017582 0.091153 -0.095817
v 0.017332 0.094014 -0.097820
v 0.043047 0.093305 -0.187727
v 0.044791 0.091237 -0.185665
v 0.045031 0.090922 -0.188983
v 0.045102 0.090269 -0.194017
v 0.044110 0.093482 -0.193595
v 0.000208 0.091751 -0.458641
v -0.000847 0.091865 -0.458908
v 0.000545 0.092829 -0.458157
v 0.002220 0.093989 -0.457253
v 0.039778 0.093501 -0.189339
v 0.040173 0.094479 -0.193649
v 0.034311 0.093821 -0.192906
v 0.033866 0.092759 -0.190381
v 0.027837 0.090377 -0.189038
v 0.027600 0.090472 -0.189178
v 0.034253 0.094651 -0.197280
v 0.033758 0.094867 -0.212400
v 0.026731 0.094746 -0.205305
v 0.026473 0.092819 -0.191083
v 0.024769 0.092813 -0.190270
v 0.024161 0.093472 -0.190392
v 0.022376 0.089926 -0.189721
v 0.022663 0.089829 -0.189751
v 0.022687 0.090705 -0.189619
v 0.021490 0.092839 -0.191811
v 0.021640 0.092267 -0.188947
v 0.021959 0.091024 -0.189276
v 0.024020 0.093721 -0.189668
v 0.026227 0.090382 -0.189378
v 0.026098 0.090329 -0.189354
v 0.026306 0.090682 -0.189648
v 0.026572 0.090774 -0.189682
v 0.027089 0.090739 -0.189540
v 0.025749 0.092423 -0.188968
v 0.026237 0.092713 -0.188545
v 0.021937 0.093581 -0.187845
v 0.022766 0.094076 -0.186405
v 0.020689 0.091066 -0.189250
v 0.021760 0.090835 -0.189294
v 0.033131 0.094943 -0.229308
v 0.027391 0.094120 -0.227889
v 0.021015 0.093416 -0.225339
v 0.022613 0.094265 -0.244243
v 0.019647 0.094298 -0.243457
v 0.014076 0.094101 -0.243152
v 0.011278 0.093888 -0.221336
v 0.003585 0.094365 -0.242842
v 0.000661 0.094823 -0.221072
v -0.002205 0.094432 -0.202313
v -0.016590 0.094928 -0.243433
v -0.015941 0.094862 -0.222717
v -0.030462 0.094927 -0.244309
v -0.031217 0.094572 -0.223753
v -0.039955 0.094670 -0.245008
v -0.041278 0.093985 -0.225194
v -0.044216 0.092465 -0.245392
v -0.045725 0.091962 -0.226423
v -0.047744 0.093210 -0.246039
v -0.049027 0.093423 -0.227364
v -0.049764 0.093718 -0.208364
v -0.053995 0.094037 -0.228257
v -0.054514 0.094031 -0.209524
v -0.054736 0.094176 -0.192829
v -0.058938 0.091924 -0.210580
v -0.059304 0.091702 -0.193362
v -0.059563 0.091346 -0.176845
v -0.054799 0.093975 -0.177633
v -0.059742 0.090747 -0.158147
v -0.055195 0.094017 -0.158952
v -0.049020 0.093741 -0.160181
v -0.043976 0.092596 -0.161392
v -0.055973 0.093604 -0.138860
v -0.050248 0.093948 -0.139298
v -0.045192 0.092707 -0.139816
v -0.037140 0.094993 -0.140335
v -0.034990 0.094833 -0.161808
v -0.051042 0.094381 -0.119644
v -0.045567 0.093229 -0.119917
v -0.037709 0.094795 -0.119592
v -0.019481 0.094920 -0.139751
v -0.045700 0.093664 -0.101453
v -0.039724 0.094530 -0.101256
v -0.028005 0.094588 -0.099830
v -0.041672 0.094570 -0.083232
v -0.032423 0.095081 -0.082325
v -0.046821 0.092697 -0.067300
v -0.041337 0.094505 -0.065604
v -0.030774 0.095128 -0.063340
v -0.016776 0.094603 -0.061508
v -0.046504 0.094957 -0.046765
v -0.034950 0.095030 -0.041669
v -0.045452 0.093900 -0.084040
v -0.048907 0.093209 -0.067265
v -0.050629 0.094694 -0.084910
v -0.054289 0.094566 -0.069940
v -0.056437 0.093092 -0.085380
v -0.059419 0.092882 -0.072163
v -0.067211 0.093684 -0.061370
v -0.062820 0.089148 -0.073441
v -0.070393 0.090164 -0.064322
v -0.078926 0.090100 -0.056326
v -0.074514 0.093870 -0.053363
v -0.083759 0.089284 -0.046208
v -0.078627 0.092393 -0.044504
v -0.084743 0.088673 -0.033595
v -0.079638 0.091732 -0.032362
v -0.083851 0.089725 -0.017553
v -0.087518 0.082984 -0.034791
v -0.087408 0.083474 -0.019500
v -0.087152 0.084535 -0.000648
v -0.082358 0.090752 0.000733
v -0.086909 0.085444 0.019607
v -0.081427 0.091334 0.020445
v -0.074293 0.094429 0.021976
v -0.081038 0.091577 0.041382
v -0.074069 0.094635 0.041871
v -0.067288 0.095035 0.042722
v -0.067127 0.095061 0.024629
v -0.073598 0.094673 0.060287
v -0.081089 0.091313 0.060466
v -0.081816 0.090376 0.081126
v -0.073825 0.094708 0.081067
v -0.083276 0.088836 0.097902
v -0.075702 0.094189 0.098876
v -0.065513 0.094864 0.099945
v -0.066923 0.094775 0.111947
v -0.067493 0.091504 0.119487
v -0.066929 0.083574 0.120733
v -0.049056 0.083564 0.120462
v -0.066149 0.076989 0.120447
v -0.048676 0.076477 0.120249
v -0.065184 0.065017 0.120324
v -0.048264 0.064605 0.120129
v -0.065271 0.044719 0.120194
v -0.080228 0.066446 0.120368
v -0.079792 0.043067 0.120236
v -0.089544 0.068431 0.118297
v -0.089664 0.047766 0.118250
v -0.089218 0.069696 0.107865
v -0.088424 0.071500 0.095593
v -0.087772 0.081251 0.096882
v -0.087339 0.083450 0.080838
v -0.088298 0.074047 0.080222
v -0.088577 0.076409 0.061131
v -0.088678 0.066182 0.061277
v -0.088707 0.061155 0.078787
v -0.087177 0.085167 0.060845
v -0.086817 0.085657 0.040890
v -0.088989 0.077628 0.040590
v -0.089308 0.077503 0.018963
v -0.089263 0.068593 0.018104
v -0.088911 0.068890 0.040264
v -0.089379 0.054906 0.016311
v -0.089125 0.055462 0.039125
v -0.089048 0.051517 0.060138
v -0.089524 0.038099 0.036110
v -0.089579 0.034049 0.055939
v -0.089694 0.028664 0.067556
v -0.089323 0.043263 0.074361
v -0.089822 0.022954 0.073929
v -0.089777 0.016535 0.049894
v -0.089929 0.019799 0.030879
v -0.088771 0.000946 0.018356
v -0.087721 0.000259 0.047337
v -0.089668 0.036763 0.013123
v -0.091185 0.053013 -0.004645
v -0.089445 0.053794 -0.023552
v -0.090378 0.067663 -0.003009
v -0.089955 0.067535 -0.022554
v -0.089647 0.076235 -0.021129
v -0.089633 0.076206 -0.036103
v -0.089704 0.067423 -0.037539
v -0.089753 0.054380 -0.038352
v -0.089466 0.076638 -0.001730
v -0.089835 0.039117 -0.036947
v -0.089825 0.025204 -0.041876
v -0.090503 0.024302 -0.033721
v -0.089179 0.004638 -0.014414
v -0.089531 0.006311 -0.010403
v -0.089959 0.013647 -0.011991
v -0.089005 0.003976 -0.015328
v -0.087827 0.000175 -0.008850
v -0.087684 0.000191 -0.008862
v -0.088088 0.000540 -0.015699
v -0.087565 0.000205 -0.008871
v -0.087446 0.000218 -0.008880
v -0.087965 0.000541 -0.015629
v -0.087326 0.000231 -0.008890
v -0.087207 0.000245 -0.008899
v -0.087836 0.000543 -0.015556
v -0.087088 0.000258 -0.008909
v -0.086968 0.000272 -0.008918
v -0.087708 0.000544 -0.015483
v -0.086849 0.000285 -0.008927
v -0.086729 0.000298 -0.008937
v -0.087580 0.000546 -0.015410
v -0.086610 0.000312 -0.008946
v -0.086491 0.000325 -0.008955
v -0.087451 0.000547 -0.015337
v -0.086371 0.000338 -0.008965
v -0.086252 0.000352 -0.008974
v -0.087323 0.000549 -0.015264
v -0.086132 0.000365 -0.008984
v -0.086018 0.000378 -0.008993
v -0.087192 0.000551 -0.015190
v -0.085914 0.000389 -0.009001
v -0.087042 0.000552 -0.015105
v -0.085723 0.000411 -0.009016
v -0.085532 0.000432 -0.009031
v -0.086802 0.000555 -0.014968
v -0.085883 0.000564 -0.014398
v -0.085977 0.000564 -0.014448
v -0.085342 0.000453 -0.009046
v -0.086643 0.000557 -0.014878
v -0.085150 0.000475 -0.009061
v -0.086492 0.000559 -0.014792
v -0.085048 0.000486 -0.009069
v 0.037119 -0.045851 -0.141605
v -0.084936 0.000499 -0.009077
v -0.086364 0.000561 -0.014719
v -0.084817 0.000512 -0.009087
v 0.036446 -0.045986 -0.138311
v -0.084697 0.000526 -0.009096
v 0.036653 -0.045955 -0.138538
v -0.084460 0.000552 -0.009115
v -0.086243 0.000562 -0.014651
v -0.084340 0.000566 -0.009124
v 0.035484 -0.046134 -0.137129
v -0.084221 0.000579 -0.009134
v -0.086039 0.000565 -0.014535
v 0.086240 -0.006091 0.069782
v -0.084995 0.000409 -0.009145
v -0.085204 0.000363 -0.009149
v -0.085434 0.000312 -0.009152
v -0.085764 0.000239 -0.009157
v -0.086140 0.000156 -0.009163
v -0.087447 0.002537 0.070153
v -0.086523 0.000072 -0.009169
v -0.085717 0.000569 -0.014352
v -0.086906 -0.000012 -0.009175
v -0.087290 -0.000096 -0.009181
v -0.085524 0.000571 -0.014243
v -0.087673 -0.000181 -0.009187
v 0.071435 0.047774 -0.489533
v -0.088056 -0.000265 -0.009193
v -0.088818 -0.000433 -0.009204
v -0.089646 0.025417 -0.047907
v -0.089685 0.013804 -0.047803
v -0.087879 0.026513 -0.054134
v -0.088491 0.015110 -0.053063
v -0.087361 0.005994 -0.054359
v -0.085488 0.025956 -0.056745
v -0.085176 0.016076 -0.056737
v -0.084014 0.008752 -0.057110
v -0.080852 0.016716 -0.058258
v -0.079643 0.010310 -0.058258
v -0.077801 0.004703 -0.058413
v -0.082287 0.002798 -0.057551
v -0.086089 0.000618 -0.056063
v -0.075158 -0.001616 -0.058958
v -0.080414 -0.002335 -0.058049
v -0.072419 -0.007803 -0.061633
v -0.078019 -0.008059 -0.058589
v -0.070970 -0.013874 -0.064360
v -0.074904 -0.014622 -0.059138
v -0.081696 -0.014856 -0.058007
v -0.071884 -0.021186 -0.059650
v -0.078941 -0.023025 -0.058643
v -0.085519 -0.023746 -0.056604
v -0.087552 -0.014096 -0.054992
v -0.089104 -0.023777 -0.051482
v -0.089491 -0.013199 -0.049365
v -0.089644 -0.023662 -0.045636
v -0.089681 -0.012466 -0.043941
v -0.089725 -0.023562 -0.039144
v -0.089698 -0.038637 -0.039716
v -0.089676 -0.052287 -0.040281
v -0.089673 -0.064151 -0.037637
v -0.086644 -0.075057 -0.055288
v -0.089618 -0.074680 -0.037855
v -0.087166 -0.083444 -0.054681
v -0.089557 -0.081975 -0.036025
v -0.089610 -0.080366 -0.010329
v -0.087576 -0.088201 -0.033912
v -0.088157 -0.087258 -0.008379
v -0.088323 -0.086575 0.016330
v -0.089575 -0.080023 0.015187
v -0.088056 -0.086735 0.039651
v -0.089563 -0.080212 0.038863
v -0.089606 -0.073697 0.037408
v -0.088833 -0.066981 0.035738
v -0.089601 -0.080300 0.058084
v -0.087942 -0.087816 0.060230
v -0.087309 -0.089013 0.079645
v -0.089464 -0.081651 0.076604
v -0.086881 -0.089986 0.094936
v -0.089300 -0.083129 0.093159
v -0.089683 -0.075538 0.090087
v -0.089726 -0.064404 0.083389
v -0.089087 -0.083884 0.105354
v -0.089663 -0.075706 0.103810
v -0.089698 -0.065882 0.099133
v -0.089712 -0.071145 0.113230
v -0.089626 -0.063581 0.110546
v -0.083314 -0.070425 0.119579
v -0.088820 -0.084092 0.113882
v -0.083242 -0.082623 0.119094
v -0.075106 -0.081900 0.120522
v -0.075336 -0.072396 0.120474
v -0.087602 -0.051957 0.118723
v -0.088058 -0.027153 0.117296
v -0.089619 -0.025673 0.107001
v -0.089586 -0.045200 0.110270
v -0.082543 -0.047278 0.118979
v -0.074523 -0.061094 0.120401
v -0.080982 -0.025734 0.119729
v -0.070761 -0.025820 0.120024
v -0.057024 -0.024750 0.119989
v -0.058276 -0.006776 0.119876
v -0.042086 -0.022063 0.120041
v -0.043745 -0.006016 0.120002
v -0.041110 -0.022074 0.126039
v -0.042891 -0.005861 0.126100
v -0.040108 0.009669 0.125685
v -0.033034 0.022472 0.125102
v -0.039494 -0.005653 0.130174
v -0.036874 0.008524 0.129699
v -0.030491 0.020601 0.129194
v -0.020628 0.029317 0.129147
v -0.022018 0.031887 0.124966
v -0.032344 0.007034 0.131158
v -0.026921 0.017533 0.131045
v -0.018247 0.025180 0.131329
v -0.007263 0.029414 0.131310
v -0.008180 0.034102 0.129413
v -0.024881 0.015955 0.136572
v -0.017280 0.023570 0.136416
v -0.007082 0.027751 0.136577
v 0.003586 0.028467 0.136699
v 0.003872 0.029799 0.131003
v -0.017378 0.023741 0.145894
v -0.007352 0.027875 0.145891
v 0.003578 0.028512 0.145795
v 0.014873 0.025225 0.145576
v 0.014564 0.025257 0.136605
v -0.007452 0.027884 0.161182
v 0.003819 0.028530 0.160996
v 0.015361 0.025134 0.160781
v 0.025056 0.017724 0.160628
v 0.024438 0.018176 0.145208
v 0.004502 0.028659 0.184661
v 0.016029 0.024872 0.184615
v 0.025447 0.017179 0.184566
v 0.031305 0.006791 0.184423
v 0.031269 0.007470 0.160364
v 0.016248 0.024673 0.211080
v 0.025507 0.016723 0.211113
v 0.031302 0.006319 0.211037
v 0.033366 -0.004665 0.210950
v 0.033304 -0.004383 0.184249
v 0.025505 0.016455 0.237644
v 0.031576 0.006003 0.237658
v 0.033439 -0.004843 0.237688
v 0.031436 -0.015608 0.237507
v 0.031612 -0.015220 0.210875
v 0.028092 0.005058 0.263191
v 0.029285 -0.005080 0.263247
v 0.027235 -0.015087 0.263144
v 0.021796 -0.022975 0.262848
v 0.024926 -0.024234 0.237405
v 0.025607 -0.005607 0.289067
v 0.024223 -0.015190 0.289079
v 0.018673 -0.021930 0.288950
v 0.012863 -0.027610 0.288912
v 0.014852 -0.029483 0.262914
v 0.024060 -0.015635 0.315758
v 0.018267 -0.022342 0.315746
v 0.012606 -0.027967 0.315723
v 0.004922 -0.029402 0.315708
v 0.005162 -0.029383 0.288884
v 0.018277 -0.022360 0.342277
v 0.012486 -0.027997 0.342297
v 0.004821 -0.029456 0.342290
v -0.003954 -0.029373 0.342258
v -0.003946 -0.029301 0.315711
v 0.012564 -0.028003 0.368919
v 0.004521 -0.029477 0.368895
v -0.004342 -0.029408 0.368863
v -0.012967 -0.026636 0.368865
v -0.012675 -0.026654 0.342270
v 0.003869 -0.029458 0.395487
v -0.005159 -0.029404 0.395446
v -0.013477 -0.026128 0.395424
v -0.020243 -0.019613 0.395400
v -0.019722 -0.020092 0.368864
v -0.005781 -0.029429 0.422152
v -0.013999 -0.025745 0.422139
v -0.020624 -0.019254 0.422065
v -0.024803 -0.011212 0.421988
v -0.024693 -0.011564 0.395395
v -0.013057 -0.023380 0.448215
v -0.019199 -0.017341 0.448077
v -0.023333 -0.009936 0.448178
v -0.024175 -0.001541 0.448189
v -0.025030 -0.001967 0.421891
v -0.015460 -0.014205 0.466799
v -0.018408 -0.008024 0.466971
v -0.018881 -0.001340 0.467135
v -0.021610 0.006446 0.448029
v -0.014746 -0.001189 0.480666
v -0.009068 -0.000856 0.487061
v -0.004055 -0.000779 0.488797
v -0.002886 0.004454 0.487010
v 0.000856 -0.000751 0.489324
v 0.002209 0.005141 0.487398
v 0.003648 0.010459 0.479973
v -0.001616 0.010353 0.480536
v 0.004544 0.014499 0.466820
v -0.001891 0.014843 0.467119
v 0.005652 0.019841 0.448228
v -0.002752 0.020153 0.448206
v -0.010544 0.018222 0.448291
v -0.003346 0.021248 0.422027
v -0.011385 0.019477 0.422054
v -0.017818 0.013821 0.422003
v -0.016825 0.013127 0.448058
v -0.023541 0.007047 0.421910
v -0.017752 0.013866 0.395449
v -0.023332 0.007104 0.395434
v -0.024986 -0.002075 0.395420
v -0.023676 0.006695 0.368880
v -0.024953 -0.002622 0.368849
v -0.024421 -0.012152 0.368848
v -0.024900 -0.003925 0.342335
v -0.024366 -0.013057 0.342372
v -0.019463 -0.020358 0.342344
v -0.024651 -0.014088 0.315812
v -0.019440 -0.020467 0.315802
v -0.012754 -0.026526 0.315737
v -0.019322 -0.020575 0.289003
v -0.012664 -0.026568 0.288992
v -0.003682 -0.029260 0.288923
v -0.013558 -0.029394 0.263138
v -0.003971 -0.032347 0.262920
v 0.006181 -0.032484 0.262879
v -0.004210 -0.036310 0.237533
v 0.006865 -0.036125 0.237472
v 0.017230 -0.032254 0.237287
v 0.007009 -0.035815 0.210622
v 0.017341 -0.031715 0.210634
v 0.025295 -0.023938 0.210773
v 0.017267 -0.031379 0.184192
v 0.025327 -0.023926 0.184224
v 0.031742 -0.015205 0.184184
v 0.025013 -0.024351 0.159905
v 0.031656 -0.015234 0.159723
v 0.033257 -0.003834 0.159914
v 0.030742 -0.015306 0.143863
v 0.033177 -0.003460 0.143920
v 0.031011 0.008282 0.144581
v 0.032650 -0.003291 0.135061
v 0.030595 0.009001 0.135723
v 0.024156 0.018647 0.136362
v 0.032238 0.010087 0.131413
v 0.025228 0.020261 0.131142
v 0.014957 0.027021 0.131111
v 0.028349 0.024346 0.130620
v 0.016136 0.031468 0.129706
v 0.004579 0.034333 0.129503
v 0.017236 0.034595 0.125555
v 0.005002 0.037644 0.125426
v -0.008598 0.036916 0.125188
v 0.005274 0.038861 0.119983
v -0.008622 0.037592 0.119857
v 0.006962 0.053378 0.119840
v -0.010117 0.052391 0.119798
v 0.017733 0.035507 0.119828
v 0.021374 0.050932 0.119836
v 0.030083 0.026858 0.126122
v 0.040090 0.014682 0.126047
v 0.037315 0.012727 0.130865
v 0.041536 -0.002383 0.130465
v 0.045017 -0.001777 0.125824
v 0.035037 -0.003071 0.131254
v 0.034399 -0.016845 0.131456
v 0.039696 -0.018411 0.130392
v 0.031558 -0.015809 0.135437
v 0.024878 -0.025083 0.135399
v 0.027642 -0.027565 0.131351
v 0.024759 -0.024958 0.144031
v 0.017176 -0.032394 0.144082
v 0.017303 -0.033092 0.135292
v 0.017460 -0.031853 0.160053
v 0.007592 -0.035245 0.160091
v 0.007711 -0.035562 0.144016
v 0.007208 -0.035498 0.184074
v -0.003932 -0.035775 0.184032
v -0.003392 -0.035590 0.160042
v -0.004052 -0.035998 0.210711
v -0.014898 -0.033235 0.210780
v -0.014884 -0.033362 0.184053
v -0.014985 -0.033002 0.237585
v -0.023820 -0.026322 0.237650
v -0.023667 -0.026356 0.210845
v -0.021266 -0.023104 0.262953
v -0.026715 -0.015364 0.262967
v -0.030114 -0.017040 0.237594
v -0.024659 -0.014339 0.289041
v -0.024786 -0.006269 0.289017
v -0.027809 -0.006307 0.262952
v -0.024842 -0.005684 0.315748
v -0.024585 0.003499 0.315729
v -0.024617 0.002577 0.289036
v -0.024254 0.005449 0.342317
v -0.018850 0.012792 0.342311
v -0.020050 0.011586 0.315740
v -0.018045 0.013622 0.368875
v -0.012165 0.019448 0.368875
v -0.012766 0.018888 0.342287
v -0.011889 0.019734 0.395444
v -0.004102 0.021262 0.395436
v -0.004616 0.021288 0.368865
v 0.003994 0.021125 0.368861
v 0.003753 0.021129 0.342282
v -0.005103 0.021285 0.342259
v 0.004693 0.021135 0.395423
v 0.013459 0.018599 0.395428
v 0.012862 0.019074 0.368842
v 0.005690 0.021083 0.422000
v 0.014092 0.018157 0.422015
v 0.020836 0.011585 0.422045
v 0.020430 0.012030 0.395416
v 0.013394 0.016205 0.448045
v 0.019366 0.009979 0.447864
v 0.024028 0.002650 0.448036
v 0.025455 0.003595 0.421933
v 0.010693 0.011981 0.466571
v 0.015538 0.006903 0.466456
v 0.019293 0.001082 0.466977
v 0.019087 -0.005679 0.467103
v 0.025023 -0.005840 0.448076
v 0.014654 -0.005827 0.480319
v 0.009895 -0.006078 0.487495
v 0.004504 -0.006248 0.489229
v 0.003134 -0.011721 0.487693
v -0.001941 -0.011897 0.487807
v -0.003503 -0.018472 0.481090
v 0.002086 -0.018030 0.481207
v -0.000498 -0.006193 0.489439
v -0.004492 -0.022343 0.467241
v 0.002200 -0.022392 0.467247
v -0.005469 -0.027025 0.448313
v 0.002995 -0.027303 0.448287
v 0.011162 -0.025634 0.448298
v 0.003421 -0.029544 0.422147
v 0.012215 -0.027818 0.422093
v 0.018849 -0.021830 0.422017
v 0.017493 -0.020292 0.448114
v 0.024659 -0.014912 0.421928
v 0.022752 -0.013884 0.448103
v 0.025672 -0.005701 0.421872
v 0.024474 -0.014919 0.395391
v 0.025652 -0.005655 0.395387
v 0.025472 0.004055 0.395388
v 0.025612 -0.005975 0.368872
v 0.025240 0.003928 0.368853
v 0.020150 0.012294 0.368833
v 0.025348 0.003991 0.342367
v 0.020151 0.012348 0.342372
v 0.012784 0.018952 0.342325
v 0.020256 0.012235 0.315793
v 0.013154 0.018852 0.315816
v 0.004117 0.021186 0.315767
v 0.013438 0.018693 0.289022
v 0.004371 0.021188 0.288989
v -0.005119 0.021104 0.289068
v -0.005198 0.021179 0.315682
v -0.013966 0.017663 0.289048
v -0.013475 0.018097 0.315673
v -0.020621 0.011042 0.289097
v -0.015540 0.020125 0.263242
v -0.023030 0.012805 0.263255
v -0.027695 0.003713 0.263410
v -0.025718 0.015252 0.237621
v -0.031153 0.004912 0.237701
v -0.032447 -0.006180 0.237601
v -0.031121 0.005012 0.210914
v -0.032258 -0.006098 0.210918
v -0.029854 -0.017082 0.210914
v -0.032002 -0.006154 0.184364
v -0.029806 -0.017135 0.184374
v -0.023428 -0.025974 0.184254
v -0.029706 -0.017072 0.160440
v -0.023090 -0.025748 0.160210
v -0.014438 -0.033017 0.160077
v -0.022774 -0.026112 0.143890
v -0.013943 -0.033396 0.143793
v -0.003065 -0.036249 0.143881
v -0.014307 -0.034959 0.135097
v -0.003231 -0.037590 0.134997
v 0.008403 -0.037091 0.135044
v -0.003403 -0.040686 0.131350
v 0.009004 -0.040399 0.131220
v 0.018986 -0.035795 0.131384
v 0.009850 -0.046219 0.130063
v 0.022265 -0.040978 0.130422
v 0.032253 -0.031623 0.130072
v 0.024078 -0.044162 0.126026
v 0.034946 -0.034049 0.125839
v 0.043314 -0.019543 0.125776
v 0.042345 -0.019241 0.120045
v 0.045295 -0.001651 0.119822
v 0.056279 -0.022575 0.120004
v 0.064655 -0.024394 0.120061
v 0.071055 -0.048358 0.120058
v 0.070502 -0.065656 0.119975
v 0.078614 -0.066305 0.120764
v 0.078045 -0.048867 0.120368
v 0.084269 -0.066953 0.116879
v 0.083881 -0.049771 0.115957
v 0.081259 -0.028977 0.119131
v 0.088301 -0.050564 0.118393
v 0.088916 -0.030898 0.118014
v 0.089776 -0.012155 0.116596
v 0.090064 -0.032661 0.111174
v 0.089959 -0.014499 0.110040
v 0.090339 0.004210 0.110055
v 0.090078 0.006807 0.116725
v 0.090281 0.021016 0.111517
v 0.089393 0.020786 0.117590
v 0.083270 0.020298 0.119113
v 0.087411 0.040773 0.118483
v 0.081166 0.037548 0.119432
v 0.077100 0.016841 0.119178
v 0.072079 0.031127 0.119671
v 0.077588 0.065274 0.120248
v 0.069174 0.063404 0.119862
v 0.068561 0.084417 0.119659
v 0.063764 0.080832 0.120008
v 0.052129 0.078329 0.119993
v 0.061261 0.087604 0.119484
v 0.049186 0.087287 0.119795
v 0.035171 0.086316 0.119817
v 0.036442 0.077513 0.119983
v 0.047377 0.094960 0.117650
v 0.033738 0.092624 0.116891
v 0.046951 0.094746 0.110246
v 0.036373 0.093837 0.109310
v 0.029499 0.092911 0.107417
v 0.038649 0.095085 0.099732
v 0.032911 0.092720 0.098726
v 0.026123 0.093496 0.096217
v 0.022840 0.093521 0.105094
v 0.037714 0.092349 0.082349
v 0.031068 0.093166 0.081156
v 0.037569 0.093027 0.062885
v 0.033952 0.092578 0.062036
v 0.026952 0.094421 0.060803
v 0.018974 0.094910 0.037917
v 0.016816 0.094894 0.058949
v 0.007341 0.094895 0.034907
v 0.003463 0.094970 0.055871
v -0.009398 0.094794 0.029464
v -0.014755 0.094962 0.051161
v 0.015479 0.094774 0.014254
v 0.003719 0.094713 0.009062
v 0.025988 0.094938 -0.003838
v 0.016823 0.094853 -0.010883
v 0.037383 0.094943 -0.018568
v 0.030123 0.094948 -0.027790
v 0.046938 0.094928 -0.025366
v 0.040357 0.094940 -0.037111
v 0.053784 0.094893 -0.028171
v 0.048427 0.094915 -0.042438
v 0.036497 0.094923 -0.057004
v 0.054229 0.094837 -0.045581
v 0.042610 0.094866 -0.060620
v 0.030616 0.094723 -0.079003
v 0.023968 0.094731 -0.071076
v 0.038424 0.094305 -0.081609
v 0.035744 0.094420 -0.105343
v 0.029145 0.094552 -0.101664
v 0.048403 0.094623 -0.063652
v 0.060487 0.094137 -0.047985
v 0.064323 0.090234 -0.050829
v 0.051284 0.089967 -0.064458
v 0.042955 0.093080 -0.082685
v 0.046596 0.094275 -0.083944
v 0.046489 0.094617 -0.105801
v 0.044532 0.090035 -0.106022
v 0.054907 0.093512 -0.065795
v 0.058633 0.093832 -0.067275
v 0.051525 0.094628 -0.084922
v 0.065320 0.094578 -0.050942
v 0.069186 0.094717 -0.052612
v 0.073672 0.094129 -0.054681
v 0.062743 0.092555 -0.068891
v 0.077304 0.093781 -0.040847
v 0.081947 0.091472 -0.042385
v 0.077679 0.092121 -0.056889
v 0.076474 0.094024 -0.026714
v 0.081281 0.091855 -0.028405
v 0.085882 0.088726 -0.029799
v 0.086017 0.088409 -0.043918
v 0.075279 0.094135 -0.014958
v 0.080514 0.092360 -0.016102
v 0.085338 0.089165 -0.017092
v 0.088637 0.084016 -0.017876
v 0.088752 0.083689 -0.031077
v 0.079505 0.093028 -0.003232
v 0.084798 0.089712 -0.003742
v 0.088555 0.084365 -0.004206
v 0.090199 0.077260 -0.004783
v 0.090227 0.077327 -0.018327
v 0.083836 0.090460 0.012644
v 0.088388 0.084865 0.012004
v 0.090093 0.077239 0.011276
v 0.090325 0.068365 0.010412
v 0.090824 0.069197 -0.005525
v 0.088104 0.085723 0.030513
v 0.089892 0.077563 0.030559
v 0.090088 0.067999 0.030506
v 0.090206 0.052990 0.030486
v 0.090335 0.053877 0.009221
v 0.089639 0.078190 0.050729
v 0.089814 0.067883 0.051287
v 0.089953 0.051816 0.051930
v 0.090372 0.032057 0.031170
v 0.089588 0.067652 0.072823
v 0.089883 0.048482 0.072320
v 0.089783 0.067467 0.089994
v 0.090043 0.046390 0.088157
v 0.090002 0.015451 0.079171
v 0.090336 0.067929 0.101264
v 0.090293 0.045903 0.098961
v 0.090208 0.020648 0.094750
v 0.090300 -0.002891 0.091162
v 0.087762 -0.010929 0.072891
v 0.090335 0.044436 0.106984
v 0.090357 0.021213 0.104329
v 0.090293 0.001525 0.102549
v 0.090182 -0.016579 0.102998
v 0.090155 -0.019122 0.093184
v 0.090114 -0.036005 0.095433
v 0.090320 -0.038047 0.083823
v 0.090198 -0.022368 0.079327
v 0.090222 -0.034328 0.103996
v 0.090228 -0.052723 0.105026
v 0.090173 -0.053761 0.097002
v 0.090224 -0.051658 0.112110
v 0.090204 -0.067764 0.112875
v 0.090257 -0.068000 0.106140
v 0.087939 -0.067446 0.118597
v 0.087519 -0.078038 0.118556
v 0.090013 -0.078468 0.113461
v 0.084245 -0.077285 0.117140
v 0.083735 -0.084585 0.116928
v 0.086195 -0.085509 0.118289
v 0.078573 -0.076246 0.120737
v 0.078116 -0.082163 0.120752
v 0.069467 -0.075140 0.119944
v 0.069122 -0.080986 0.120100
v 0.057126 -0.080559 0.119980
v 0.057088 -0.085209 0.120541
v 0.038783 -0.084715 0.120385
v 0.039651 -0.089242 0.120724
v 0.057576 -0.089846 0.120616
v 0.037810 -0.079690 0.119960
v 0.040210 -0.093420 0.119018
v 0.057786 -0.094083 0.118831
v 0.040572 -0.096536 0.115707
v 0.058056 -0.096864 0.115698
v 0.070430 -0.096479 0.115819
v 0.058335 -0.097835 0.111447
v 0.070768 -0.097814 0.111932
v 0.078847 -0.096260 0.112640
v 0.077914 -0.094719 0.116564
v 0.084783 -0.092162 0.113202
v 0.082963 -0.090968 0.117553
v 0.088628 -0.086098 0.113584
v 0.085370 -0.092268 0.107734
v 0.089045 -0.085976 0.107587
v 0.090207 -0.078421 0.107099
v 0.089150 -0.085738 0.100517
v 0.090169 -0.078253 0.099798
v 0.090227 -0.068130 0.098278
v 0.090164 -0.077785 0.090386
v 0.090188 -0.067186 0.086025
v 0.090151 -0.054436 0.085725
v 0.089265 -0.085412 0.092032
v 0.089451 -0.084626 0.079014
v 0.086366 -0.091413 0.080911
v 0.087307 -0.090182 0.061035
v 0.089818 -0.082811 0.059341
v 0.085776 -0.091901 0.092988
v 0.079749 -0.096500 0.093628
v 0.080384 -0.096276 0.081958
v 0.085568 -0.092084 0.101084
v 0.079514 -0.096559 0.101516
v 0.071232 -0.098210 0.101776
v 0.071601 -0.098163 0.094081
v 0.079307 -0.096658 0.107657
v 0.070990 -0.098162 0.107329
v 0.058852 -0.098085 0.106859
v 0.059683 -0.098192 0.101870
v 0.041786 -0.098196 0.101528
v 0.043186 -0.098288 0.093761
v 0.060650 -0.098265 0.094373
v 0.041290 -0.098081 0.106424
v 0.026184 -0.098233 0.105775
v 0.025402 -0.098294 0.100308
v 0.040984 -0.097773 0.111202
v 0.012873 -0.096746 0.098146
v 0.016235 -0.097310 0.104963
v 0.013200 -0.092151 0.103469
v 0.012803 -0.092424 0.096513
v 0.012732 -0.086868 0.095243
v 0.012582 -0.087733 0.088762
v 0.012886 -0.086708 0.102308
v 0.012816 -0.080803 0.101954
v 0.013000 -0.087433 0.109312
v 0.012925 -0.081515 0.108377
v 0.007875 -0.077105 0.107289
v 0.008046 -0.077042 0.101271
v 0.013004 -0.088246 0.115979
v 0.022796 -0.088923 0.120652
v -0.000616 -0.077036 0.100636
v -0.001387 -0.077016 0.106807
v -0.012026 -0.077115 0.107068
v -0.011760 -0.077023 0.100823
v -0.012182 -0.083272 0.101744
v -0.012225 -0.083397 0.108208
v -0.012376 -0.089331 0.109695
v -0.012306 -0.089263 0.102374
v -0.014046 -0.089522 0.118152
v -0.028512 -0.090141 0.119990
v -0.048424 -0.090077 0.120267
v -0.049169 -0.095480 0.119246
v -0.047598 -0.084434 0.120212
v -0.064522 -0.082841 0.120428
v -0.064881 -0.089205 0.120395
v -0.045151 -0.077161 0.120139
v -0.064357 -0.074713 0.120361
v -0.065004 -0.095202 0.119271
v -0.065064 -0.098036 0.113952
v -0.049820 -0.098064 0.114123
v -0.065188 -0.098252 0.106723
v -0.050297 -0.098276 0.106418
v -0.034442 -0.097771 0.106433
v -0.050738 -0.098309 0.097530
v -0.032811 -0.098296 0.096528
v -0.020010 -0.098188 0.103885
v -0.012571 -0.095227 0.102972
v -0.012125 -0.088800 0.094623
v -0.011820 -0.088079 0.086946
v 0.002228 -0.088151 0.086710
v -0.052426 -0.098323 0.084665
v -0.033351 -0.098397 0.084605
v -0.055393 -0.098310 0.065036
v -0.037571 -0.098393 0.066607
v -0.016160 -0.098480 0.068589
v -0.041058 -0.098377 0.045016
v -0.017894 -0.098479 0.047614
v 0.005544 -0.098482 0.048602
v -0.019391 -0.098477 0.023898
v 0.005437 -0.098476 0.024458
v 0.030483 -0.098463 0.023177
v 0.028972 -0.098445 0.046295
v 0.052212 -0.098422 0.021262
v 0.050637 -0.098395 0.043842
v 0.048230 -0.098368 0.065328
v 0.065273 -0.098340 0.042323
v 0.063809 -0.098315 0.063993
v 0.062127 -0.098296 0.082677
v 0.045623 -0.098335 0.082559
v 0.073483 -0.098114 0.062986
v 0.072317 -0.098163 0.082516
v 0.081628 -0.095774 0.062089
v 0.074635 -0.097931 0.041436
v 0.082668 -0.094931 0.040796
v 0.087936 -0.088845 0.040281
v 0.083345 -0.094306 0.018220
v 0.088454 -0.088137 0.017475
v 0.090097 -0.081258 0.016083
v 0.089876 -0.081749 0.039693
v 0.090224 -0.074885 0.038720
v 0.090412 -0.067789 0.037676
v 0.088212 -0.063382 0.036466
v 0.083218 -0.063552 0.015474
v 0.083039 -0.063302 0.035465
v 0.082782 -0.062916 0.048984
v 0.077297 -0.062780 0.034767
v 0.083036 -0.061019 0.056355
v 0.084282 -0.052808 0.060261
v 0.079552 -0.041870 0.059865
v 0.081306 -0.033763 0.053590
v 0.081932 -0.032675 0.037627
v 0.075484 -0.032570 0.017697
v 0.081223 -0.032630 0.017756
v 0.087460 -0.033013 0.018008
v 0.080980 -0.033626 0.001675
v 0.090177 -0.029832 0.018147
v 0.090254 -0.022904 0.017989
v 0.090269 -0.015282 0.002484
v 0.090148 -0.014479 0.017232
v 0.089998 -0.012996 0.037402
v 0.090062 -0.000670 0.013802
v 0.089878 -0.001147 0.036083
v 0.089912 -0.010691 0.053894
v 0.089737 -0.007589 0.063599
v 0.090435 0.014664 0.032809
v 0.090190 0.034166 0.006942
v 0.092146 0.035340 -0.006560
v 0.092771 0.055278 -0.006052
v 0.090597 0.038379 -0.016839
v 0.090584 0.056426 -0.017165
v 0.090483 0.069672 -0.018201
v 0.090557 0.056838 -0.032232
v 0.090438 0.069525 -0.033265
v 0.090218 0.077314 -0.032396
v 0.090020 0.077172 -0.046826
v 0.088782 0.083707 -0.045618
v 0.082439 0.076061 -0.058998
v 0.082012 0.082539 -0.059171
v 0.080553 0.087953 -0.058760
v 0.069399 0.080967 -0.069103
v 0.068360 0.085863 -0.070027
v 0.066081 0.089923 -0.070052
v 0.061845 0.084886 -0.086138
v 0.060022 0.089522 -0.085999
v 0.056510 0.092898 -0.085520
v 0.060165 0.089788 -0.106062
v 0.056228 0.093306 -0.105953
v 0.051358 0.094706 -0.105892
v 0.056789 0.093368 -0.126194
v 0.051691 0.094851 -0.126323
v 0.046830 0.094813 -0.126528
v 0.051857 0.094804 -0.145906
v 0.046956 0.094893 -0.146531
v 0.044873 0.089758 -0.147229
v 0.044815 0.089857 -0.126738
v 0.027912 0.094660 -0.151371
v 0.026390 0.094531 -0.128287
v 0.006134 0.094987 -0.156251
v 0.003868 0.094924 -0.136102
v 0.022378 0.092928 -0.117334
v 0.019159 0.091958 -0.116958
v 0.018632 0.092713 -0.117003
v 0.022657 0.093666 -0.117630
v 0.018489 0.092917 -0.117015
v 0.022559 0.093408 -0.117527
v 0.018303 0.093185 -0.117031
v 0.022439 0.093087 -0.117398
v 0.016596 0.093905 -0.117660
v 0.016952 0.094213 -0.102217
v 0.026165 0.094657 -0.167472
v -0.018451 0.094857 -0.160785
v -0.032763 0.094869 -0.178569
v 0.044894 0.090044 -0.165038
v 0.046856 0.094973 -0.164364
v 0.045741 0.093641 -0.180797
v 0.051841 0.094996 -0.177897
v 0.051767 0.094909 -0.186815
v 0.046773 0.094716 -0.187188
v 0.051893 0.094976 -0.163459
v 0.056951 0.093440 -0.162755
v 0.056850 0.093788 -0.176672
v 0.057005 0.093287 -0.145359
v 0.060914 0.089517 -0.144932
v 0.060988 0.089883 -0.162177
v 0.060717 0.089662 -0.126145
v 0.062360 0.084448 -0.126119
v 0.062637 0.084185 -0.144623
v 0.061958 0.084983 -0.106253
v 0.062379 0.079622 -0.106482
v 0.062715 0.078720 -0.126057
v 0.062331 0.079886 -0.085903
v 0.062977 0.078362 -0.144654
v 0.062976 0.078817 -0.161420
v 0.062682 0.084635 -0.161785
v 0.062958 0.080043 -0.175210
v 0.062607 0.085465 -0.175685
v 0.060762 0.090336 -0.176065
v 0.062612 0.086185 -0.185453
v 0.060569 0.090709 -0.185756
v 0.056633 0.093800 -0.186141
v 0.060529 0.091103 -0.194123
v 0.056537 0.094028 -0.194201
v 0.051681 0.095050 -0.194219
v 0.056484 0.094001 -0.203906
v 0.051615 0.094948 -0.203584
v 0.047082 0.094755 -0.203060
v 0.047088 0.094911 -0.194121
v 0.045261 0.090074 -0.202404
v 0.047303 0.094476 -0.216516
v 0.045410 0.089866 -0.215661
v 0.044073 0.094119 -0.214870
v 0.044166 0.094020 -0.201590
v 0.039171 0.094989 -0.214012
v 0.039849 0.094942 -0.200332
v 0.043684 0.093793 -0.231040
v 0.038664 0.095003 -0.230277
v 0.042814 0.094946 -0.248960
v 0.037310 0.094978 -0.248033
v 0.030481 0.094881 -0.246612
v 0.034976 0.094992 -0.267641
v 0.023662 0.094947 -0.265070
v 0.006660 0.094875 -0.263753
v 0.023598 0.094994 -0.287494
v 0.007692 0.094973 -0.287008
v -0.015251 0.094989 -0.286354
v -0.016107 0.094931 -0.264893
v -0.029245 0.094989 -0.285725
v -0.029902 0.094958 -0.265165
v -0.014139 0.095002 -0.307619
v -0.028626 0.094994 -0.307600
v -0.012650 0.095005 -0.326931
v -0.027755 0.094999 -0.325778
v -0.011966 0.095008 -0.346869
v -0.026941 0.095003 -0.345117
v -0.012500 0.095010 -0.367481
v -0.026897 0.095001 -0.365083
v -0.014258 0.095012 -0.386510
v -0.026916 0.095017 -0.382169
v -0.016615 0.095003 -0.403991
v -0.027980 0.095022 -0.400038
v -0.022338 0.094939 -0.419787
v -0.030089 0.094979 -0.419160
v -0.037210 0.094949 -0.419163
v -0.043244 0.090054 -0.434396
v -0.043153 0.090076 -0.419149
v -0.049577 0.092878 -0.439373
v -0.048813 0.092724 -0.419090
v -0.054583 0.095020 -0.418836
v -0.061969 0.095008 -0.418763
v -0.063699 0.094987 -0.394312
v -0.070637 0.094902 -0.418677
v -0.071719 0.094839 -0.393906
v -0.073388 0.094635 -0.367272
v -0.065594 0.094941 -0.367360
v -0.074327 0.094566 -0.342419
v -0.066608 0.094932 -0.342621
v -0.074707 0.094357 -0.319845
v -0.066807 0.094914 -0.320976
v -0.071448 0.094829 -0.300722
v -0.064139 0.094974 -0.302780
v -0.061918 0.094640 -0.282004
v -0.056487 0.094973 -0.283159
v -0.056645 0.093360 -0.264945
v -0.051972 0.094263 -0.265077
v -0.057525 0.093349 -0.247608
v -0.052791 0.094124 -0.246808
v -0.058472 0.092274 -0.229046
v -0.060809 0.089780 -0.248384
v -0.061398 0.088538 -0.229832
v -0.061678 0.087707 -0.211629
v -0.062183 0.083692 -0.230588
v -0.062241 0.082637 -0.212702
v -0.062240 0.081852 -0.194163
v -0.061917 0.087136 -0.193788
v -0.062260 0.080999 -0.175870
v -0.061992 0.086512 -0.176336
v -0.062297 0.080067 -0.156839
v -0.061895 0.085588 -0.157469
v -0.062443 0.078907 -0.137475
v -0.062114 0.084675 -0.137927
v -0.060161 0.089975 -0.138415
v -0.062078 0.084003 -0.118201
v -0.060561 0.089499 -0.118752
v -0.056606 0.093198 -0.119207
v -0.060511 0.089267 -0.100390
v -0.056473 0.093362 -0.100972
v -0.050895 0.094744 -0.101445
v -0.060477 0.089236 -0.085457
v -0.062043 0.083689 -0.099798
v -0.062134 0.083762 -0.085087
v -0.064010 0.084000 -0.073695
v -0.062450 0.077982 -0.084313
v -0.064264 0.078016 -0.073441
v -0.071180 0.077493 -0.065618
v -0.071383 0.084203 -0.065396
v -0.081031 0.076941 -0.058721
v -0.080214 0.083943 -0.057704
v -0.088944 0.076806 -0.049125
v -0.086856 0.083783 -0.047634
v -0.062431 0.077750 -0.098910
v -0.062575 0.071200 -0.097261
v -0.062471 0.077839 -0.117381
v -0.062735 0.071362 -0.116524
v -0.063208 0.064473 -0.114275
v -0.061971 0.064006 -0.094147
v -0.058236 0.061988 -0.091096
v -0.062722 0.061191 -0.101546
v -0.063896 0.059901 -0.089926
v -0.058662 0.062570 -0.089637
v -0.057572 0.063803 -0.098805
v -0.068768 0.057168 -0.090865
v -0.069664 0.056463 -0.081145
v -0.073507 0.053629 -0.090553
v -0.069970 0.056244 -0.074490
v -0.066529 0.059194 -0.109490
v -0.072062 0.055142 -0.109242
v -0.077148 0.049853 -0.090059
v -0.074125 0.047445 -0.089599
v -0.068279 0.046670 -0.088820
v -0.068626 0.046577 -0.079264
v -0.062250 0.045963 -0.087760
v -0.062760 0.045880 -0.078666
v -0.063606 0.044167 -0.071098
v -0.069355 0.044804 -0.071563
v -0.054446 0.045163 -0.077929
v -0.056730 0.043531 -0.070880
v -0.054355 0.045358 -0.086377
v -0.042317 0.045095 -0.084305
v -0.062818 0.046103 -0.103211
v -0.055160 0.045380 -0.099662
v -0.045710 0.045141 -0.096414
v -0.050295 0.045218 -0.118482
v -0.052727 0.045133 -0.139947
v -0.043812 0.044999 -0.139157
v -0.040545 0.044908 -0.116060
v -0.033764 0.044121 -0.094306
v -0.036160 0.044638 -0.111441
v -0.030973 0.044202 -0.097677
v -0.033839 0.043214 -0.110200
v -0.030635 0.044212 -0.098085
v -0.037258 0.040451 -0.109021
v -0.037957 0.040080 -0.093777
v -0.042391 0.034869 -0.077828
v -0.035661 0.042284 -0.077732
v -0.042319 0.035345 -0.091973
v -0.045078 0.029149 -0.091158
v -0.045062 0.028567 -0.077351
v -0.045428 0.029384 -0.062618
v -0.046278 0.020531 -0.077068
v -0.046547 0.020215 -0.062639
v -0.048269 0.013186 -0.077160
v -0.045842 0.021510 -0.090737
v -0.048029 0.014012 -0.090389
v -0.051165 0.007559 -0.090217
v -0.050395 0.006331 -0.078525
v -0.050628 0.000202 -0.090388
v -0.050419 -0.000781 -0.079661
v -0.050573 -0.007496 -0.090571
v -0.050401 -0.007970 -0.080193
v -0.050651 -0.008439 -0.072497
v -0.050095 -0.014626 -0.080548
v -0.050089 -0.014539 -0.072484
v -0.051700 -0.014686 -0.065477
v -0.051997 -0.008915 -0.066241
v -0.058270 -0.015126 -0.065408
v -0.056981 -0.009511 -0.067080
v -0.059558 -0.011661 -0.072777
v -0.058266 -0.004458 -0.073339
v -0.057508 0.002822 -0.074055
v -0.061832 -0.015093 -0.076896
v -0.059142 -0.006636 -0.078689
v -0.058989 0.001793 -0.079037
v -0.059906 0.000672 -0.084537
v -0.060769 -0.000097 -0.090727
v -0.061088 0.008466 -0.090875
v -0.061908 -0.000320 -0.097174
v -0.062235 0.008783 -0.097219
v -0.063065 -0.000417 -0.103349
v -0.063388 0.009117 -0.103322
v -0.064383 -0.000590 -0.109755
v -0.064568 0.008955 -0.109761
v -0.066492 0.008591 -0.116723
v -0.071968 0.016178 -0.117050
v -0.074959 0.016432 -0.110765
v -0.074723 0.017542 -0.103736
v -0.073202 0.009338 -0.097216
v -0.072813 0.000454 -0.098137
v -0.071927 -0.000602 -0.091240
v -0.072472 0.008634 -0.089953
v -0.071461 -0.002609 -0.083451
v -0.071855 0.006050 -0.081405
v -0.071580 -0.005000 -0.075451
v -0.071627 -0.013674 -0.071833
v -0.072109 -0.006877 -0.068251
v -0.067888 -0.016741 -0.075756
v -0.072697 -0.007701 -0.098419
v -0.073692 -0.014575 -0.104320
v -0.072696 -0.015641 -0.098737
v -0.072785 -0.022943 -0.099068
v -0.072836 -0.029176 -0.099030
v -0.071855 -0.028218 -0.092025
v -0.072392 -0.034492 -0.098478
v -0.071353 -0.033063 -0.091240
v -0.070203 -0.031825 -0.084364
v -0.070720 -0.027290 -0.085692
v -0.069258 -0.030704 -0.078708
v -0.065941 -0.033585 -0.083846
v -0.064839 -0.032320 -0.077389
v -0.060579 -0.034378 -0.083677
v -0.059618 -0.032714 -0.076726
v -0.067147 -0.035125 -0.091213
v -0.061997 -0.036280 -0.091587
v -0.068217 -0.036824 -0.098702
v -0.069303 -0.038363 -0.105774
v -0.070151 -0.039997 -0.112794
v -0.074517 -0.013558 -0.109536
v -0.062423 -0.011257 -0.102493
v -0.063598 -0.011167 -0.108355
v -0.047231 -0.020228 -0.080988
v -0.050145 -0.014528 -0.090651
v -0.047239 -0.020600 -0.091044
v -0.045306 -0.027049 -0.091826
v -0.045325 -0.026441 -0.081584
v -0.044511 -0.033696 -0.092693
v -0.044683 -0.032958 -0.082876
v -0.041713 -0.038682 -0.093469
v -0.042099 -0.038230 -0.084020
v -0.037772 -0.043273 -0.094367
v -0.038259 -0.042953 -0.084703
v -0.037346 -0.046379 -0.095434
v -0.037353 -0.046449 -0.085395
v -0.042555 -0.046679 -0.096649
v -0.042237 -0.046614 -0.086053
v -0.041751 -0.046542 -0.078471
v -0.048228 -0.046754 -0.086654
v -0.047911 -0.046607 -0.078603
v -0.054233 -0.046940 -0.087160
v -0.054093 -0.046790 -0.078668
v -0.054152 -0.046037 -0.071697
v -0.060066 -0.047378 -0.078503
v -0.060489 -0.046601 -0.071440
v -0.061192 -0.042613 -0.065054
v -0.066387 -0.047116 -0.071715
v -0.066783 -0.043041 -0.065199
v -0.071944 -0.047973 -0.072493
v -0.073209 -0.044638 -0.066788
v -0.076393 -0.050156 -0.073593
v -0.078427 -0.046763 -0.068185
v -0.080301 -0.042327 -0.062434
v -0.082760 -0.034110 -0.058274
v -0.071243 -0.049072 -0.079085
v -0.076214 -0.050536 -0.079457
v -0.076100 -0.054473 -0.079416
v -0.076220 -0.050407 -0.088231
v -0.075759 -0.054769 -0.088028
v -0.075998 -0.050374 -0.104491
v -0.075091 -0.054810 -0.104597
v -0.070677 -0.058999 -0.103309
v -0.069674 -0.059981 -0.122952
v -0.064328 -0.062392 -0.123172
v -0.068493 -0.060913 -0.138448
v -0.063447 -0.062882 -0.140920
v -0.057788 -0.064692 -0.143599
v -0.058124 -0.064365 -0.122805
v -0.063014 -0.063148 -0.151773
v -0.068113 -0.061263 -0.150576
v -0.067623 -0.061433 -0.160908
v -0.062603 -0.063349 -0.160435
v -0.071601 -0.057860 -0.160839
v -0.070943 -0.058662 -0.172856
v -0.074474 -0.055246 -0.174224
v -0.074328 -0.056396 -0.189018
v -0.070428 -0.059484 -0.187763
v -0.075523 -0.054387 -0.160426
v -0.073770 -0.050990 -0.160019
v -0.073691 -0.051244 -0.175094
v -0.068868 -0.049486 -0.175710
v -0.069840 -0.049651 -0.191639
v -0.074488 -0.051904 -0.190334
v -0.068547 -0.049503 -0.159526
v -0.063981 -0.048757 -0.158746
v -0.063743 -0.048607 -0.176103
v -0.058600 -0.047932 -0.176339
v -0.059050 -0.047986 -0.194220
v -0.064366 -0.048621 -0.192827
v -0.058568 -0.047760 -0.158634
v -0.053358 -0.047430 -0.158854
v -0.053935 -0.047496 -0.176767
v -0.048974 -0.047190 -0.177393
v -0.053948 -0.047593 -0.195292
v -0.048104 -0.047170 -0.159316
v -0.042736 -0.046711 -0.160105
v -0.043785 -0.046811 -0.178167
v -0.047656 -0.047155 -0.141581
v -0.042134 -0.046782 -0.142343
v -0.036935 -0.045921 -0.142899
v -0.037500 -0.045803 -0.161007
v -0.048294 -0.047077 -0.126326
v -0.042538 -0.046859 -0.126294
v -0.037222 -0.046183 -0.126287
v -0.037074 -0.043162 -0.126263
v -0.036822 -0.042898 -0.143355
v -0.042679 -0.046785 -0.111422
v -0.037334 -0.046323 -0.110347
v -0.037391 -0.043262 -0.109439
v -0.041490 -0.038996 -0.108614
v -0.041188 -0.039030 -0.126207
v -0.044352 -0.034452 -0.126133
v -0.043905 -0.034157 -0.144293
v -0.041004 -0.038588 -0.143796
v -0.044503 -0.034407 -0.107839
v -0.045239 -0.027540 -0.107077
v -0.045143 -0.028107 -0.126006
v -0.045248 -0.021075 -0.125891
v -0.045579 -0.022909 -0.145621
v -0.045085 -0.028430 -0.144885
v -0.047122 -0.020784 -0.106485
v -0.050520 -0.014469 -0.106182
v -0.050065 -0.015863 -0.125852
v -0.050522 -0.008287 -0.126180
v -0.050381 -0.011157 -0.146158
v -0.048904 -0.018107 -0.145920
v -0.050820 -0.007251 -0.106056
v -0.050721 0.000776 -0.106111
v -0.050231 0.000635 -0.126570
v -0.050585 0.010133 -0.126709
v -0.049734 0.009613 -0.145226
v -0.050423 -0.001901 -0.145587
v -0.051039 0.008813 -0.106530
v -0.047204 0.015510 -0.106868
v -0.046241 0.017917 -0.126517
v -0.045139 0.025783 -0.126110
v -0.045082 0.028885 -0.145347
v -0.045457 0.020279 -0.145763
v -0.045345 0.023240 -0.107368
v -0.045032 0.030849 -0.107904
v -0.043932 0.033502 -0.125460
v -0.038680 0.038955 -0.124079
v -0.036932 0.040058 -0.142221
v -0.042563 0.034913 -0.143854
v -0.041495 0.036189 -0.108420
v -0.032776 0.044506 -0.121025
v -0.029629 0.044077 -0.140806
v -0.030604 0.044363 -0.119273
v -0.037184 0.039959 -0.160994
v -0.042039 0.035346 -0.161274
v -0.039110 0.040083 -0.178777
v -0.043841 0.034558 -0.177216
v -0.037552 0.043752 -0.199721
v -0.040094 0.044059 -0.200162
v -0.030773 0.042165 -0.219398
v -0.035555 0.043851 -0.181012
v -0.047917 0.045054 -0.179805
v -0.049187 0.045071 -0.200887
v -0.030853 0.043942 -0.161039
v -0.045312 0.045180 -0.159936
v -0.054333 0.045482 -0.159226
v -0.055270 0.045653 -0.180059
v -0.060547 0.046331 -0.180795
v -0.060124 0.046296 -0.201465
v -0.055248 0.045717 -0.201293
v -0.060452 0.043337 -0.222020
v -0.054288 0.043228 -0.222943
v -0.059511 0.044791 -0.236064
v -0.051916 0.044246 -0.236531
v -0.059275 0.044788 -0.245288
v -0.051144 0.044174 -0.244732
v -0.059792 0.043902 -0.253233
v -0.052153 0.043812 -0.252365
v -0.061257 0.038687 -0.259815
v -0.053272 0.039657 -0.259069
v -0.043719 0.035200 -0.262808
v -0.043274 0.029912 -0.265903
v -0.034391 0.031207 -0.265233
v -0.034536 0.036363 -0.261451
v -0.025398 0.032062 -0.264800
v -0.025369 0.036561 -0.260723
v -0.014677 0.032132 -0.264206
v -0.014651 0.036162 -0.260595
v -0.013994 0.040293 -0.256445
v -0.013266 0.040422 -0.252014
v -0.002243 0.035804 -0.260547
v -0.001842 0.039417 -0.256971
v -0.001492 0.038179 -0.254276
v -0.001336 0.033095 -0.252721
v -0.013311 0.034312 -0.251940
v 0.009723 0.039471 -0.256447
v 0.009865 0.038614 -0.252040
v 0.010462 0.033044 -0.252151
v 0.011206 0.027235 -0.252942
v -0.000621 0.027339 -0.253047
v 0.019524 0.039401 -0.250511
v 0.020496 0.033890 -0.251828
v 0.021284 0.028269 -0.252780
v 0.021861 0.021792 -0.252779
v 0.011891 0.020739 -0.253056
v 0.027770 0.035308 -0.250790
v 0.028861 0.029698 -0.252540
v 0.029134 0.022577 -0.252534
v 0.028291 0.011993 -0.252423
v 0.021602 0.012012 -0.252810
v 0.034966 0.030952 -0.251555
v 0.035478 0.022777 -0.251425
v 0.034635 0.012191 -0.250855
v 0.034838 -0.001802 -0.252374
v 0.028328 -0.002288 -0.252625
v 0.030613 -0.016426 -0.252633
v 0.023646 -0.016206 -0.252969
v 0.021936 -0.002048 -0.253113
v 0.037615 -0.017251 -0.252112
v 0.040929 -0.019442 -0.246524
v 0.025007 -0.024941 -0.252624
v 0.016934 -0.028497 -0.252702
v 0.015997 -0.032884 -0.252261
v 0.009630 -0.031834 -0.252780
v 0.008973 -0.026783 -0.252975
v 0.003146 -0.031257 -0.252897
v 0.001638 -0.025962 -0.252979
v -0.004134 -0.031311 -0.252766
v -0.006215 -0.026068 -0.252882
v -0.011534 -0.033184 -0.252380
v -0.014329 -0.028115 -0.252758
v -0.022563 -0.032144 -0.252486
v -0.025206 -0.025136 -0.253431
v -0.029892 -0.036656 -0.250912
v -0.033704 -0.027715 -0.252572
v -0.035720 -0.038928 -0.246101
v -0.039874 -0.029502 -0.247122
v -0.039630 -0.037030 -0.235345
v -0.042137 -0.029291 -0.235747
v -0.043566 -0.018946 -0.235577
v -0.046461 -0.002254 -0.235655
v -0.052431 0.009487 -0.230034
v -0.047256 0.010995 -0.232914
v -0.056268 0.008179 -0.227008
v -0.056093 0.016325 -0.222943
v -0.057108 0.022712 -0.215192
v -0.058326 -0.005108 -0.223153
v -0.058179 -0.020355 -0.216468
v -0.055263 -0.004371 -0.216992
v -0.052780 -0.003075 -0.206171
v -0.059797 -0.028638 -0.204026
v -0.055048 -0.032493 -0.182715
v -0.050687 -0.034634 -0.182260
v -0.045337 -0.029866 -0.163731
v -0.047281 -0.025178 -0.164586
v -0.046531 -0.036705 -0.181696
v -0.043632 -0.034331 -0.162617
v -0.042525 -0.039493 -0.180871
v -0.040790 -0.038262 -0.161847
v -0.039751 -0.042918 -0.180110
v -0.037049 -0.042104 -0.161419
v -0.038838 -0.046138 -0.180332
v -0.044479 -0.039681 -0.203049
v -0.042006 -0.035338 -0.220315
v -0.032684 -0.042765 -0.235405
v -0.020588 -0.045735 -0.235274
v -0.008106 -0.037355 -0.252814
v -0.002101 -0.035837 -0.253500
v -0.000563 -0.039304 -0.256470
v -0.006428 -0.040512 -0.256124
v 0.004290 -0.035907 -0.253738
v 0.005440 -0.039581 -0.255826
v 0.007349 -0.040313 -0.259435
v 0.000325 -0.039429 -0.260486
v 0.000851 -0.036653 -0.263383
v -0.007078 -0.036847 -0.263197
v -0.006572 -0.039870 -0.260001
v 0.009098 -0.037767 -0.262759
v 0.009698 -0.034070 -0.264994
v 0.001185 -0.032825 -0.264986
v 0.018427 -0.039853 -0.260616
v 0.020085 -0.035765 -0.264985
v 0.020490 -0.029559 -0.266213
v 0.010245 -0.028869 -0.265694
v 0.010761 -0.023619 -0.265763
v 0.001899 -0.023228 -0.265422
v 0.001474 -0.028095 -0.265370
v 0.021105 -0.022958 -0.266362
v 0.021993 -0.016087 -0.266370
v 0.032760 -0.014231 -0.266971
v 0.034425 -0.007213 -0.265178
v 0.023852 -0.007739 -0.265119
v 0.025828 0.000182 -0.263673
v 0.027842 0.008364 -0.266354
v 0.028210 0.016238 -0.266878
v 0.018508 0.016054 -0.266516
v 0.019272 0.022682 -0.266343
v 0.008733 0.022497 -0.265924
v 0.008393 0.016695 -0.266112
v 0.028713 0.023229 -0.266727
v 0.029248 0.029332 -0.265918
v 0.019832 0.028716 -0.265696
v 0.036837 0.029537 -0.265997
v 0.036657 0.034953 -0.262190
v 0.029371 0.034412 -0.262551
v 0.043106 0.029457 -0.266136
v 0.042913 0.035358 -0.261950
v 0.035782 0.039509 -0.257424
v 0.048784 0.028999 -0.266401
v 0.048893 0.035680 -0.261780
v 0.033968 0.041387 -0.252029
v 0.027804 0.040920 -0.253789
v 0.028757 0.038626 -0.258492
v 0.019846 0.040354 -0.255085
v 0.020227 0.037487 -0.259518
v 0.020252 0.033485 -0.263167
v 0.009549 0.036325 -0.260308
v 0.009328 0.032489 -0.263692
v 0.009076 0.027916 -0.265467
v -0.002522 0.032101 -0.263862
v -0.002655 0.027416 -0.265508
v -0.002618 0.022147 -0.265765
v -0.014315 0.026966 -0.266102
v -0.013918 0.020964 -0.266303
v -0.012653 0.014915 -0.266253
v -0.002394 0.016630 -0.265832
v -0.023867 0.020032 -0.266842
v -0.022605 0.012911 -0.266750
v -0.024715 0.026439 -0.266544
v 0.026796 0.040120 -0.249314
v 0.031939 0.040738 -0.247821
v 0.033096 0.036497 -0.248939
v 0.036800 0.036926 -0.245387
v 0.039531 0.031573 -0.247306
v 0.038392 0.036875 -0.239906
v 0.040202 0.031334 -0.239425
v -0.006562 -0.022453 -0.265730
v -0.007158 -0.027785 -0.265686
v -0.007256 -0.032924 -0.265115
v -0.016113 -0.027645 -0.266198
v -0.016566 -0.033920 -0.265253
v -0.016090 -0.038667 -0.262006
v -0.026455 -0.034227 -0.265345
v -0.026649 -0.040560 -0.260259
v -0.026094 -0.045313 -0.254405
v -0.014477 -0.042715 -0.257861
v -0.038060 -0.040388 -0.260531
v -0.037275 -0.046093 -0.253340
v -0.049099 -0.039751 -0.261236
v -0.048338 -0.046540 -0.252322
v -0.046452 -0.047282 -0.241562
v -0.056256 -0.046983 -0.251576
v -0.054655 -0.047636 -0.239880
v -0.052185 -0.047565 -0.228437
v -0.043186 -0.047115 -0.230733
v -0.027199 -0.046392 -0.228738
v -0.061574 -0.048015 -0.238338
v -0.059629 -0.048052 -0.226315
v -0.056789 -0.047992 -0.216059
v -0.065724 -0.048494 -0.224359
v -0.063288 -0.048471 -0.214099
v -0.060978 -0.048188 -0.205715
v -0.054748 -0.047781 -0.207284
v -0.068725 -0.048919 -0.212209
v -0.066510 -0.048837 -0.203859
v -0.070983 -0.048901 -0.222569
v -0.072483 -0.048836 -0.235409
v -0.077503 -0.049302 -0.233678
v -0.067142 -0.048397 -0.236971
v -0.068285 -0.047926 -0.249783
v -0.073010 -0.048711 -0.248991
v -0.063077 -0.047379 -0.250644
v -0.074093 -0.043143 -0.261776
v -0.076949 -0.045817 -0.263156
v -0.078042 -0.050049 -0.248127
v -0.078447 -0.049070 -0.264496
v -0.077048 -0.054853 -0.246547
v -0.077720 -0.053624 -0.231921
v -0.072461 -0.059068 -0.245361
v -0.073288 -0.058470 -0.230603
v -0.065243 -0.062804 -0.236309
v -0.066966 -0.062122 -0.229791
v -0.069255 -0.061014 -0.221619
v -0.059165 -0.065381 -0.230502
v -0.061020 -0.064703 -0.225537
v -0.065368 -0.062953 -0.212657
v -0.070773 -0.060216 -0.210942
v -0.066978 -0.062059 -0.201157
v -0.070851 -0.059845 -0.201246
v -0.056473 -0.067326 -0.228935
v -0.055936 -0.067498 -0.230543
v -0.058695 -0.065620 -0.232267
v -0.054924 -0.067308 -0.230576
v -0.054762 -0.067351 -0.230860
v -0.057917 -0.066037 -0.232544
v -0.057097 -0.066448 -0.233188
v -0.054411 -0.067430 -0.231697
v -0.058050 -0.067785 -0.229995
v 0.062895 0.038471 -0.489414
v -0.060642 -0.068504 -0.229509
v -0.056943 -0.067003 -0.226285
v -0.055745 -0.067692 -0.232236
v -0.055540 -0.067434 -0.232886
v -0.058907 -0.068138 -0.231124
v -0.057012 -0.066993 -0.226138
v -0.060308 -0.068004 -0.227346
v -0.057203 -0.066965 -0.225727
v -0.054348 -0.067386 -0.231509
v 0.053339 0.063502 -0.266464
v -0.058403 -0.067944 -0.230900
v -0.062227 -0.076091 -0.219048
v -0.062289 -0.071597 -0.213906
v -0.057282 -0.066954 -0.225556
v -0.062278 -0.074978 -0.235998
v -0.062308 -0.082982 -0.235748
v -0.062213 -0.084815 -0.213224
v -0.062171 -0.086655 -0.183616
v -0.062193 -0.080602 -0.184924
v -0.062166 -0.087022 -0.158057
v -0.062251 -0.081333 -0.157942
v -0.062304 -0.087606 -0.133572
v -0.062351 -0.081902 -0.133040
v -0.062273 -0.076336 -0.132052
v -0.062115 -0.070914 -0.130890
v -0.062428 -0.082873 -0.109984
v -0.062359 -0.077179 -0.108677
v -0.061642 -0.071382 -0.106581
v -0.057949 -0.067590 -0.104876
v -0.062361 -0.076880 -0.091432
v -0.062423 -0.082993 -0.092879
v -0.062777 -0.082872 -0.079299
v -0.063004 -0.076243 -0.077819
v -0.073598 -0.082875 -0.065258
v -0.074724 -0.075005 -0.064433
v -0.062344 -0.088720 -0.079880
v -0.071282 -0.089291 -0.066472
v -0.085142 -0.090323 -0.053078
v -0.067660 -0.094582 -0.066391
v -0.080665 -0.095489 -0.050835
v -0.083751 -0.093581 -0.031117
v -0.073956 -0.097861 -0.048563
v -0.077727 -0.096895 -0.029027
v -0.077883 -0.096797 -0.005425
v -0.084253 -0.093150 -0.006589
v -0.077846 -0.096985 0.018042
v -0.084417 -0.092745 0.017208
v -0.077260 -0.097379 0.040950
v -0.084101 -0.093130 0.040294
v -0.076039 -0.097775 0.062523
v -0.083192 -0.093939 0.061424
v -0.074896 -0.097864 0.083018
v -0.082049 -0.094466 0.081580
v -0.074514 -0.097950 0.096857
v -0.081444 -0.094731 0.096087
v -0.074827 -0.097978 0.106833
v -0.081718 -0.095040 0.106557
v -0.086430 -0.090132 0.106056
v -0.065594 -0.098246 0.097419
v -0.066366 -0.098228 0.084045
v -0.067656 -0.098223 0.063668
v -0.068881 -0.098194 0.041788
v -0.057787 -0.098297 0.043025
v -0.069747 -0.098176 0.018954
v -0.059361 -0.098287 0.020173
v -0.043522 -0.098375 0.021939
v -0.060522 -0.098282 -0.002735
v -0.045064 -0.098387 -0.000539
v -0.020556 -0.098473 0.001910
v -0.045388 -0.098417 -0.021596
v -0.021231 -0.098468 -0.018213
v 0.005115 -0.098461 -0.017502
v 0.005367 -0.098468 0.002612
v 0.031672 -0.098454 -0.019196
v 0.031513 -0.098461 0.001190
v 0.053172 -0.098446 -0.022602
v 0.053158 -0.098443 -0.001085
v 0.067236 -0.098385 -0.025312
v 0.066965 -0.098366 -0.002801
v 0.066354 -0.098346 0.019876
v 0.076003 -0.097529 -0.003979
v 0.075523 -0.097678 0.018972
v 0.083522 -0.094059 -0.005083
v 0.076432 -0.097437 -0.027164
v 0.083497 -0.093961 -0.028950
v 0.088158 -0.088072 -0.031281
v 0.088446 -0.087787 -0.006920
v 0.090143 -0.080376 -0.033074
v 0.090200 -0.079966 -0.008513
v 0.085686 -0.090363 -0.052296
v 0.087856 -0.081682 -0.053831
v 0.088221 -0.071280 -0.053840
v 0.074904 -0.082978 -0.064692
v 0.076422 -0.074164 -0.063084
v 0.063177 -0.085151 -0.079330
v 0.063568 -0.077993 -0.076677
v 0.062852 -0.085995 -0.095537
v 0.062774 -0.079712 -0.094443
v 0.062821 -0.086425 -0.116128
v 0.062863 -0.080513 -0.115690
v 0.062549 -0.074670 -0.114334
v 0.062967 -0.080369 -0.138358
v 0.062782 -0.074676 -0.138546
v 0.061529 -0.069515 -0.138685
v 0.060409 -0.069087 -0.114791
v 0.057054 -0.066745 -0.139359
v 0.057417 -0.066335 -0.116869
v 0.058683 -0.067192 -0.101740
v 0.056702 -0.067577 -0.095119
v 0.055822 -0.066770 -0.120088
v 0.061632 -0.064727 -0.139421
v 0.057856 -0.066683 -0.160115
v 0.062950 -0.064296 -0.159898
v 0.067589 -0.062118 -0.159699
v 0.066459 -0.062690 -0.139643
v 0.071750 -0.059283 -0.159486
v 0.070847 -0.060026 -0.139979
v 0.070068 -0.060235 -0.124132
v 0.069960 -0.059915 -0.109764
v 0.074932 -0.054493 -0.094793
v 0.071202 -0.058116 -0.094568
v 0.079653 -0.054074 -0.083218
v 0.077759 -0.052049 -0.095063
v 0.081656 -0.050861 -0.083416
v 0.083802 -0.049908 -0.073844
v 0.083772 -0.054192 -0.073528
v 0.083399 -0.046984 -0.066033
v 0.079271 -0.047818 -0.073310
v 0.078929 -0.044957 -0.066574
v 0.078617 -0.040710 -0.061306
v 0.083024 -0.041944 -0.060498
v 0.078959 -0.034245 -0.058610
v 0.083906 -0.035804 -0.057436
v 0.079912 -0.025682 -0.057941
v 0.085552 -0.026628 -0.055894
v 0.088697 -0.027370 -0.050670
v 0.086028 -0.014019 -0.054358
v 0.088548 -0.014261 -0.048818
v 0.089290 -0.014539 -0.042305
v 0.089514 -0.028203 -0.043969
v 0.089798 -0.014967 -0.034366
v 0.090099 -0.028862 -0.034000
v 0.090288 -0.015562 -0.022746
v 0.090350 0.004931 -0.031981
v 0.090352 -0.015910 -0.010070
v 0.090078 -0.001323 0.002643
v 0.091842 0.015877 0.001417
v 0.090027 0.002142 -0.041781
v 0.089490 0.001723 -0.048091
v 0.090433 0.017267 -0.048312
v 0.091044 0.018185 -0.040584
v 0.092709 0.021237 -0.030030
v 0.090079 0.029501 -0.050454
v 0.090729 0.029410 -0.041435
v 0.091240 0.026201 -0.030487
v 0.090550 0.041490 -0.030559
v 0.092401 0.021298 -0.020375
v 0.088032 0.016795 -0.054692
v 0.086152 0.029445 -0.056464
v 0.082852 0.016769 -0.057561
v 0.081119 0.029047 -0.058461
v 0.082497 0.002139 -0.056741
v 0.077422 0.002116 -0.058276
v 0.087263 0.001809 -0.053743
v 0.081243 -0.013744 -0.057195
v 0.076001 -0.011921 -0.058517
v 0.071464 -0.010241 -0.060655
v 0.072100 0.001894 -0.060397
v 0.072183 0.001232 -0.065779
v 0.072207 0.000647 -0.072095
v 0.072368 -0.000611 -0.078750
v 0.072670 -0.009250 -0.084833
v 0.072693 -0.001372 -0.085884
v 0.073250 -0.009442 -0.091926
v 0.073396 -0.001661 -0.093412
v 0.073388 0.005951 -0.093441
v 0.074509 -0.001569 -0.101258
v 0.074504 0.006272 -0.101584
v 0.074363 0.012375 -0.101121
v 0.073281 0.011857 -0.092381
v 0.075676 0.006867 -0.110039
v 0.075460 0.012772 -0.109578
v 0.076520 0.007902 -0.117617
v 0.076771 -0.001433 -0.117843
v 0.071862 -0.001333 -0.120191
v 0.070447 0.008205 -0.118816
v 0.075743 -0.001460 -0.109684
v 0.075606 -0.009894 -0.108167
v 0.076869 -0.010962 -0.116493
v 0.074346 -0.009679 -0.099751
v 0.075409 -0.016333 -0.105835
v 0.074651 -0.022959 -0.102585
v 0.073178 -0.029230 -0.099875
v 0.074318 -0.030716 -0.107377
v 0.073960 -0.038008 -0.105252
v 0.074846 -0.039946 -0.112536
v 0.075280 -0.032425 -0.114140
v 0.072684 -0.035983 -0.097616
v 0.066497 -0.036560 -0.098450
v 0.067826 -0.038082 -0.106565
v 0.071433 -0.034440 -0.089657
v 0.065337 -0.034940 -0.090356
v 0.063615 -0.032966 -0.099702
v 0.070274 -0.032941 -0.082797
v 0.064281 -0.033629 -0.083704
v 0.063449 -0.032463 -0.077932
v 0.062711 -0.031256 -0.072405
v 0.059827 -0.028648 -0.073580
v 0.060651 -0.022499 -0.074877
v 0.064785 -0.034944 -0.107971
v 0.065916 -0.037208 -0.115218
v 0.069197 -0.039750 -0.113936
v 0.066597 -0.039713 -0.121895
v 0.069965 -0.041488 -0.120552
v 0.076515 -0.041324 -0.119579
v 0.074243 -0.042435 -0.126040
v 0.075447 -0.039580 -0.127272
v 0.076194 -0.035987 -0.120840
v 0.074206 -0.042985 -0.131425
v 0.074120 -0.046748 -0.133748
v 0.072300 -0.011176 -0.119733
v 0.066567 -0.009456 -0.113968
v 0.066189 -0.000973 -0.113653
v 0.065462 0.007916 -0.111827
v 0.064317 -0.008478 -0.105253
v 0.064027 -0.000397 -0.104971
v 0.063543 0.008013 -0.103394
v 0.063171 0.014934 -0.100804
v 0.062411 0.000246 -0.096784
v 0.062170 0.008006 -0.095429
v 0.061153 0.000932 -0.088941
v 0.061102 0.008076 -0.088416
v 0.060226 0.001452 -0.082306
v 0.061157 -0.006104 -0.088937
v 0.060172 -0.004993 -0.082090
v 0.059320 -0.004297 -0.075955
v 0.059412 0.001860 -0.076156
v 0.058546 0.002072 -0.069885
v 0.057673 0.002124 -0.064090
v 0.057909 0.009030 -0.064035
v 0.058115 0.016416 -0.062961
v 0.053797 0.001987 -0.063874
v 0.051024 -0.004799 -0.072009
v 0.051171 0.001873 -0.070449
v 0.051110 -0.004558 -0.081015
v 0.051063 0.002077 -0.079444
v 0.051201 0.008257 -0.077820
v 0.051130 0.002723 -0.094488
v 0.051359 0.008512 -0.093166
v 0.048570 0.012355 -0.091941
v 0.051536 0.008951 -0.115614
v 0.048105 0.012668 -0.114026
v 0.045665 0.016725 -0.112461
v 0.045845 0.015943 -0.090913
v 0.045283 0.024006 -0.110598
v 0.045103 0.022630 -0.090284
v 0.042935 0.034513 -0.108466
v 0.043449 0.032541 -0.089764
v 0.036222 0.043338 -0.105800
v 0.036485 0.043269 -0.089654
v 0.048402 0.044759 -0.104640
v 0.048796 0.044814 -0.089001
v 0.055837 0.045460 -0.104345
v 0.056448 0.045501 -0.088961
v 0.056537 0.045125 -0.076126
v 0.062588 0.046053 -0.089000
v 0.062711 0.045479 -0.075397
v 0.067615 0.046532 -0.089470
v 0.067991 0.045682 -0.074849
v 0.072806 0.047094 -0.090198
v 0.073201 0.046207 -0.074818
v 0.076980 0.049227 -0.090949
v 0.073057 0.047289 -0.106639
v 0.077687 0.049450 -0.106310
v 0.074309 0.053839 -0.106185
v 0.075272 0.052952 -0.091624
v 0.069567 0.056695 -0.093520
v 0.064212 0.059941 -0.094949
v 0.058802 0.062841 -0.096823
v 0.058487 0.060515 -0.082310
v -0.055870 -0.067557 -0.232544
v 0.051602 0.063123 -0.081676
v 0.073967 0.053993 -0.117544
v 0.072508 0.055127 -0.128288
v 0.071010 0.056020 -0.143290
v 0.074558 0.053935 -0.159543
v 0.069674 0.056413 -0.159518
v 0.073918 0.053634 -0.175437
v 0.069602 0.056474 -0.174666
v 0.074353 0.053267 -0.190352
v 0.070271 0.055919 -0.189568
v 0.075012 0.053209 -0.204546
v 0.070862 0.055994 -0.204136
v 0.076009 0.053186 -0.220317
v 0.071378 0.056200 -0.220205
v 0.066060 0.058279 -0.220123
v 0.072183 0.055865 -0.237442
v 0.066539 0.058080 -0.237900
v 0.059807 0.060250 -0.238277
v 0.059817 0.060385 -0.219846
v 0.052478 0.062817 -0.238313
v 0.053292 0.062792 -0.218453
v 0.058576 0.063653 -0.202778
v 0.057713 0.064330 -0.239094
v 0.058707 0.064228 -0.219202
v 0.060753 0.064345 -0.202939
v 0.062671 0.064694 -0.219061
v 0.063095 0.067752 -0.203186
v 0.063025 0.071216 -0.218645
v 0.063044 0.072616 -0.203370
v 0.063040 0.072804 -0.193212
v 0.063006 0.077294 -0.203590
v 0.063007 0.077291 -0.193538
v 0.063018 0.076314 -0.184637
v 0.063061 0.071414 -0.184102
v 0.062933 0.081867 -0.193809
v 0.062937 0.081218 -0.185076
v 0.062603 0.086683 -0.194003
v 0.062918 0.082002 -0.203774
v 0.062412 0.086773 -0.203929
v 0.060458 0.091157 -0.204043
v 0.062629 0.086511 -0.218154
v 0.060533 0.090971 -0.217904
v 0.056612 0.093937 -0.217567
v 0.060435 0.090765 -0.234849
v 0.056706 0.093919 -0.234203
v 0.052015 0.094632 -0.233575
v 0.051784 0.094898 -0.217110
v 0.047732 0.094279 -0.232961
v 0.051742 0.094027 -0.251148
v 0.047506 0.093634 -0.250474
v 0.044890 0.092250 -0.249699
v 0.046100 0.091052 -0.232103
v 0.047913 0.093025 -0.268993
v 0.045119 0.092753 -0.268694
v 0.041401 0.094977 -0.268275
v 0.045556 0.093402 -0.287952
v 0.040523 0.095057 -0.287838
v 0.033245 0.095028 -0.287726
v 0.040184 0.095050 -0.306725
v 0.032935 0.095033 -0.307145
v 0.023852 0.095019 -0.307452
v 0.033285 0.095030 -0.327631
v 0.024390 0.095018 -0.328018
v 0.009880 0.095013 -0.327897
v 0.008914 0.095009 -0.307598
v 0.024031 0.095019 -0.351081
v 0.009889 0.095015 -0.349419
v 0.020986 0.095019 -0.376494
v 0.008017 0.095017 -0.371982
v 0.021617 0.094906 -0.402048
v 0.040291 0.095065 -0.327001
v 0.045602 0.094034 -0.326203
v 0.045543 0.093683 -0.306263
v 0.050298 0.092151 -0.305713
v 0.048983 0.092752 -0.325474
v 0.050199 0.092451 -0.288031
v 0.055700 0.093721 -0.286954
v 0.057699 0.093075 -0.304290
v 0.051928 0.093367 -0.268847
v 0.056611 0.094481 -0.268272
v 0.061014 0.094578 -0.284927
v 0.056214 0.093609 -0.251654
v 0.059845 0.090951 -0.252208
v 0.060509 0.092391 -0.267905
v 0.062844 0.088493 -0.268094
v 0.070024 0.092312 -0.281748
v 0.065341 0.094340 -0.283349
v 0.062304 0.086790 -0.252966
v 0.062935 0.081967 -0.253963
v 0.064046 0.084177 -0.269581
v 0.062649 0.086334 -0.235527
v 0.062950 0.081282 -0.236218
v 0.063009 0.076007 -0.236902
v 0.063034 0.076840 -0.255612
v 0.062926 0.081587 -0.218352
v 0.063005 0.076488 -0.218535
v 0.062997 0.070621 -0.238124
v 0.062671 0.065060 -0.240312
v 0.065060 0.079247 -0.271910
v 0.078851 0.075154 -0.284459
v 0.076707 0.082962 -0.282848
v 0.073938 0.088347 -0.281651
v 0.086581 0.087099 -0.295624
v 0.082372 0.091894 -0.296663
v 0.077092 0.094795 -0.298594
v 0.081788 0.092502 -0.318862
v 0.075820 0.094522 -0.320527
v 0.069945 0.094921 -0.321826
v 0.071166 0.095006 -0.300404
v 0.062980 0.094454 -0.323169
v 0.065147 0.094265 -0.302418
v 0.054895 0.093780 -0.324517
v 0.058397 0.094913 -0.346984
v 0.051470 0.094611 -0.348278
v 0.056509 0.094845 -0.365391
v 0.051760 0.094350 -0.366729
v 0.055246 0.094529 -0.383559
v 0.050667 0.093099 -0.383453
v 0.051150 0.093228 -0.405903
v 0.045836 0.091411 -0.405180
v 0.041649 0.090763 -0.404825
v 0.039716 0.092335 -0.428171
v 0.034129 0.093842 -0.426762
v 0.028509 0.094036 -0.425437
v 0.027633 0.093565 -0.442075
v 0.022462 0.093946 -0.439072
v 0.018413 0.094141 -0.436599
v 0.023806 0.094283 -0.424097
v 0.018594 0.093954 -0.449298
v 0.014527 0.094147 -0.446115
v 0.011381 0.093945 -0.443724
v 0.011873 0.094129 -0.453197
v 0.008054 0.093994 -0.450948
v 0.010279 0.094166 -0.459274
v 0.006382 0.093870 -0.456852
v 0.015063 0.093977 -0.462638
v 0.016541 0.093972 -0.455945
v 0.021935 0.093645 -0.459100
v 0.020296 0.093721 -0.466024
v 0.023851 0.093601 -0.452323
v 0.030776 0.093168 -0.455421
v 0.028972 0.093428 -0.462666
v 0.034070 0.093060 -0.444725
v 0.043311 0.092169 -0.447696
v 0.041131 0.093136 -0.458860
v 0.047092 0.092325 -0.429482
v 0.056020 0.093910 -0.430806
v 0.054672 0.092229 -0.450432
v 0.058332 0.094754 -0.406439
v 0.064900 0.095004 -0.407073
v 0.063763 0.095027 -0.431691
v 0.061174 0.094925 -0.383633
v 0.067065 0.094933 -0.384012
v 0.072889 0.094779 -0.384482
v 0.070384 0.094942 -0.407555
v 0.062254 0.094948 -0.364771
v 0.068567 0.094926 -0.364426
v 0.075056 0.094594 -0.364273
v 0.081070 0.092984 -0.364029
v 0.078580 0.093860 -0.384899
v 0.071542 0.094925 -0.344473
v 0.078108 0.093943 -0.343248
v 0.083789 0.091005 -0.341951
v 0.087869 0.086012 -0.340452
v 0.085865 0.088940 -0.363714
v 0.086290 0.088389 -0.316139
v 0.089238 0.082729 -0.313951
v 0.090120 0.074875 -0.312545
v 0.089968 0.079383 -0.339081
v 0.089240 0.080173 -0.295101
v 0.090142 0.071333 -0.337351
v 0.090183 0.076410 -0.363069
v 0.089141 0.083372 -0.363382
v 0.090092 0.064574 -0.311489
v 0.089980 0.052468 -0.311972
v 0.090112 0.059811 -0.336771
v 0.090060 0.047313 -0.297878
v 0.090039 0.028304 -0.298297
v 0.089908 0.032726 -0.312687
v 0.085711 0.043244 -0.289291
v 0.087546 0.024515 -0.289037
v 0.083534 0.039285 -0.283253
v 0.087179 0.021832 -0.283430
v 0.087475 -0.001665 -0.282704
v 0.087722 -0.000233 -0.288129
v 0.089839 0.001614 -0.297943
v 0.090271 0.004636 -0.313726
v 0.089550 -0.023515 -0.297741
v 0.090073 -0.022152 -0.316141
v 0.090214 0.008158 -0.335979
v 0.090158 -0.044182 -0.318350
v 0.090350 -0.061210 -0.321641
v 0.090332 -0.073505 -0.322837
v 0.089395 -0.084443 -0.299442
v 0.090009 -0.082787 -0.324083
v 0.090044 -0.081882 -0.350602
v 0.089932 -0.082602 -0.375938
v 0.086899 -0.090482 -0.325493
v 0.086817 -0.090184 -0.352389
v 0.086595 -0.090577 -0.376918
v 0.086085 -0.091523 -0.400572
v 0.089807 -0.083531 -0.399989
v 0.080101 -0.096050 -0.353279
v 0.079514 -0.096447 -0.377725
v 0.078369 -0.096932 -0.401265
v 0.076939 -0.097418 -0.423133
v 0.085322 -0.092629 -0.422125
v 0.070017 -0.098286 -0.378733
v 0.068471 -0.098334 -0.402271
v 0.066335 -0.098348 -0.424096
v 0.064556 -0.098359 -0.442463
v 0.075413 -0.097803 -0.441448
v 0.054360 -0.098419 -0.403574
v 0.049746 -0.098414 -0.424164
v 0.046325 -0.098375 -0.440491
v 0.034335 -0.098445 -0.404751
v 0.057706 -0.098420 -0.380106
v 0.039247 -0.098438 -0.381454
v 0.013036 -0.098461 -0.381859
v 0.042425 -0.098431 -0.356492
v 0.016391 -0.098459 -0.356689
v -0.011118 -0.098441 -0.354431
v -0.013156 -0.098444 -0.377804
v -0.038623 -0.098415 -0.350550
v -0.040152 -0.098396 -0.372823
v -0.041831 -0.098318 -0.394365
v -0.046359 -0.098194 -0.415429
v -0.059483 -0.098269 -0.369903
v -0.061462 -0.098162 -0.392073
v -0.064012 -0.098048 -0.414599
v -0.074778 -0.097669 -0.413844
v -0.076969 -0.097109 -0.437492
v -0.067393 -0.097853 -0.438117
v -0.051815 -0.098080 -0.438273
v -0.072603 -0.097886 -0.390853
v -0.081430 -0.094821 -0.389856
v -0.083299 -0.094015 -0.413054
v -0.070896 -0.098094 -0.368356
v -0.079689 -0.095787 -0.367218
v -0.086340 -0.090625 -0.366082
v -0.087459 -0.088707 -0.388886
v -0.069780 -0.098204 -0.345613
v -0.078137 -0.096632 -0.344330
v -0.085021 -0.092632 -0.343186
v -0.088669 -0.085896 -0.341785
v -0.089094 -0.083376 -0.364771
v -0.077329 -0.097141 -0.320679
v -0.083762 -0.093629 -0.318593
v -0.087635 -0.087485 -0.315980
v -0.089560 -0.080556 -0.314153
v -0.089694 -0.078198 -0.340032
v -0.080496 -0.095523 -0.297394
v -0.085721 -0.090030 -0.295646
v -0.088041 -0.082529 -0.293745
v -0.087877 -0.073316 -0.293228
v -0.089557 -0.072694 -0.312667
v -0.071918 -0.089522 -0.279775
v -0.073662 -0.082307 -0.280763
v -0.074600 -0.074201 -0.281668
v -0.073394 -0.065806 -0.281236
v -0.086946 -0.061342 -0.291866
v -0.062617 -0.082316 -0.264852
v -0.062562 -0.075366 -0.264535
v -0.062519 -0.069629 -0.262455
v -0.062307 -0.074943 -0.244272
v -0.058611 -0.067555 -0.238339
v -0.058259 -0.066101 -0.238188
v -0.057620 -0.066334 -0.235987
v -0.057486 -0.066383 -0.235526
v -0.057340 -0.066436 -0.235023
v -0.057245 -0.066471 -0.234696
v 0.025332 0.091717 -0.189476
v -0.057020 -0.066553 -0.233921
v -0.053220 -0.067515 -0.233400
v -0.056843 -0.066760 -0.234031
v -0.062342 -0.082385 -0.247035
v -0.062300 -0.088983 -0.264738
v -0.062056 -0.089197 -0.248626
v -0.062007 -0.089822 -0.234431
v -0.059226 -0.095071 -0.249298
v -0.058910 -0.095503 -0.233068
v -0.057828 -0.095922 -0.209497
v -0.061076 -0.091087 -0.210391
v -0.057479 -0.096485 -0.183499
v -0.061220 -0.092264 -0.183421
v -0.057445 -0.096694 -0.158928
v -0.061142 -0.092565 -0.158518
v -0.056915 -0.096914 -0.134854
v -0.061002 -0.093126 -0.134245
v -0.056215 -0.097178 -0.113145
v -0.060432 -0.093692 -0.112260
v -0.062278 -0.088492 -0.111219
v -0.059883 -0.094039 -0.094407
v -0.062044 -0.088808 -0.093821
v -0.060151 -0.093672 -0.079767
v -0.055463 -0.097498 -0.094877
v -0.056156 -0.096834 -0.079249
v -0.063037 -0.097549 -0.064620
v -0.050929 -0.098193 -0.078435
v -0.057588 -0.098257 -0.062523
v -0.067060 -0.098236 -0.046324
v -0.050836 -0.098416 -0.060214
v -0.058027 -0.098353 -0.043594
v -0.061071 -0.098294 -0.025024
v -0.070394 -0.098129 -0.027217
v -0.070194 -0.098169 -0.004243
v -0.043524 -0.098444 -0.039762
v -0.039615 -0.098456 -0.057380
v -0.021279 -0.098456 -0.055297
v -0.021441 -0.098462 -0.036508
v 0.003814 -0.098451 -0.054517
v 0.004659 -0.098455 -0.035717
v 0.028451 -0.098448 -0.056024
v 0.030607 -0.098449 -0.037716
v 0.044709 -0.098435 -0.058807
v 0.050645 -0.098440 -0.041059
v 0.054199 -0.098382 -0.061486
v 0.064744 -0.098323 -0.044966
v 0.060754 -0.098156 -0.063714
v 0.072378 -0.097706 -0.047346
v 0.066813 -0.095789 -0.065802
v 0.080028 -0.096196 -0.050023
v 0.071900 -0.090623 -0.066327
v 0.058868 -0.096197 -0.080173
v 0.062464 -0.091290 -0.080207
v 0.057910 -0.096424 -0.096789
v 0.061755 -0.091892 -0.096279
v 0.057903 -0.096497 -0.116780
v 0.061846 -0.092184 -0.116461
v 0.057902 -0.096118 -0.138114
v 0.062233 -0.092224 -0.138131
v 0.062905 -0.086286 -0.138210
v 0.061986 -0.091826 -0.160243
v 0.062790 -0.086057 -0.160254
v 0.062766 -0.080202 -0.160273
v 0.062780 -0.086265 -0.182615
v 0.062699 -0.080426 -0.182333
v 0.062433 -0.075128 -0.182213
v 0.062782 -0.074561 -0.160250
v 0.061655 -0.070526 -0.182366
v 0.062426 -0.069316 -0.160125
v 0.060308 -0.067127 -0.182701
v 0.061844 -0.068333 -0.204959
v 0.062263 -0.064951 -0.204706
v 0.066781 -0.062346 -0.205073
v 0.064412 -0.063438 -0.181996
v 0.071181 -0.059651 -0.204281
v 0.068723 -0.061153 -0.181890
v 0.074785 -0.055805 -0.203512
v 0.073115 -0.058066 -0.181845
v 0.075080 -0.051703 -0.203131
v 0.075887 -0.054125 -0.181760
v 0.074968 -0.055521 -0.159065
v 0.073436 -0.050284 -0.181435
v 0.074496 -0.051276 -0.158633
v 0.068494 -0.049232 -0.181342
v 0.066336 -0.049379 -0.202642
v 0.061615 -0.048681 -0.202682
v 0.063725 -0.048964 -0.181410
v 0.071351 -0.049929 -0.202797
v 0.070067 -0.048810 -0.226819
v 0.064871 -0.048422 -0.226234
v 0.075174 -0.049726 -0.227120
v 0.074081 -0.049325 -0.247690
v 0.069312 -0.048500 -0.246746
v 0.077497 -0.053419 -0.227310
v 0.077581 -0.050642 -0.248949
v 0.080419 -0.043059 -0.265786
v 0.076138 -0.040824 -0.263095
v 0.075270 -0.057373 -0.227273
v 0.078784 -0.055424 -0.250704
v 0.082822 -0.045193 -0.269151
v 0.087894 -0.025772 -0.275977
v 0.085458 -0.026296 -0.272552
v 0.087658 -0.002958 -0.277448
v 0.086648 -0.004319 -0.273097
v 0.082043 -0.006120 -0.271204
v 0.079729 -0.026433 -0.270203
v 0.071113 -0.040372 -0.261136
v 0.064832 -0.040784 -0.260285
v 0.063601 -0.048157 -0.245146
v 0.056745 -0.043017 -0.258013
v 0.056022 -0.047797 -0.243831
v 0.058600 -0.048041 -0.225771
v 0.052324 -0.047695 -0.223535
v 0.056831 -0.047698 -0.202283
v 0.046818 -0.047404 -0.219497
v 0.052457 -0.047161 -0.200981
v 0.055772 -0.046758 -0.181589
v 0.059617 -0.047492 -0.181524
v 0.057357 -0.046989 -0.160001
v 0.051531 -0.046610 -0.160908
v 0.053480 -0.046743 -0.140064
v 0.043778 -0.046488 -0.158711
v 0.047126 -0.046552 -0.139808
v 0.051037 -0.046650 -0.117471
v 0.056237 -0.046941 -0.120258
v 0.053110 -0.046642 -0.098236
v 0.058670 -0.047323 -0.101152
v 0.062479 -0.048743 -0.104900
v 0.059514 -0.047647 -0.087690
v 0.064199 -0.049109 -0.088883
v 0.068579 -0.049653 -0.090527
v 0.066978 -0.049481 -0.108157
v 0.064347 -0.048879 -0.079595
v 0.069365 -0.048958 -0.080246
v 0.074146 -0.048910 -0.081175
v 0.072578 -0.049832 -0.092420
v 0.070746 -0.050012 -0.110886
v 0.078708 -0.048867 -0.082396
v 0.076469 -0.050200 -0.093982
v 0.074126 -0.050569 -0.106393
v 0.074375 -0.047677 -0.072899
v 0.069269 -0.047647 -0.072536
v 0.068726 -0.044279 -0.066441
v 0.073991 -0.044470 -0.066523
v 0.063893 -0.047653 -0.072495
v 0.063350 -0.044325 -0.066723
v 0.058096 -0.046848 -0.072996
v 0.057378 -0.044467 -0.067317
v 0.059006 -0.047500 -0.079393
v 0.053368 -0.046587 -0.086366
v 0.046039 -0.046567 -0.095533
v 0.045466 -0.046573 -0.084664
v 0.036879 -0.046322 -0.092625
v 0.036547 -0.046169 -0.110518
v 0.042870 -0.038405 -0.107007
v 0.042903 -0.038206 -0.090318
v 0.044784 -0.046530 -0.114714
v 0.038265 -0.045902 -0.139866
v 0.036022 -0.046093 -0.144006
v 0.037471 -0.046227 -0.162982
v 0.044450 -0.034490 -0.162966
v 0.045245 -0.032197 -0.143594
v 0.047113 -0.021918 -0.160994
v 0.047063 -0.019264 -0.142518
v 0.048061 -0.019701 -0.122639
v 0.045155 -0.032181 -0.126926
v 0.038570 -0.044417 -0.139923
v 0.041707 -0.039729 -0.128317
v 0.035768 -0.046350 -0.131793
v 0.035315 -0.048828 -0.136211
v 0.045557 -0.028579 -0.103236
v 0.047604 -0.018780 -0.100360
v 0.047314 -0.018939 -0.085037
v 0.045560 -0.027796 -0.087580
v 0.047298 -0.019278 -0.075352
v 0.050986 -0.011998 -0.082769
v 0.050913 -0.012255 -0.073606
v 0.050953 -0.011112 -0.097956
v 0.051185 -0.003738 -0.096070
v 0.051137 -0.010868 -0.120375
v 0.051511 -0.003473 -0.118728
v 0.051553 0.003181 -0.117179
v 0.051038 -0.002898 -0.139878
v 0.050887 0.003863 -0.138754
v 0.051006 0.009687 -0.137617
v 0.051487 0.005178 -0.156617
v 0.051248 0.010021 -0.155458
v 0.047942 0.013345 -0.154574
v 0.047488 0.012740 -0.136458
v 0.045213 0.018760 -0.153454
v 0.045594 0.017882 -0.135267
v 0.045211 0.026948 -0.152808
v 0.045555 0.025787 -0.133748
v 0.041979 0.035719 -0.151713
v 0.041229 0.036954 -0.130077
v 0.046108 0.025570 -0.166273
v 0.042837 0.034480 -0.166485
v 0.036571 0.042248 -0.165493
v 0.036158 0.042630 -0.150556
v 0.047377 0.044709 -0.163572
v 0.046783 0.044696 -0.149166
v 0.055237 0.045421 -0.162366
v 0.054945 0.045401 -0.148039
v 0.054619 0.045387 -0.136413
v 0.061054 0.045842 -0.147037
v 0.054576 0.045390 -0.126695
v 0.054976 0.045407 -0.117042
v 0.061969 0.046046 -0.104767
v 0.067377 0.046611 -0.105493
v 0.061561 0.045927 -0.161424
v 0.066114 0.046275 -0.160624
v 0.060602 0.045804 -0.178575
v 0.065288 0.046212 -0.177918
v 0.069939 0.046595 -0.177248
v 0.070340 0.046590 -0.159939
v 0.074547 0.046953 -0.176590
v 0.074514 0.046894 -0.159468
v 0.076372 0.049872 -0.176027
v 0.077047 0.049995 -0.159396
v 0.074237 0.047298 -0.191594
v 0.077007 0.049721 -0.190994
v 0.073422 0.046837 -0.205666
v 0.077065 0.049161 -0.205203
v 0.073079 0.044953 -0.220727
v 0.077279 0.048279 -0.220481
v 0.072443 0.045538 -0.236527
v 0.077257 0.047796 -0.236737
v 0.076911 0.052568 -0.237011
v 0.076971 0.047153 -0.248506
v 0.077852 0.051750 -0.249476
v 0.073693 0.055222 -0.250504
v 0.067656 0.057672 -0.251513
v 0.060963 0.059681 -0.262098
v 0.060453 0.059959 -0.252452
v 0.050479 0.063355 -0.265003
v 0.052461 0.063102 -0.253699
v 0.061820 0.059567 -0.267650
v 0.076582 0.045836 -0.256687
v 0.072323 0.043477 -0.255400
v 0.073500 0.039475 -0.260557
v 0.077396 0.042556 -0.262476
v 0.071988 0.045733 -0.247663
v 0.066532 0.045065 -0.247079
v 0.067016 0.042531 -0.255050
v 0.066877 0.044619 -0.236080
v 0.061036 0.044000 -0.235577
v 0.060568 0.044453 -0.246681
v 0.067693 0.043628 -0.220689
v 0.062131 0.043274 -0.220456
v 0.056366 0.042940 -0.219940
v 0.054637 0.043392 -0.234872
v 0.068125 0.046189 -0.206003
v 0.062931 0.045808 -0.206378
v 0.057468 0.045512 -0.206649
v 0.051229 0.044977 -0.206934
v 0.050303 0.042778 -0.219062
v 0.064195 0.046011 -0.192872
v 0.059190 0.045455 -0.193707
v 0.052873 0.044736 -0.195070
v 0.054427 0.045262 -0.179492
v 0.046949 0.044648 -0.180673
v 0.037978 0.043853 -0.181714
v 0.043355 0.036151 -0.181071
v 0.050598 0.029727 -0.178820
v 0.054618 0.025554 -0.176909
v 0.054799 0.032147 -0.199249
v 0.049058 0.019282 -0.165343
v 0.052648 0.015148 -0.165799
v 0.057344 0.021647 -0.175713
v 0.060949 0.026753 -0.196646
v 0.058558 0.029551 -0.197618
v 0.058437 0.021970 -0.217404
v 0.061734 0.020482 -0.215349
v 0.059385 0.011082 -0.223824
v 0.055036 0.012269 -0.227060
v 0.059838 0.021667 -0.196501
v 0.053200 -0.000112 -0.231596
v 0.058783 0.000980 -0.228042
v 0.059087 -0.012230 -0.225367
v 0.059917 -0.023874 -0.216691
v 0.069030 0.046541 -0.192211
v 0.060879 0.042179 -0.255098
v 0.067877 0.037671 -0.260340
v 0.074801 0.034730 -0.264682
v 0.076720 0.026979 -0.268027
v 0.081180 0.030669 -0.270296
v 0.079099 0.038145 -0.266464
v 0.085702 0.034038 -0.272361
v 0.084816 0.036570 -0.277044
v 0.082934 0.015141 -0.271657
v 0.087107 0.017425 -0.273181
v 0.087417 0.019577 -0.278041
v 0.078419 0.011507 -0.269340
v 0.051693 -0.000754 -0.157434
v 0.051994 -0.010407 -0.158853
v 0.057628 -0.009793 -0.166254
v 0.051179 -0.011147 -0.141171
v 0.061347 -0.009489 -0.171469
v 0.058265 -0.007037 -0.174972
v 0.054540 -0.005740 -0.180937
v 0.053201 -0.005097 -0.191900
v 0.048376 -0.035923 -0.264818
v 0.070837 -0.060516 -0.227538
v 0.065431 -0.063294 -0.228011
v 0.061848 -0.065626 -0.228930
v 0.062509 -0.073880 -0.205616
v 0.062132 -0.071614 -0.228788
v 0.062681 -0.079597 -0.205830
v 0.062608 -0.078468 -0.228515
v 0.062785 -0.085732 -0.205903
v 0.062851 -0.085350 -0.228536
v 0.062722 -0.085081 -0.250246
v 0.064274 -0.085437 -0.270359
v 0.061947 -0.091719 -0.228527
v 0.061904 -0.091899 -0.249672
v 0.063004 -0.091846 -0.268037
v 0.075004 -0.092497 -0.283316
v 0.078632 -0.084585 -0.284251
v 0.057209 -0.096600 -0.249279
v 0.058844 -0.096367 -0.267999
v 0.068776 -0.097089 -0.284515
v 0.079178 -0.096119 -0.303141
v 0.085426 -0.092047 -0.300979
v 0.052676 -0.098161 -0.268621
v 0.061308 -0.098257 -0.287134
v 0.070359 -0.098255 -0.305535
v 0.071865 -0.098114 -0.328986
v 0.080207 -0.095891 -0.327552
v 0.053211 -0.098420 -0.289405
v 0.060037 -0.098401 -0.308248
v 0.061204 -0.098382 -0.330587
v 0.059883 -0.098407 -0.355272
v 0.071082 -0.098230 -0.354149
v 0.043427 -0.098445 -0.311636
v 0.044016 -0.098436 -0.332797
v 0.019088 -0.098454 -0.314127
v 0.018133 -0.098457 -0.334369
v -0.008494 -0.098438 -0.313607
v -0.009681 -0.098440 -0.333144
v -0.035130 -0.098413 -0.310360
v -0.037198 -0.098414 -0.329308
v -0.054026 -0.098390 -0.305942
v -0.057096 -0.098387 -0.325316
v -0.058199 -0.098355 -0.347445
v -0.069209 -0.098275 -0.322646
v -0.065703 -0.098277 -0.302293
v -0.073527 -0.097870 -0.299627
v -0.055911 -0.098332 -0.284982
v -0.062173 -0.097823 -0.282251
v -0.067706 -0.095101 -0.279997
v -0.054327 -0.097886 -0.266405
v -0.059632 -0.094779 -0.265229
v -0.053508 -0.098051 -0.249575
v -0.048475 -0.098334 -0.267600
v -0.046876 -0.098365 -0.249768
v -0.046739 -0.098364 -0.231105
v -0.053200 -0.098026 -0.231976
v -0.046130 -0.098376 -0.208315
v -0.052318 -0.098064 -0.208856
v -0.045886 -0.098411 -0.183774
v -0.051935 -0.098227 -0.183652
v -0.045674 -0.098417 -0.159557
v -0.051775 -0.098256 -0.159267
v -0.045279 -0.098408 -0.136004
v -0.051337 -0.098283 -0.135433
v -0.044828 -0.098409 -0.114593
v -0.050682 -0.098280 -0.113912
v -0.044057 -0.098422 -0.095520
v -0.049806 -0.098317 -0.095259
v -0.044954 -0.098421 -0.077545
v -0.035816 -0.098452 -0.095612
v -0.036258 -0.098454 -0.076451
v -0.021809 -0.098455 -0.095463
v -0.021207 -0.098455 -0.075144
v 0.001251 -0.098453 -0.095544
v 0.002655 -0.098452 -0.074661
v 0.023992 -0.098414 -0.096491
v 0.025597 -0.098446 -0.076206
v 0.037548 -0.098297 -0.097152
v 0.039465 -0.098412 -0.077902
v 0.045704 -0.098170 -0.097238
v 0.047193 -0.098336 -0.078960
v 0.052035 -0.097947 -0.097106
v 0.053250 -0.098060 -0.079772
v 0.045670 -0.097887 -0.117290
v 0.052026 -0.097659 -0.117057
v 0.045328 -0.097608 -0.138289
v 0.051862 -0.097396 -0.138168
v 0.044782 -0.097471 -0.160423
v 0.051529 -0.097180 -0.160338
v 0.057773 -0.095896 -0.160281
v 0.051240 -0.097170 -0.182992
v 0.057600 -0.096010 -0.182919
v 0.061861 -0.091907 -0.182795
v 0.057494 -0.095988 -0.205970
v 0.061890 -0.091825 -0.205967
v 0.057451 -0.096231 -0.228404
v 0.050970 -0.097412 -0.228241
v 0.050735 -0.097850 -0.249085
v 0.051103 -0.097169 -0.205925
v 0.044178 -0.097455 -0.205851
v 0.044109 -0.097674 -0.228042
v 0.044363 -0.097462 -0.183038
v 0.034499 -0.097740 -0.183113
v 0.034159 -0.097733 -0.205836
v 0.035112 -0.097738 -0.160521
v 0.021154 -0.098098 -0.160558
v 0.020015 -0.098114 -0.183259
v 0.035984 -0.097795 -0.138433
v 0.022425 -0.098090 -0.138411
v -0.001974 -0.098441 -0.137997
v -0.003517 -0.098442 -0.160409
v 0.036758 -0.098040 -0.117401
v 0.023245 -0.098242 -0.117169
v -0.000346 -0.098446 -0.116526
v -0.023004 -0.098452 -0.115894
v -0.024263 -0.098448 -0.137335
v -0.037344 -0.098444 -0.136636
v -0.037951 -0.098441 -0.159838
v -0.025245 -0.098445 -0.160135
v -0.036524 -0.098448 -0.115270
v -0.038533 -0.098437 -0.183772
v -0.025929 -0.098442 -0.183672
v -0.004836 -0.098440 -0.183491
v -0.026394 -0.098438 -0.207371
v -0.005702 -0.098438 -0.206780
v 0.019268 -0.098120 -0.206091
v -0.006032 -0.098436 -0.229514
v 0.019020 -0.098207 -0.228452
v 0.033960 -0.097901 -0.227952
v 0.018871 -0.098421 -0.250439
v 0.034162 -0.098295 -0.249353
v 0.044079 -0.098120 -0.249015
v 0.035736 -0.098442 -0.270909
v 0.045911 -0.098389 -0.269513
v 0.040260 -0.098449 -0.292240
v 0.019068 -0.098447 -0.272580
v 0.019373 -0.098451 -0.294358
v -0.006621 -0.098435 -0.272723
v -0.007420 -0.098437 -0.294210
v -0.028155 -0.098417 -0.271174
v -0.031794 -0.098414 -0.291651
v -0.047471 -0.098398 -0.288049
v -0.041445 -0.098405 -0.269029
v -0.026719 -0.098424 -0.250756
v -0.039779 -0.098414 -0.250079
v -0.026602 -0.098431 -0.229974
v -0.039593 -0.098420 -0.230451
v -0.039095 -0.098427 -0.207853
v -0.006179 -0.098434 -0.251301
v -0.089311 -0.060831 -0.311286
v -0.089745 -0.076129 -0.363434
v -0.089792 -0.074075 -0.386366
v -0.089583 -0.080987 -0.387785
v -0.089750 -0.078697 -0.411094
v -0.088338 -0.086847 -0.412220
v -0.089756 -0.075011 -0.433258
v -0.088819 -0.084922 -0.435269
v -0.084535 -0.092694 -0.436555
v -0.089007 -0.083923 -0.451440
v -0.085497 -0.091399 -0.452561
v -0.086517 -0.090571 -0.463331
v -0.086628 -0.090148 -0.469053
v -0.086647 -0.089673 -0.475337
v -0.081375 -0.094068 -0.476707
v -0.086301 -0.089435 -0.480824
v -0.080991 -0.093652 -0.482484
v -0.072707 -0.095524 -0.483995
v -0.072694 -0.096697 -0.478191
v -0.058485 -0.096936 -0.485307
v -0.057977 -0.097908 -0.479467
v -0.036541 -0.097451 -0.483721
v -0.036824 -0.098096 -0.478234
v -0.036974 -0.098174 -0.472549
v -0.015907 -0.098126 -0.476532
v -0.016576 -0.098203 -0.470626
v 0.006949 -0.098103 -0.476442
v 0.006429 -0.098215 -0.470820
v 0.029161 -0.098156 -0.476605
v 0.028212 -0.098216 -0.471058
v 0.027029 -0.098285 -0.465311
v 0.049272 -0.098233 -0.471330
v 0.049797 -0.098250 -0.477128
v 0.064356 -0.097960 -0.477986
v 0.063828 -0.098103 -0.472353
v 0.074522 -0.096781 -0.479539
v 0.074428 -0.097282 -0.473804
v 0.082480 -0.093603 -0.480976
v 0.082847 -0.094119 -0.475578
v 0.083131 -0.093950 -0.469337
v 0.088202 -0.087212 -0.476590
v 0.088896 -0.087002 -0.470656
v 0.088211 -0.086233 -0.463782
v 0.082727 -0.093139 -0.464228
v 0.088520 -0.086115 -0.452683
v 0.083534 -0.094061 -0.453883
v 0.089089 -0.085207 -0.438337
v 0.084180 -0.093546 -0.440172
v 0.089524 -0.084193 -0.421192
v 0.090278 -0.075817 -0.399177
v 0.090364 -0.068441 -0.398191
v 0.087817 -0.062350 -0.397474
v 0.081173 -0.061138 -0.396997
v 0.081330 -0.061079 -0.376631
v 0.074167 -0.059745 -0.396648
v 0.082160 -0.058503 -0.360311
v 0.073904 -0.053144 -0.396405
v 0.090156 -0.076220 -0.450888
v 0.090111 -0.076847 -0.463036
v 0.090197 -0.063092 -0.461674
v 0.090233 -0.062186 -0.446746
v 0.090147 -0.040920 -0.458750
v 0.090329 -0.025987 -0.467616
v 0.090086 0.017313 -0.457698
v 0.090316 -0.012972 -0.454683
v 0.090267 -0.062131 -0.470277
v 0.090293 -0.061808 -0.475785
v 0.090308 -0.030599 -0.475651
v 0.090272 -0.077239 -0.470944
v 0.090427 -0.077559 -0.476692
v 0.090228 -0.077526 -0.481789
v 0.090199 -0.057206 -0.481217
v 0.087651 -0.087112 -0.481771
v 0.086266 -0.086564 -0.486516
v 0.088609 -0.077967 -0.486426
v 0.081571 -0.092520 -0.486084
v 0.074139 -0.095887 -0.484613
v 0.064583 -0.097432 -0.483323
v 0.064452 -0.094648 -0.487404
v 0.064121 -0.089872 -0.489210
v 0.050311 -0.097945 -0.482342
v 0.050890 -0.095809 -0.486651
v 0.051499 -0.091221 -0.487414
v 0.052036 -0.087096 -0.490541
v 0.063947 -0.085061 -0.490456
v 0.030891 -0.096177 -0.486177
v 0.031818 -0.091980 -0.487426
v 0.032890 -0.088296 -0.490215
v 0.033931 -0.082757 -0.490086
v 0.052698 -0.081443 -0.489822
v 0.008862 -0.091724 -0.487451
v 0.009609 -0.087969 -0.490375
v 0.010375 -0.082170 -0.490052
v 0.011432 -0.073769 -0.489619
v 0.035272 -0.075517 -0.489600
v -0.013936 -0.086354 -0.490299
v -0.013428 -0.080089 -0.489951
v -0.012576 -0.069961 -0.489398
v -0.009781 -0.052267 -0.489083
v 0.013409 -0.061780 -0.489258
v -0.037359 -0.077286 -0.489682
v -0.037280 -0.064908 -0.489042
v -0.035826 -0.044143 -0.489139
v -0.028363 -0.005814 -0.488765
v 0.004760 -0.000431 -0.489470
v -0.057439 -0.059933 -0.488826
v -0.056113 -0.036543 -0.489309
v -0.052054 -0.005786 -0.489429
v -0.067570 -0.030847 -0.489574
v -0.065577 0.002139 -0.489273
v -0.074148 -0.015273 -0.489760
v -0.074700 -0.030778 -0.489783
v -0.081531 -0.028506 -0.489655
v -0.080195 -0.005737 -0.489496
v -0.087047 -0.027227 -0.487841
v -0.081360 -0.052859 -0.489990
v -0.086639 -0.051260 -0.488064
v -0.089244 -0.049380 -0.483436
v -0.089418 -0.026486 -0.483748
v -0.089338 -0.047313 -0.477705
v -0.089228 -0.025430 -0.478133
v -0.089213 -0.009319 -0.478927
v -0.089213 -0.009170 -0.473786
v -0.089300 -0.008678 -0.467307
v -0.084755 0.000841 -0.469326
v -0.089596 0.002075 -0.469973
v -0.089273 -0.007264 -0.458732
v -0.084692 0.000828 -0.460434
v -0.089399 0.002641 -0.460937
v -0.089682 0.008724 -0.461400
v -0.089666 0.007048 -0.470663
v -0.088816 -0.004766 -0.447053
v -0.088848 -0.009638 -0.445914
v -0.086798 -0.005485 -0.434830
v -0.086327 -0.002468 -0.434872
v -0.089325 -0.065663 -0.483396
v -0.089485 -0.064146 -0.477740
v -0.089567 -0.074644 -0.478389
v -0.089401 -0.083349 -0.479473
v -0.086744 -0.066901 -0.488026
v -0.081742 -0.068132 -0.490108
v -0.075385 -0.054704 -0.489787
v -0.075492 -0.069313 -0.489800
v -0.076098 -0.078173 -0.490024
v -0.068209 -0.070875 -0.489258
v -0.068965 -0.080059 -0.489640
v -0.070594 -0.087244 -0.490422
v -0.077768 -0.085411 -0.490374
v -0.072330 -0.092600 -0.489171
v -0.080012 -0.090739 -0.487351
v -0.058389 -0.089526 -0.489402
v -0.058549 -0.093968 -0.488260
v -0.036850 -0.090001 -0.488498
v -0.036532 -0.094431 -0.487515
v -0.014263 -0.090907 -0.487432
v -0.014899 -0.095364 -0.486762
v -0.015358 -0.097895 -0.482036
v 0.008298 -0.096151 -0.486358
v 0.007577 -0.097812 -0.481725
v 0.030029 -0.097937 -0.481669
v -0.037076 -0.085340 -0.490198
v -0.058020 -0.083228 -0.490081
v -0.057769 -0.073671 -0.489167
v -0.068342 -0.056955 -0.489481
v 0.029410 0.019314 -0.489329
v 0.026627 0.001599 -0.489405
v 0.019360 -0.036233 -0.489130
v -0.012431 0.041605 -0.488924
v 0.011195 0.055972 -0.489105
v 0.031642 0.076004 -0.489385
v 0.029606 0.059916 -0.489083
v 0.036796 0.055813 -0.489074
v 0.051216 0.033322 -0.489184
v 0.050113 0.022877 -0.489377
v 0.041190 0.057215 -0.489080
v 0.051777 0.038865 -0.488878
v 0.047294 0.077654 -0.489395
v 0.048690 0.073778 -0.489268
v 0.051958 0.059989 -0.489142
v 0.063021 0.031156 -0.489438
v 0.049257 0.052866 -0.489067
v 0.063127 0.038225 -0.489420
v 0.058960 0.078128 -0.489381
v 0.059614 0.073486 -0.489299
v 0.058893 0.075621 -0.489318
v 0.046043 0.062660 -0.489116
v 0.062270 0.042757 -0.489412
v 0.052027 0.056399 -0.489120
v 0.063286 0.043016 -0.489423
v 0.060062 0.072667 -0.489296
v 0.060367 0.072860 -0.489301
v 0.055386 0.059628 -0.489209
v 0.062744 0.048085 -0.489403
v 0.063124 0.061776 -0.489337
v 0.071286 0.046221 -0.489516
v 0.071927 0.041525 -0.489555
v 0.062239 0.055304 -0.489358
v 0.071637 0.045196 -0.489530
v 0.068016 0.074580 -0.489374
v 0.068805 0.071432 -0.489350
v 0.068472 0.071988 -0.489356
v 0.057801 0.062128 -0.489256
v 0.070606 0.048129 -0.489485
v 0.061691 0.055341 -0.489348
v 0.069203 0.069310 -0.489351
v 0.069966 0.068228 -0.489349
v 0.065727 0.058537 -0.489375
v 0.071223 0.051302 -0.489453
v 0.071795 0.060465 -0.489392
v 0.077145 0.051879 -0.489937
v 0.077209 0.047924 -0.490063
v 0.068241 0.054347 -0.489407
v 0.077009 0.049830 -0.490041
v 0.077004 0.069805 -0.489613
v 0.077061 0.066883 -0.489461
v 0.076714 0.067106 -0.489291
v 0.071021 0.060128 -0.489385
v 0.077085 0.052249 -0.489876
v 0.071043 0.054213 -0.489390
v 0.076045 0.051835 -0.489601
v 0.075649 0.066454 -0.488773
v 0.076887 0.063644 -0.489650
v 0.067994 0.058598 -0.489384
v 0.076868 0.051515 -0.489909
v 0.069226 0.054333 -0.489400
v 0.074934 0.050984 -0.489572
v 0.075976 0.060572 -0.489587
v 0.075898 0.059597 -0.489481
v 0.069640 0.056885 -0.489392
v 0.074736 0.051915 -0.489431
v 0.073157 0.055434 -0.489307
v 0.075889 0.052324 -0.489480
v 0.075911 0.059076 -0.489412
v 0.075916 0.058866 -0.489384
v 0.076560 0.059128 -0.489585
v 0.080088 0.054914 -0.490187
v 0.084101 0.052704 -0.489397
v 0.076850 0.060456 -0.489926
v 0.076872 0.061468 -0.489942
v 0.084746 0.057285 -0.489253
v 0.082751 0.052200 -0.489740
v 0.076886 0.062137 -0.489953
v 0.076901 0.062821 -0.489963
v 0.081232 0.055978 -0.490044
v 0.076640 0.047720 -0.489987
v 0.082547 0.049431 -0.489780
v 0.077409 0.045371 -0.490134
v 0.082711 0.061668 -0.489747
v 0.085994 0.054930 -0.488761
v 0.088493 0.052905 -0.486952
v 0.026358 0.090434 -0.189400
v 0.082700 0.062604 -0.489751
v 0.083227 0.064515 -0.489626
v 0.088934 0.057721 -0.485821
v 0.083193 0.046338 -0.489645
v 0.087097 0.053689 -0.488035
v 0.083302 0.043713 -0.489648
v 0.082564 0.064110 -0.489781
v 0.083265 0.067169 -0.489612
v 0.088261 0.063409 -0.487176
v 0.089596 0.055247 -0.484627
v 0.087977 0.046865 -0.487748
v 0.083411 0.041396 -0.489683
v 0.088464 0.043887 -0.487396
v 0.083509 0.039576 -0.489732
v 0.089993 0.054223 -0.482034
v 0.089797 0.052531 -0.483631
v 0.088380 0.041750 -0.487510
v 0.088267 0.065928 -0.487134
v 0.088750 0.070175 -0.486489
v 0.090108 0.065797 -0.481815
v 0.090217 0.058276 -0.479010
v 0.089982 0.046152 -0.482901
v 0.088229 0.064806 -0.487171
v 0.083560 0.068650 -0.489535
v 0.083796 0.069781 -0.489468
v 0.084008 0.071672 -0.489413
v 0.076658 0.072115 -0.489614
v 0.084139 0.073145 -0.489384
v 0.088823 0.072320 -0.486269
v 0.084276 0.074411 -0.489346
v 0.088867 0.073981 -0.486071
v 0.090070 0.071580 -0.481463
v 0.090084 0.069405 -0.481321
v 0.090243 0.060456 -0.477878
v 0.090284 0.061236 -0.476315
v 0.090134 0.044632 -0.482533
v 0.090243 0.042450 -0.482658
v 0.088641 0.034742 -0.487568
v 0.088440 0.037065 -0.487530
v 0.090207 0.036397 -0.482564
v 0.088619 0.031837 -0.487664
v 0.090315 0.043786 -0.477120
v 0.090318 0.039259 -0.477030
v 0.090232 0.032973 -0.482645
v 0.090316 0.053269 -0.473447
v 0.090306 0.049489 -0.469934
v 0.090257 0.068826 -0.476716
v 0.090249 0.071058 -0.476378
v 0.090235 0.074805 -0.476290
v 0.090321 0.060091 -0.468263
v 0.090319 0.039156 -0.476890
v 0.090318 0.052266 -0.472237
v 0.090322 0.033191 -0.477469
v 0.090234 0.073807 -0.476824
v 0.090040 0.079585 -0.475922
v 0.090285 0.070674 -0.470054
v 0.090246 0.054525 -0.465325
v 0.090226 0.038216 -0.471425
v 0.090319 0.027862 -0.477279
v 0.090256 0.030676 -0.472451
v 0.090317 0.022987 -0.477353
v 0.090222 0.046570 -0.465124
v 0.090187 0.044356 -0.463874
v 0.090289 0.025191 -0.472149
v 0.090214 0.074077 -0.469364
v 0.089406 0.080652 -0.468845
v 0.090300 0.054668 -0.461979
v 0.090247 0.072657 -0.469612
v 0.089700 0.081650 -0.475637
v 0.089178 0.083244 -0.475449
v 0.088167 0.084502 -0.480489
v 0.087405 0.085792 -0.480305
v 0.088152 0.085151 -0.474905
v 0.088922 0.083219 -0.480664
v 0.087938 0.083231 -0.484977
v 0.087296 0.084453 -0.484733
v 0.089525 0.081688 -0.480858
v 0.088444 0.081835 -0.485253
v 0.084825 0.080728 -0.489184
v 0.084887 0.081956 -0.489133
v 0.089945 0.079705 -0.481204
v 0.088774 0.080317 -0.485429
v 0.084839 0.079516 -0.489189
v 0.076278 0.077879 -0.489788
v 0.076190 0.078789 -0.489830
v 0.089031 0.078740 -0.485513
v 0.084795 0.078292 -0.489197
v 0.076348 0.076966 -0.489744
v 0.066858 0.076784 -0.489390
v 0.084653 0.077002 -0.489239
v 0.076513 0.075675 -0.489695
v 0.084434 0.075695 -0.489302
v 0.076567 0.074738 -0.489676
v 0.076632 0.073340 -0.489656
v 0.089029 0.077147 -0.485699
v 0.088938 0.075568 -0.485955
v 0.090038 0.076178 -0.481261
v 0.090054 0.074275 -0.481355
v 0.090047 0.078221 -0.481102
v 0.066657 0.077595 -0.489428
v 0.066296 0.078838 -0.489485
v 0.075927 0.079694 -0.489877
v 0.066222 0.079392 -0.489512
v 0.075689 0.080450 -0.490001
v 0.084802 0.083265 -0.488926
v 0.075363 0.081191 -0.490079
v 0.084328 0.084349 -0.488735
v 0.086639 0.085618 -0.484480
v 0.083903 0.085399 -0.488459
v 0.085962 0.086778 -0.484249
v 0.086625 0.087050 -0.480095
v 0.085286 0.087908 -0.484028
v 0.085753 0.088324 -0.479884
v 0.086076 0.088146 -0.474360
v 0.087149 0.086706 -0.474615
v 0.086354 0.086586 -0.467545
v 0.087689 0.084657 -0.467728
v 0.088840 0.082933 -0.455987
v 0.090147 0.076096 -0.457450
v 0.090357 0.069521 -0.435657
v 0.090333 0.042774 -0.436868
v 0.090271 0.049044 -0.416006
v 0.090075 0.078951 -0.434222
v 0.090324 0.064291 -0.411314
v 0.090145 0.033347 -0.387791
v 0.090036 0.016151 -0.358839
v 0.090297 0.064123 -0.386394
v 0.089393 0.051568 -0.361678
v 0.089941 0.040629 -0.335916
v 0.090227 0.067600 -0.362827
v 0.090244 0.074301 -0.385905
v 0.089735 0.081116 -0.385712
v 0.089751 0.081245 -0.409277
v 0.088006 0.086236 -0.408961
v 0.084527 0.090077 -0.408648
v 0.087641 0.086754 -0.385503
v 0.080492 0.093125 -0.408305
v 0.083563 0.091066 -0.385237
v 0.075633 0.094424 -0.407919
v 0.077179 0.094018 -0.432356
v 0.073112 0.094800 -0.432138
v 0.068729 0.095080 -0.431971
v 0.071446 0.094682 -0.453922
v 0.067635 0.094826 -0.453557
v 0.062568 0.094127 -0.452676
v 0.066894 0.093947 -0.465765
v 0.061595 0.093514 -0.464548
v 0.053080 0.093338 -0.461966
v 0.061336 0.094571 -0.470745
v 0.052636 0.094044 -0.469147
v 0.040133 0.093657 -0.466452
v 0.052991 0.094301 -0.474017
v 0.039549 0.094016 -0.472578
v 0.027509 0.093772 -0.469241
v 0.039307 0.094231 -0.477737
v 0.053196 0.094463 -0.477949
v 0.051487 0.094352 -0.482516
v 0.039589 0.093905 -0.482927
v 0.040076 0.090629 -0.487966
v 0.044806 0.090634 -0.488209
v 0.054303 0.093782 -0.484984
v 0.054895 0.092694 -0.486686
v 0.044546 0.090368 -0.488593
v 0.055213 0.091312 -0.488054
v 0.044565 0.089610 -0.489699
v 0.030332 0.088752 -0.489971
v 0.030253 0.090670 -0.489081
v 0.017498 0.087260 -0.489861
v 0.018364 0.089985 -0.488776
v -0.000818 0.086428 -0.489996
v 0.000758 0.090032 -0.488636
v -0.022177 0.086151 -0.490097
v -0.020961 0.090844 -0.489385
v -0.019748 0.093173 -0.485548
v -0.041104 0.089959 -0.489583
v -0.039898 0.093479 -0.486808
v -0.038938 0.094262 -0.481637
v -0.038344 0.094590 -0.476093
v -0.056597 0.093523 -0.488170
v -0.055696 0.094772 -0.483829
v -0.054760 0.094964 -0.478388
v -0.053900 0.094973 -0.472157
v -0.038072 0.094881 -0.469824
v -0.068157 0.094162 -0.485488
v -0.067528 0.094721 -0.480379
v -0.067031 0.094790 -0.475074
v -0.077376 0.093453 -0.481548
v -0.076687 0.093998 -0.476570
v -0.084888 0.088311 -0.481723
v -0.084455 0.089232 -0.476420
v -0.088807 0.079457 -0.480889
v -0.088839 0.079678 -0.474781
v -0.089253 0.067919 -0.479560
v -0.089199 0.068062 -0.472632
v -0.088399 0.068296 -0.464937
v -0.089251 0.068795 -0.462509
v -0.089733 0.068928 -0.453061
v -0.089287 0.079398 -0.453150
v -0.086293 0.087283 -0.453173
v -0.089664 0.069477 -0.439192
v -0.089237 0.079236 -0.439564
v -0.086344 0.087330 -0.439852
v -0.080166 0.093024 -0.439906
v -0.089179 0.079083 -0.417933
v -0.086157 0.087382 -0.418184
v -0.079722 0.093105 -0.418388
v -0.086068 0.086644 -0.392913
v -0.080137 0.092656 -0.393348
v -0.086378 0.086414 -0.367274
v -0.080909 0.092256 -0.367336
v -0.086406 0.086934 -0.341824
v -0.081240 0.092043 -0.342166
v -0.086139 0.087606 -0.317700
v -0.081234 0.091930 -0.318820
v -0.083672 0.089837 -0.297038
v -0.078274 0.093374 -0.298783
v -0.071166 0.088677 -0.280171
v -0.066838 0.092872 -0.280579
v -0.062266 0.086123 -0.265517
v -0.060123 0.090516 -0.265049
v -0.062094 0.084982 -0.249171
v -0.062798 0.081511 -0.266806
v -0.062319 0.080009 -0.250166
v -0.062318 0.078637 -0.231260
v -0.062387 0.075151 -0.252468
v -0.062380 0.073561 -0.232141
v -0.062417 0.072296 -0.215420
v -0.062348 0.077482 -0.213905
v -0.062366 0.076476 -0.194615
v -0.062384 0.075306 -0.175193
v -0.062515 0.067706 -0.155505
v -0.062423 0.074173 -0.155732
v -0.063207 0.066482 -0.135408
v -0.062622 0.072949 -0.136782
v -0.063588 0.076258 -0.269716
v -0.074140 0.083172 -0.281469
v -0.076722 0.077148 -0.283269
v -0.087493 0.084476 -0.296583
v -0.089209 0.076898 -0.296702
v -0.089446 0.067577 -0.298245
v -0.089620 0.074261 -0.316013
v -0.089715 0.065141 -0.316701
v -0.089667 0.052963 -0.317776
v -0.089629 0.055426 -0.301769
v -0.089662 0.038596 -0.319990
v -0.089663 0.040839 -0.302815
v -0.089650 0.018623 -0.321214
v -0.089661 0.021094 -0.303211
v -0.088060 0.022301 -0.290845
v -0.087796 -0.000134 -0.299439
v -0.087577 -0.000244 -0.289679
v -0.087068 0.000344 -0.284323
v -0.086481 0.022912 -0.285728
v -0.086482 0.000844 -0.279921
v -0.085738 0.022854 -0.281654
v -0.085859 0.001187 -0.275640
v -0.084806 0.021807 -0.276339
v -0.083527 0.001327 -0.271836
v -0.083781 0.021004 -0.272574
v -0.079207 0.001453 -0.270130
v -0.079710 0.020133 -0.270006
v -0.078303 0.034072 -0.267172
v -0.075463 0.019021 -0.267869
v -0.073889 0.032029 -0.265804
v -0.072241 0.039497 -0.260367
v -0.075759 0.041718 -0.261850
v -0.070490 0.044643 -0.254020
v -0.074535 0.045777 -0.254575
v -0.077834 0.048109 -0.255338
v -0.077206 0.051922 -0.256184
v -0.074808 0.046488 -0.245588
v -0.078185 0.049125 -0.245679
v -0.076386 0.052844 -0.245714
v -0.072557 0.055138 -0.245816
v -0.073819 0.054445 -0.256818
v -0.077984 0.049332 -0.233795
v -0.075968 0.053080 -0.233384
v -0.071944 0.055597 -0.232762
v -0.068405 0.057004 -0.246093
v -0.074898 0.053785 -0.218048
v -0.070827 0.056289 -0.217990
v -0.072977 0.053970 -0.203211
v -0.069347 0.056492 -0.204064
v -0.072428 0.054689 -0.184849
v -0.068179 0.056494 -0.185829
v -0.072030 0.055277 -0.166722
v -0.066101 0.057837 -0.168026
v -0.076387 0.051422 -0.184075
v -0.076557 0.051882 -0.165926
v -0.076899 0.051225 -0.153154
v -0.075597 0.047742 -0.165013
v -0.075228 0.047178 -0.151241
v -0.070918 0.047134 -0.163886
v -0.074803 0.048317 -0.183333
v -0.070075 0.047780 -0.182591
v -0.065232 0.047077 -0.181693
v -0.069276 0.048052 -0.201624
v -0.064572 0.047096 -0.201492
v -0.070290 0.044468 -0.220005
v -0.065523 0.043531 -0.220915
v -0.070181 0.045286 -0.234953
v -0.065199 0.045083 -0.235469
v -0.070109 0.045693 -0.245473
v -0.065147 0.045246 -0.245472
v -0.065746 0.044029 -0.253845
v -0.067183 0.038557 -0.259953
v -0.074968 0.046394 -0.234351
v -0.074896 0.046283 -0.219157
v -0.077899 0.049926 -0.218469
v -0.074084 0.048949 -0.201998
v -0.075714 0.050736 -0.202491
v -0.064997 0.058174 -0.257365
v -0.069515 0.056485 -0.257185
v -0.070574 0.056306 -0.266783
v -0.059775 0.060148 -0.257632
v -0.053596 0.063684 -0.256765
v -0.083357 -0.018241 -0.272040
v -0.078635 -0.016693 -0.269948
v -0.080969 -0.034261 -0.270204
v -0.076967 -0.031796 -0.268357
v -0.086717 -0.019454 -0.275043
v -0.083944 -0.036625 -0.272944
v -0.087166 -0.020528 -0.279468
v -0.088538 -0.024151 -0.326479
v -0.088156 -0.004310 -0.322867
v -0.088296 -0.007189 -0.343577
v -0.089187 0.017099 -0.338869
v -0.089410 0.009269 -0.365667
v -0.089045 -0.010366 -0.366040
v -0.088258 0.003337 -0.390218
v -0.089585 -0.012076 -0.390166
v -0.089747 -0.022022 -0.390162
v -0.089333 -0.029123 -0.390525
v -0.084722 -0.031865 -0.409543
v -0.084642 -0.032187 -0.390874
v -0.082478 -0.032664 -0.370752
v -0.078300 -0.033260 -0.391644
v -0.081026 -0.037934 -0.358541
v -0.080403 -0.048563 -0.356562
v -0.078628 -0.060321 -0.361122
v -0.076612 -0.060995 -0.380898
v -0.072637 -0.056477 -0.398231
v -0.076343 -0.060816 -0.400666
v -0.081984 -0.061190 -0.403251
v -0.081327 -0.059901 -0.416947
v -0.086351 -0.059204 -0.420154
v -0.086872 -0.061454 -0.405797
v -0.081026 -0.053061 -0.422234
v -0.085873 -0.051998 -0.423321
v -0.085336 -0.043046 -0.423612
v -0.080658 -0.044301 -0.422650
v -0.079723 -0.036348 -0.419706
v -0.084447 -0.034790 -0.419930
v -0.079235 -0.032939 -0.408987
v -0.074103 -0.037232 -0.392754
v -0.074218 -0.043465 -0.394175
v -0.072624 -0.049810 -0.395988
v -0.089566 0.023024 -0.390134
v -0.089674 0.029932 -0.365523
v -0.089882 0.044334 -0.365910
v -0.089766 0.040564 -0.390627
v -0.089696 0.035552 -0.340530
v -0.090113 0.048903 -0.340481
v -0.089523 0.060443 -0.341019
v -0.088653 0.056518 -0.366333
v -0.089536 0.068721 -0.366664
v -0.089528 0.069012 -0.392051
v -0.089279 0.055733 -0.391349
v -0.089580 0.071498 -0.341153
v -0.089249 0.079898 -0.341431
v -0.089262 0.078481 -0.367089
v -0.089119 0.081681 -0.316481
v -0.089191 0.078419 -0.392539
v -0.089557 0.069609 -0.417436
v -0.089697 0.054643 -0.438413
v -0.089499 0.056016 -0.416340
v -0.089764 0.035113 -0.436690
v -0.089234 0.037838 -0.414358
v -0.089548 0.050906 -0.478714
v -0.088294 0.067697 -0.485726
v -0.088582 0.050723 -0.485177
v -0.089728 0.032260 -0.478885
v -0.089711 0.018731 -0.478829
v -0.083830 0.067462 -0.489225
v -0.083860 0.047940 -0.489383
v -0.077233 0.067309 -0.489987
v -0.077759 0.050367 -0.489948
v -0.078251 0.021890 -0.489817
v -0.069973 0.067388 -0.489649
v -0.071260 0.051513 -0.489697
v -0.071739 0.024702 -0.489688
v -0.061580 0.053124 -0.489412
v -0.062809 0.024497 -0.489422
v -0.032059 0.031286 -0.489094
v -0.027809 0.061572 -0.489121
v -0.005645 0.068978 -0.489250
v -0.051156 0.025573 -0.489213
v -0.048541 0.055998 -0.489154
v -0.046084 0.071327 -0.489388
v -0.025130 0.074316 -0.489544
v -0.060005 0.068777 -0.489433
v -0.058889 0.077548 -0.489615
v -0.044038 0.079244 -0.489779
v -0.068614 0.075900 -0.489640
v -0.058259 0.083249 -0.490245
v -0.076008 0.075784 -0.489948
v -0.082696 0.077272 -0.489609
v -0.087612 0.079149 -0.486758
v -0.083647 0.086586 -0.486511
v -0.077263 0.091752 -0.486503
v -0.057507 0.088572 -0.489857
v -0.042453 0.084810 -0.490231
v -0.023524 0.080879 -0.489899
v -0.002232 0.082255 -0.489935
v -0.003606 0.077569 -0.489677
v 0.016695 0.084410 -0.490116
v 0.015926 0.081085 -0.489823
v 0.014947 0.075931 -0.489481
v 0.030634 0.084022 -0.490179
v 0.030865 0.081498 -0.489752
v 0.044763 0.086400 -0.490210
v 0.044948 0.084773 -0.490270
v 0.045278 0.082899 -0.490155
v 0.056159 0.086722 -0.490070
v 0.056454 0.085271 -0.490274
v 0.056714 0.083791 -0.490278
v 0.046391 0.079720 -0.489560
v 0.056960 0.082434 -0.490015
v 0.064938 0.084146 -0.490310
v 0.065253 0.082898 -0.490149
v 0.065516 0.081870 -0.489903
v 0.057417 0.080965 -0.489634
v 0.065785 0.080813 -0.489633
v 0.075061 0.081929 -0.490155
v 0.074589 0.082843 -0.490220
v 0.083492 0.086464 -0.488080
v 0.073605 0.083853 -0.490263
v 0.082958 0.087625 -0.487632
v 0.084476 0.089138 -0.483803
v 0.082035 0.089041 -0.487301
v 0.083493 0.090456 -0.483595
v 0.083491 0.090926 -0.479413
v 0.084812 0.089673 -0.479681
v 0.083347 0.090826 -0.473883
v 0.084796 0.089503 -0.474122
v 0.083338 0.089725 -0.467268
v 0.084968 0.088197 -0.467391
v 0.085789 0.088779 -0.455231
v 0.087543 0.086232 -0.455439
v 0.088864 0.083717 -0.433570
v 0.083614 0.090688 -0.455009
v 0.086960 0.087621 -0.433227
v 0.090261 0.075096 -0.409739
v 0.081123 0.092347 -0.454802
v 0.084138 0.090330 -0.432912
v 0.078152 0.093497 -0.454545
v 0.080937 0.092701 -0.432629
v 0.074926 0.094186 -0.454237
v 0.076910 0.092855 -0.466805
v 0.074070 0.093419 -0.466594
v 0.070781 0.093853 -0.466269
v 0.074536 0.094472 -0.472983
v 0.071208 0.094703 -0.472588
v 0.067013 0.094770 -0.471910
v 0.067326 0.094941 -0.476121
v 0.061484 0.094788 -0.474977
v 0.071561 0.094698 -0.477026
v 0.071864 0.094405 -0.480467
v 0.067546 0.094842 -0.479420
v 0.074927 0.094225 -0.477609
v 0.075260 0.093845 -0.481369
v 0.075558 0.093234 -0.484642
v 0.072155 0.093955 -0.483415
v 0.077686 0.093729 -0.478157
v 0.077999 0.093296 -0.482137
v 0.078089 0.092616 -0.485636
v 0.075033 0.090133 -0.488933
v 0.075615 0.091700 -0.487586
v 0.080255 0.092601 -0.482774
v 0.080065 0.091413 -0.486541
v 0.077278 0.088649 -0.489341
v 0.081037 0.090276 -0.486930
v 0.072970 0.085570 -0.490091
v 0.064328 0.086843 -0.489822
v 0.064051 0.088451 -0.489168
v 0.063732 0.089999 -0.488378
v 0.063389 0.091648 -0.487588
v 0.070389 0.091336 -0.488086
v 0.073678 0.088857 -0.489283
v 0.076225 0.087652 -0.489634
v 0.075747 0.088979 -0.489295
v 0.073021 0.090926 -0.488479
v 0.072490 0.092964 -0.486220
v 0.068756 0.092560 -0.486999
v 0.068190 0.093854 -0.484898
v 0.067893 0.094544 -0.482289
v 0.062586 0.094324 -0.484079
v 0.062172 0.094714 -0.481562
v 0.061804 0.094836 -0.478440
v 0.062915 0.093194 -0.486166
v 0.055542 0.089813 -0.489089
v 0.055867 0.088257 -0.489716
v 0.044646 0.088009 -0.490085
v 0.030491 0.086416 -0.490126
v 0.072336 0.084962 -0.490182
v 0.064657 0.085512 -0.490141
v 0.081994 0.091658 -0.483240
v 0.080002 0.093043 -0.478666
v 0.081957 0.092154 -0.479111
v 0.079693 0.093190 -0.473437
v 0.081668 0.092103 -0.473656
v 0.079363 0.092070 -0.467019
v 0.081500 0.091044 -0.467157
v 0.077323 0.094050 -0.473212
v 0.090338 0.018492 -0.470309
v 0.090337 0.007104 -0.476663
v 0.090318 0.017301 -0.477225
v 0.090236 -0.021010 -0.481328
v 0.090130 0.007083 -0.481685
v 0.089143 -0.031384 -0.486383
v 0.088724 -0.062114 -0.485986
v 0.084913 -0.064502 -0.489154
v 0.084271 -0.030452 -0.489571
v 0.084120 -0.078121 -0.489496
v 0.076388 -0.076671 -0.488210
v 0.077604 -0.073645 -0.490561
v 0.076585 -0.073026 -0.487393
v 0.075386 -0.042609 -0.489847
v 0.079388 -0.037131 -0.490332
v 0.080754 -0.005467 -0.490126
v 0.079178 -0.004751 -0.490082
v 0.079260 0.005762 -0.490085
v 0.084845 0.002395 -0.489554
v 0.088849 0.002738 -0.486743
v 0.084427 0.010274 -0.489619
v 0.088622 0.011450 -0.486903
v 0.090151 0.013912 -0.482278
v 0.088668 0.015864 -0.487219
v 0.090203 0.018667 -0.482535
v 0.088692 0.019542 -0.487407
v 0.090230 0.022793 -0.482657
v 0.088686 0.022944 -0.487538
v 0.090171 0.026565 -0.482705
v 0.088650 0.026133 -0.487649
v 0.090258 0.030246 -0.482670
v 0.088609 0.029079 -0.487659
v 0.083866 0.026203 -0.489493
v 0.083810 0.028842 -0.489530
v 0.083948 0.023353 -0.489576
v 0.078360 0.021161 -0.490202
v 0.078306 0.023925 -0.490210
v 0.084100 0.020372 -0.489745
v 0.078500 0.018337 -0.490216
v 0.072253 0.015998 -0.489567
v 0.072292 0.019020 -0.489568
v 0.078659 0.015506 -0.490173
v 0.072456 0.012818 -0.489586
v 0.084188 0.017303 -0.489785
v 0.084238 0.014087 -0.489746
v 0.078862 0.012735 -0.490178
v 0.072577 0.010780 -0.489575
v 0.079124 0.009888 -0.490140
v 0.072504 0.008392 -0.489547
v 0.072430 0.005093 -0.489486
v 0.066807 0.002081 -0.488739
v 0.063798 0.003459 -0.489049
v 0.064855 0.004856 -0.489175
v 0.065194 0.002730 -0.488834
v 0.071219 -0.008045 -0.489300
v 0.070908 -0.011401 -0.489349
v 0.069597 -0.019242 -0.489397
v 0.061939 -0.014567 -0.489362
v 0.055905 -0.001765 -0.489142
v 0.063744 0.010549 -0.489385
v 0.063601 0.014958 -0.489433
v 0.052841 -0.001356 -0.489117
v 0.050219 0.015424 -0.489368
v 0.062898 0.019717 -0.489444
v 0.045354 -0.028012 -0.489298
v 0.060957 -0.021656 -0.489334
v 0.058791 -0.038375 -0.489199
v 0.056900 -0.056136 -0.489118
v 0.040333 -0.051049 -0.489192
v 0.055356 -0.066607 -0.489284
v 0.037234 -0.065621 -0.489360
v 0.053786 -0.074405 -0.489470
v 0.067249 -0.066682 -0.489323
v 0.065974 -0.072112 -0.489386
v 0.064184 -0.078486 -0.489565
v 0.072835 -0.072712 -0.489444
v 0.070568 -0.074811 -0.489641
v 0.075459 -0.068754 -0.488844
v 0.067765 -0.060701 -0.489375
v 0.068532 -0.041130 -0.489605
v 0.069170 -0.026650 -0.489475
v 0.076502 -0.023746 -0.488994
v 0.076614 -0.019762 -0.489483
v 0.076572 -0.014927 -0.489345
v 0.076541 -0.011460 -0.489328
v 0.071100 -0.006044 -0.489240
v 0.076508 -0.008647 -0.489294
v 0.070908 -0.004191 -0.489168
v 0.076485 -0.006184 -0.489243
v 0.073158 -0.001135 -0.489005
v 0.076526 -0.003604 -0.489201
v 0.072340 0.001567 -0.489015
v 0.071458 -0.000794 -0.488988
v 0.076057 -0.000590 -0.489102
v 0.076231 -0.001398 -0.489133
v 0.076008 0.000434 -0.489041
v 0.076538 -0.006500 -0.489377
v 0.075866 0.000297 -0.489068
v 0.072159 0.021953 -0.489566
v 0.062842 0.023362 -0.489447
v 0.072184 0.024740 -0.489564
v 0.078296 0.026562 -0.490274
v 0.072231 0.027494 -0.489569
v 0.078266 0.029096 -0.490366
v 0.062990 0.027261 -0.489445
v 0.072225 0.030155 -0.489562
v 0.078211 0.031449 -0.490351
v 0.072350 0.033185 -0.489566
v 0.078172 0.033684 -0.490324
v 0.072223 0.035027 -0.489571
v 0.078107 0.035653 -0.490322
v 0.083637 0.035765 -0.489761
v 0.083651 0.033634 -0.489664
v 0.083581 0.037753 -0.489751
v 0.077982 0.037500 -0.490308
v 0.088460 0.039184 -0.487559
v 0.072235 0.037307 -0.489577
v 0.072021 0.038948 -0.489561
v 0.077898 0.039214 -0.490278
v 0.077789 0.040834 -0.490240
v 0.077713 0.042753 -0.490198
v 0.077612 0.043474 -0.490160
v 0.083798 0.031343 -0.489566
v 0.076139 0.065301 -0.489238
v 0.076403 0.064679 -0.489488
v 0.076692 0.063996 -0.489762
v 0.076913 0.063476 -0.489972
v 0.090281 -0.003119 -0.452611
v 0.089951 -0.010047 -0.445548
v 0.089882 -0.022045 -0.449668
v -0.089751 -0.074742 -0.450015
v 0.064767 0.094968 -0.345749
v 0.059984 -0.010627 -0.081748
v 0.059023 -0.009714 -0.075635
v 0.059103 -0.014516 -0.075307
v 0.061257 -0.018271 -0.075194
v 0.060992 -0.011860 -0.088239
v 0.062507 -0.007412 -0.096891
v 0.062348 -0.013409 -0.096412
v 0.064024 0.021668 -0.096909
v 0.062633 0.028776 -0.092954
v 0.062186 0.036046 -0.089261
v 0.062808 0.037646 -0.097999
v 0.060821 0.033612 -0.081787
v 0.065220 0.033028 -0.080098
v 0.066611 0.034934 -0.088253
v 0.060021 0.032175 -0.075176
v 0.064454 0.031484 -0.073688
v 0.059361 0.030583 -0.069860
v 0.064085 0.030385 -0.068751
v 0.071173 0.033560 -0.086785
v 0.072965 0.035452 -0.096548
v 0.068058 0.037104 -0.097159
v 0.074346 0.037316 -0.105164
v 0.069251 0.039333 -0.105628
v 0.063957 0.040320 -0.106311
v 0.070268 0.041419 -0.113823
v 0.065142 0.042746 -0.114677
v 0.074623 0.039208 -0.113853
v 0.076383 0.037663 -0.124723
v -0.025531 -0.026750 -0.266725
v -0.024268 -0.019447 -0.266758
v -0.015103 -0.021171 -0.266215
v -0.033722 -0.010927 -0.267119
v -0.032995 -0.004735 -0.264770
v -0.044643 -0.004756 -0.266325
v -0.044071 0.001218 -0.265187
v -0.032606 0.001120 -0.264102
v 0.000552 0.020878 -0.253302
v -0.009218 0.014618 -0.253670
v -0.011382 0.021868 -0.253043
v -0.012743 0.028438 -0.252955
v -0.022290 0.023300 -0.252676
v -0.023070 0.030223 -0.252535
v -0.031028 0.024861 -0.252269
v -0.031087 0.032738 -0.251536
v -0.038281 0.026369 -0.249096
v -0.037414 0.034141 -0.247449
v -0.041793 0.026042 -0.241907
v -0.040555 0.033901 -0.240156
v -0.035831 0.038466 -0.238891
v -0.028861 0.042404 -0.229036
v -0.030410 0.042282 -0.237773
v -0.028586 0.015112 -0.252186
v -0.019617 0.014553 -0.252577
v -0.048558 -0.046974 -0.112930
v -0.048491 -0.046854 -0.098212
v -0.054368 -0.047058 -0.099906
v -0.060057 -0.047864 -0.101431
v -0.060017 -0.047581 -0.087758
v -0.065463 -0.048745 -0.102805
v -0.065514 -0.048449 -0.088031
v -0.065815 -0.048195 -0.078747
v -0.071009 -0.049220 -0.088181
v -0.070928 -0.049252 -0.103924
v -0.032246 0.043713 -0.121066
v -0.022870 0.094943 -0.435600
v -0.016530 0.094632 -0.432860
v -0.012572 0.092702 -0.430910
v -0.011596 0.087441 -0.429526
v -0.007907 0.089165 -0.437057
v -0.008398 0.086727 -0.421727
v -0.008291 0.081172 -0.421268
v -0.011548 0.081466 -0.428462
v -0.000792 0.086261 -0.418374
v -0.001295 0.080799 -0.418071
v -0.001812 0.075169 -0.418449
v -0.008506 0.075392 -0.421527
v 0.006239 0.085900 -0.419509
v 0.005873 0.080492 -0.419155
v 0.005359 0.074885 -0.419085
v 0.004712 0.069262 -0.419447
v -0.002163 0.069510 -0.418844
v 0.010899 0.080236 -0.424171
v 0.010705 0.074658 -0.423832
v 0.009958 0.068859 -0.423584
v 0.011790 0.074618 -0.430775
v 0.011452 0.068557 -0.430095
v 0.008438 0.074770 -0.436980
v 0.008830 0.068607 -0.436154
v 0.002327 0.074949 -0.440306
v 0.003034 0.068789 -0.439813
v -0.004237 0.075217 -0.439582
v -0.004073 0.069031 -0.439480
v -0.009535 0.075391 -0.435078
v -0.009545 0.069176 -0.434784
v -0.011636 0.075433 -0.428254
v -0.011058 0.069351 -0.427870
v -0.008198 0.069540 -0.421871
v -0.002465 0.064093 -0.419046
v -0.009143 0.081868 -0.435533
v 0.011402 0.080231 -0.431419
v 0.010813 0.085444 -0.424881
v 0.010985 0.085305 -0.432173
v 0.080961 -0.046231 -0.006145
v 0.079600 -0.060044 -0.002255
v 0.083870 -0.059603 -0.003151
v 0.077687 -0.063255 0.015764
v 0.073615 -0.058869 0.034326
v 0.073697 -0.052107 0.034237
v 0.073530 -0.046237 0.017685
v 0.073651 -0.044749 0.034792
v 0.073510 -0.038624 0.018200
v 0.089107 -0.013273 0.074468
v 0.088283 -0.005830 0.069343
v 0.090224 0.042872 0.114017
v 0.090312 0.068626 0.109728
v 0.090246 0.068501 0.116051
v 0.083475 0.067379 0.119085
v 0.072592 0.088728 0.118935
v 0.071505 0.094717 0.117801
v 0.065948 0.094715 0.117957
v 0.066642 0.089369 0.116762
v 0.058406 0.094747 0.118144
v 0.066614 0.094478 0.110281
v 0.058136 0.094572 0.110259
v 0.067756 0.094284 0.100596
v 0.058096 0.094494 0.100216
v 0.047642 0.094750 0.100024
v 0.058837 0.094458 0.086005
v 0.049160 0.094705 0.084574
v 0.041243 0.095095 0.083443
v 0.050816 0.094618 0.065313
v 0.042919 0.094816 0.063962
v 0.052065 0.094543 0.044864
v 0.043971 0.094713 0.042684
v 0.056467 0.094409 0.027184
v 0.048922 0.094570 0.024206
v 0.062969 0.094231 0.013543
v 0.055632 0.094366 0.012910
v 0.067862 0.094203 -0.002029
v 0.062611 0.094319 -0.001767
v 0.073537 0.093984 -0.002666
v 0.069939 0.094039 0.013696
v 0.077162 0.093555 0.013242
v 0.065049 0.094207 0.029472
v 0.074350 0.093854 0.030247
v 0.082451 0.091466 0.030393
v 0.061663 0.094329 0.046935
v 0.071970 0.094026 0.048370
v 0.081020 0.092380 0.049332
v 0.087377 0.086695 0.050099
v 0.070143 0.094098 0.068448
v 0.079301 0.093106 0.069842
v 0.086559 0.087920 0.071105
v 0.089398 0.079162 0.072188
v 0.077428 0.093663 0.088967
v 0.085158 0.089557 0.089829
v 0.089465 0.080735 0.090138
v 0.075032 0.094029 0.101226
v 0.068918 0.094180 0.087651
v 0.072694 0.094307 0.110702
v 0.060238 0.094395 0.066885
v 0.086823 -0.004112 0.069167
v 0.086960 0.003231 0.069170
v 0.087628 0.007159 0.069910
v 0.087190 0.000006 0.069783
v 0.086756 0.002639 0.069233
v 0.032948 0.094923 0.001634
v 0.024737 0.094880 0.018012
v 0.010687 -0.049844 0.125887
v -0.003745 -0.050318 0.126439
v -0.004001 -0.051008 0.120484
v -0.003467 -0.047033 0.130448
v -0.017802 -0.042898 0.130629
v -0.018823 -0.045853 0.126329
v -0.015395 -0.037687 0.131466
v -0.025808 -0.029629 0.131196
v -0.029418 -0.033257 0.129991
v -0.023962 -0.027524 0.134794
v -0.029992 -0.017586 0.135304
v -0.032409 -0.018715 0.131502
v -0.029488 -0.017293 0.144213
v -0.031771 -0.006065 0.144598
v -0.032416 -0.005861 0.135726
v -0.031885 -0.006154 0.160640
v -0.030164 0.005130 0.160757
v -0.029558 0.005270 0.145041
v -0.030977 0.005090 0.184273
v -0.025424 0.015294 0.184415
v -0.025013 0.015605 0.160978
v -0.025503 0.015200 0.210979
v -0.017527 0.023764 0.211044
v -0.017644 0.023589 0.184671
v -0.017645 0.023618 0.237744
v -0.006625 0.028078 0.237787
v -0.006668 0.028026 0.211050
v -0.005935 0.023992 0.263217
v 0.004771 0.023417 0.262588
v 0.005241 0.028631 0.237841
v 0.016665 0.024543 0.237699
v 0.004940 0.028476 0.211002
v 0.014958 0.020829 0.263021
v 0.022707 0.013893 0.262890
v 0.020452 0.012089 0.289033
v 0.025469 0.004014 0.289079
v 0.025315 0.004072 0.315778
v 0.025517 -0.005943 0.315756
v 0.025551 -0.006074 0.342293
v 0.024157 -0.015758 0.342279
v 0.024092 -0.015422 0.368910
v 0.018426 -0.022211 0.368915
v 0.018730 -0.021949 0.395451
v 0.012131 -0.027591 0.395502
v -0.007195 0.027947 0.184744
v -0.017601 0.023770 0.161174
v -0.024498 0.015649 0.145561
v -0.030059 0.005950 0.136244
v -0.034404 -0.005819 0.131529
v -0.037512 -0.020943 0.129903
v -0.031799 -0.035504 0.125381
v -0.004311 -0.064350 0.119808
v -0.010532 -0.019395 0.466939
v -0.082134 -0.040143 0.119798
v -0.089693 -0.012465 0.090448
v -0.084980 -0.063925 0.034413
v -0.079363 -0.063147 0.032821
v -0.080083 -0.063468 0.013650
v -0.080550 -0.061019 -0.001801
v -0.073634 -0.060663 0.031636
v -0.072127 -0.054254 0.029712
v -0.071991 -0.047435 0.027546
v -0.076593 0.017089 -0.058857
v -0.076645 0.025398 -0.059161
v -0.081257 0.025793 -0.058470
v -0.076065 0.034468 -0.060798
v -0.037213 0.076646 0.040273
v -0.032570 0.080175 0.039098
v -0.037376 0.076471 0.049293
v -0.043340 0.075447 0.041107
v -0.043075 0.075206 0.049974
v -0.042760 0.075178 0.057717
v -0.037387 0.076398 0.057724
v -0.042215 0.075353 0.064831
v -0.037398 0.076409 0.065316
v -0.048617 0.075699 0.058273
v -0.047199 0.075870 0.064751
v -0.045318 0.076026 0.072258
v -0.049207 0.075267 0.050859
v -0.049549 0.075234 0.042047
v -0.055563 0.076722 0.043066
v -0.060630 0.081145 0.044253
v -0.043889 0.075635 0.031832
v -0.090411 0.013802 -0.012562
v -0.089669 -0.000706 0.089416
v -0.089332 -0.001465 0.074964
v -0.088985 -0.009519 0.077610
v -0.087194 0.000314 0.071094
v -0.085626 0.002472 0.067386
v -0.088410 0.000134 0.064624
v -0.089491 -0.009043 0.063629
v -0.089682 -0.007535 0.040286
v -0.089764 -0.016063 0.043736
v -0.089702 -0.017573 0.063396
v -0.085976 -0.017048 0.078625
v -0.088953 -0.032504 0.024455
v -0.089060 -0.032466 0.009612
v -0.083977 -0.032580 0.009697
v -0.084577 -0.032609 0.024759
v -0.088728 -0.000330 0.041535
v -0.088568 0.009870 0.068942
v -0.088349 0.013732 0.070766
v 0.025252 0.091848 -0.189486
v -0.086939 0.001607 0.068296
v -0.088117 0.008878 0.069221
v -0.086790 0.001555 0.068357
v -0.087890 0.008379 0.069361
v -0.086596 0.001487 0.068435
v -0.087664 0.007880 0.069501
v -0.086395 0.001417 0.068517
v -0.087437 0.007382 0.069641
v -0.086195 0.001346 0.068598
v -0.087210 0.006883 0.069781
v -0.085994 0.001276 0.068680
v -0.087008 0.006439 0.069905
v -0.085794 0.001206 0.068761
v -0.086907 0.006215 0.069968
v -0.087009 0.006294 0.069875
v -0.085593 0.001136 0.068842
v -0.085392 0.001065 0.068924
v -0.086488 0.001782 0.069914
v -0.087193 0.002042 0.070126
v -0.085192 0.000995 0.069005
v -0.084991 0.000925 0.069086
v -0.087809 0.002807 0.070267
v -0.084592 0.000785 0.069248
v -0.084391 0.000715 0.069330
v -0.086871 0.000725 0.070909
v 0.012775 0.074392 0.108186
v -0.047852 0.064457 -0.157121
v -0.045254 0.065886 -0.152254
v -0.068357 0.041884 -0.116056
v -0.067069 0.039744 -0.107346
v -0.065374 0.037930 -0.099502
v -0.069705 0.035302 -0.091163
v -0.064204 0.036027 -0.091456
v -0.069179 0.033300 -0.082400
v -0.062877 0.033927 -0.082990
v -0.068435 0.031196 -0.074192
v -0.061745 0.031963 -0.074682
v -0.051109 0.063431 -0.267413
v -0.051128 0.063053 -0.271077
v -0.050903 0.062662 -0.267410
v -0.052264 0.063147 -0.253592
v -0.051570 0.063209 -0.247591
v -0.018478 -0.045770 -0.229089
v -0.020677 -0.045451 -0.225789
v -0.018456 -0.045431 -0.229135
v -0.089756 -0.036213 -0.442648
v -0.089684 -0.026243 -0.438666
v -0.086652 -0.022003 -0.449071
v -0.087869 -0.011261 -0.435310
v 0.006460 -0.072988 -0.438792
v -0.008808 -0.076762 -0.436442
v -0.001105 -0.078868 -0.440855
v 0.007358 -0.080687 -0.438496
v 0.007920 -0.088201 -0.437936
v 0.011754 -0.082241 -0.431373
v 0.011850 -0.074664 -0.431882
v 0.000108 -0.086581 -0.440627
v -0.008009 -0.084440 -0.436898
v -0.007083 -0.091953 -0.437930
v -0.011142 -0.081904 -0.428427
v -0.011303 -0.089089 -0.429660
v -0.007185 -0.079944 -0.420611
v -0.007646 -0.086630 -0.421475
v -0.008658 -0.092333 -0.422032
v 0.000629 -0.084992 -0.417799
v 0.001982 -0.078239 -0.417949
v 0.010054 -0.076483 -0.423056
v 0.009788 -0.083667 -0.422622
v -0.006457 -0.072585 -0.420372
v -0.010862 -0.074382 -0.427810
v -0.079650 -0.036350 0.056829
v -0.070161 -0.019240 -0.116856
v -0.069801 -0.024445 -0.119732
v -0.070475 -0.030676 -0.123685
v 0.061990 -0.017816 -0.079271
v 0.025671 -0.045019 -0.237137
v 0.031724 -0.043426 -0.224398
v 0.019408 0.093733 -0.469601
v 0.021034 0.093761 -0.470534
v 0.021457 0.094069 -0.469766
v 0.002062 0.093489 -0.456903
v 0.044772 0.090814 -0.185703
v 0.052236 0.063149 -0.089659
v 0.054306 0.063612 -0.082734
v 0.050921 0.062834 -0.071395
v 0.048050 0.061911 -0.074875
v 0.055834 0.063243 -0.109582
v 0.066550 0.000936 0.119100
v 0.068569 0.000482 0.119198
v 0.087200 0.007762 0.069764
v 0.084007 0.008870 0.069578
v 0.092269 0.021407 -0.013304
v 0.090441 0.022301 -0.015330
v -0.067273 -0.060701 -0.250797
v -0.086780 0.005724 0.071287
v -0.086892 0.009763 0.073961
v 0.013822 0.094420 -0.255473
v 0.020292 0.094474 -0.255970
v 0.069893 0.089134 0.117391
v 0.077526 0.088263 0.118959
v 0.068418 0.088743 0.119551
v 0.075975 0.088739 0.117190
v 0.075158 0.088913 0.119501
v 0.073984 0.089174 0.115744
v 0.073426 0.088859 0.119425
v 0.070902 0.089500 0.115124
v 0.070643 0.088791 0.119465
v 0.076717 0.012700 0.120295
v 0.077029 0.010684 0.116879
v 0.077095 0.043626 0.120031
v 0.076952 0.045381 0.116344
v 0.077013 0.014737 0.115491
v 0.076864 0.015908 0.118997
v 0.076805 0.039036 0.119660
v 0.076969 0.039450 0.116218
v 0.076982 0.034567 0.119501
v 0.076939 0.034311 0.115421
v 0.077007 0.030501 0.118742
v 0.076940 0.030546 0.116955
v 0.076910 0.026709 0.117755
v 0.076917 0.026843 0.117264
v 0.076751 0.023033 0.118618
v 0.076823 0.023053 0.117792
v 0.076878 0.019317 0.118910
v 0.076942 0.019507 0.115681
v 0.088452 0.020285 -0.021271
v 0.092022 0.020851 -0.024157
v 0.091053 0.020877 -0.007743
v 0.093942 0.021354 -0.011232
v 0.088860 0.020371 -0.019846
v 0.092450 0.020933 -0.020752
v 0.093384 0.021281 -0.012685
v 0.090699 0.020787 -0.011421
v 0.092640 0.021184 -0.014619
v 0.090317 0.020694 -0.013937
v 0.092416 0.021103 -0.016342
v 0.089867 0.020587 -0.016129
v 0.092549 0.021015 -0.018309
v 0.089411 0.020487 -0.017924
v 0.097279 0.014172 0.006206
v 0.096378 0.014579 0.001124
v 0.097051 0.018730 0.006586
v 0.095883 0.019501 0.008764
v 0.091073 0.020299 0.011759
v 0.090369 0.020255 0.004227
v 0.096522 0.016389 0.002199
v 0.097219 0.015375 0.006306
v 0.097140 0.016949 0.006438
v 0.096629 0.017726 0.002994
v 0.095986 0.018486 0.003207
v 0.094095 0.019672 0.006752
v 0.094895 0.019886 0.009935
v 0.093406 0.019311 0.002799
v 0.093325 0.020056 0.010684
v 0.092279 0.019807 0.007409
v 0.091308 0.019918 0.007753
v 0.091444 0.019922 0.003635
v 0.094537 0.019353 -0.027201
v 0.096319 0.014823 -0.023793
v 0.097518 0.013954 -0.028533
v 0.094391 0.019746 -0.027944
v 0.095824 0.018757 -0.026718
v 0.096005 0.018989 -0.028588
v 0.097441 0.014897 -0.028641
v 0.096351 0.016051 -0.024700
v 0.097338 0.016146 -0.028782
v 0.096377 0.017036 -0.025427
v 0.097233 0.017422 -0.028927
v 0.096401 0.017975 -0.026121
v 0.087945 -0.004960 0.069744
v 0.083789 -0.004805 0.069764
v 0.084495 -0.007185 0.069812
v 0.086477 -0.001087 0.069559
v 0.084384 -0.001642 0.069661
v 0.085759 0.001328 0.069543
v 0.088340 -0.010492 0.072306
v 0.083746 -0.008803 0.070878
v 0.083237 -0.011140 0.072994
v 0.087922 -0.010898 0.072677
v 0.088297 -0.011959 0.073725
v 0.083234 -0.012424 0.074436
v 0.004749 0.093573 -0.088077
v 0.004685 0.091043 -0.088640
v 0.004661 0.089164 -0.086531
v 0.004603 0.090609 -0.083179
v 0.004616 0.092978 -0.086507
v 0.004657 0.092156 -0.086869
v 0.004726 0.092670 -0.088278
v 0.004706 0.091875 -0.088455
v 0.004703 0.091278 -0.087312
v 0.004677 0.090430 -0.087952
v 0.004669 0.089772 -0.087213
v 0.004638 0.090584 -0.086453
v 0.004641 0.089660 -0.085380
v 0.004622 0.090139 -0.084270
v 0.004581 0.091330 -0.085651
v 0.004553 0.092077 -0.084911
v 0.017221 0.093179 -0.086129
v 0.017131 0.094110 -0.085443
v 0.017319 0.093367 -0.083239
v 0.017317 0.092551 -0.085595
v 0.017295 0.092015 -0.087610
v 0.017320 0.092867 -0.087791
v 0.017290 0.093702 -0.087731
v 0.017278 0.092639 -0.089552
v 0.017214 0.093608 -0.089625
v 0.017143 0.092437 -0.091280
v 0.017061 0.093630 -0.091288
v 0.017268 0.092125 -0.093278
v 0.017101 0.093686 -0.092922
v 0.017381 0.092340 -0.095135
v 0.017127 0.093721 -0.093956
v 0.017411 0.091129 -0.093595
v 0.017683 0.090696 -0.096538
v 0.017207 0.091475 -0.091241
v 0.017252 0.091748 -0.089404
v 0.017500 0.091761 -0.096129
v 0.016587 0.091512 -0.116209
v 0.017311 0.094229 -0.097688
v 0.016184 0.094232 -0.117440
v 0.017078 0.092069 -0.099598
v 0.017030 0.094017 -0.099740
v 0.016915 0.094618 -0.113722
v 0.016776 0.091093 -0.114198
v 0.016911 0.094099 -0.111316
v 0.016973 0.090688 -0.111979
v 0.016830 0.093674 -0.109095
v 0.017007 0.091056 -0.109480
v 0.016704 0.093335 -0.107061
v 0.017038 0.091253 -0.106868
v 0.016949 0.094460 -0.104855
v 0.017063 0.091229 -0.104172
v 0.016923 0.094225 -0.102037
v 0.017056 0.091626 -0.102093
v 0.049670 0.063459 -0.088310
v 0.049394 0.063526 -0.092014
v 0.047176 0.063686 -0.088415
v 0.047011 0.063654 -0.083804
v 0.052326 0.062955 -0.089607
v 0.051043 0.063816 -0.093333
v 0.052729 0.063508 -0.084909
v 0.050389 0.063619 -0.095969
v 0.048423 0.063760 -0.094671
v 0.054130 0.062629 -0.090861
v 0.053196 0.063400 -0.094652
v 0.052370 0.063173 -0.097643
v 0.051110 0.063633 -0.101225
v 0.049339 0.063809 -0.099487
v 0.055705 0.062700 -0.095721
v 0.054314 0.063439 -0.098550
v 0.052961 0.063414 -0.101958
v 0.056099 0.063515 -0.099253
v 0.054637 0.063216 -0.102621
v 0.057946 0.063009 -0.099623
v 0.057176 0.063087 -0.102045
v 0.056592 0.063124 -0.103802
v 0.054831 0.063263 -0.104079
v 0.057156 0.062735 -0.096311
v 0.058678 0.062771 -0.096930
v 0.055497 0.062382 -0.091813
v 0.047715 0.063930 -0.096607
v 0.087503 0.052082 -0.354309
v 0.087318 0.051956 -0.353391
v 0.088523 0.052045 -0.352983
v 0.088526 0.052228 -0.354577
v 0.087578 0.052077 -0.356023
v 0.086825 0.051973 -0.354973
v 0.086231 0.051892 -0.353903
v 0.086204 0.051871 -0.355581
v 0.085545 0.051781 -0.354484
v 0.084942 0.051699 -0.353482
v 0.086002 0.051766 -0.353028
v 0.087157 0.051840 -0.352535
v 0.088323 0.051914 -0.352036
v 0.089610 0.051996 -0.351486
v 0.089672 0.052191 -0.353128
v 0.089743 0.052415 -0.355011
v 0.088603 0.052229 -0.356580
v 0.087607 0.052062 -0.357917
v 0.086870 0.051962 -0.356690
v 0.033981 0.091531 -0.189085
v 0.037340 0.092379 -0.188636
v 0.030687 0.093641 -0.190309
v 0.030450 0.088696 -0.187620
v 0.027530 0.090173 -0.189071
v 0.044643 0.090926 -0.182354
v 0.043432 0.093914 -0.187967
v 0.040364 0.094245 -0.189479
v 0.033633 0.089853 -0.187291
v 0.029610 0.089121 -0.188037
v 0.037363 0.089609 -0.185749
v 0.041038 0.091375 -0.186159
v 0.040370 0.089688 -0.184231
v 0.038987 0.093396 -0.189095
v 0.041592 0.092782 -0.187490
v 0.044848 0.091195 -0.185161
v 0.044413 0.092092 -0.186328
v 0.042327 0.094033 -0.188512
v 0.001639 0.090473 -0.190104
v 0.000515 0.094159 -0.190572
v -0.004282 0.093831 -0.190735
v -0.006180 0.089919 -0.189943
v 0.000054 0.090178 -0.190065
v -0.000239 0.091430 -0.190224
v 0.001255 0.091735 -0.190264
v 0.000887 0.092940 -0.190417
v -0.000509 0.092711 -0.190398
v -0.000654 0.094079 -0.190612
v -0.003134 0.093910 -0.190696
v -0.003155 0.092563 -0.190493
v -0.004931 0.092494 -0.190464
v -0.005572 0.091173 -0.190197
v -0.003452 0.091206 -0.190249
v -0.003608 0.089865 -0.189988
v -0.001755 0.092620 -0.190439
v -0.001675 0.091270 -0.190231
v -0.001537 0.089883 -0.190026
v -0.001862 0.093997 -0.190653
v 0.005500 0.090216 -0.190114
v 0.019447 0.089753 -0.190005
v 0.004922 0.094711 -0.190496
v 0.017538 0.092550 -0.190342
v 0.005220 0.092389 -0.190298
v 0.007465 0.092200 -0.190307
v 0.007081 0.089719 -0.190065
v 0.015849 0.089792 -0.190109
v 0.015698 0.091244 -0.190247
v 0.018478 0.091174 -0.190176
v 0.007613 0.094321 -0.190547
v 0.015682 0.092703 -0.190382
v 0.013592 0.091350 -0.190257
v 0.013795 0.092897 -0.190427
v 0.011551 0.091544 -0.190293
v 0.011873 0.093448 -0.190513
v 0.009579 0.091776 -0.190327
v 0.009955 0.093981 -0.190591
v 0.013531 0.089688 -0.190081
v 0.011307 0.089535 -0.190051
v 0.009082 0.089303 -0.190025
v 0.026543 0.094618 -0.244930
v 0.024975 0.092172 -0.243455
v 0.023505 0.095246 -0.244705
v 0.022719 0.090947 -0.242534
v 0.021013 0.094290 -0.243934
v 0.020213 0.090941 -0.242241
v 0.019192 0.092891 -0.243092
v 0.021839 0.092146 -0.470230
v 0.021564 0.092492 -0.466970
v 0.028827 0.091172 -0.480765
v 0.023205 0.091284 -0.480955
v 0.020078 0.090996 -0.481393
v 0.035011 0.091411 -0.476951
v 0.029017 0.090843 -0.483338
v 0.012210 0.092899 -0.464004
v 0.020613 0.092817 -0.463974
v 0.024371 0.090640 -0.485076
v 0.034469 0.093592 -0.479212
v 0.035730 0.092438 -0.479198
v 0.005375 0.093236 -0.459923
v 0.010388 0.093783 -0.455081
v -0.001307 0.093733 -0.454772
v -0.001367 0.094262 -0.445946
v 0.005653 0.092657 -0.467158
v 0.001255 0.093534 -0.461572
v 0.019705 0.092005 -0.472241
v 0.013750 0.091239 -0.481476
v 0.038403 0.091074 -0.480036
v 0.030272 0.090668 -0.486991
v 0.001569 0.094167 -0.456344
v -0.000918 0.092467 -0.458982
v 0.005699 0.094310 -0.460120
v 0.001160 0.093375 -0.461068
v 0.002833 0.094211 -0.457500
v 0.001951 0.093701 -0.458152
v 0.000791 0.093635 -0.457169
v -0.000034 0.093071 -0.458044
v 0.001010 0.093141 -0.458896
v -0.000123 0.092814 -0.459780
v 0.004089 0.093978 -0.460456
v 0.003216 0.093782 -0.459196
v 0.004156 0.094257 -0.458709
v 0.000657 0.093155 -0.460563
v 0.002008 0.093331 -0.459741
v 0.002630 0.093678 -0.460761
v 0.076326 0.063763 -0.488381
v 0.076723 0.051598 -0.486831
v 0.076331 0.048895 -0.488899
v 0.076269 0.052004 -0.488795
v 0.076647 0.052738 -0.487078
v 0.076227 0.054030 -0.489161
v 0.076558 0.054051 -0.487362
v 0.076275 0.055906 -0.488911
v 0.076604 0.055564 -0.486872
v 0.076305 0.057060 -0.488772
v 0.076676 0.057484 -0.486478
v 0.076350 0.058680 -0.488779
v 0.076635 0.059009 -0.487325
v 0.076394 0.060242 -0.488786
v 0.076576 0.060415 -0.487781
v 0.076451 0.061596 -0.489193
v 0.076507 0.061887 -0.488135
v 0.076512 0.063022 -0.489661
v 0.076378 0.063311 -0.488340
v 0.090211 0.018565 -0.384806
v 0.090009 0.018732 -0.384114
v 0.089953 0.019075 -0.384059
v 0.090078 0.019135 -0.384558
v 0.089877 0.019550 -0.383983
v 0.089969 0.019601 -0.384354
v 0.089850 0.019715 -0.383956
v 0.088774 0.018673 -0.383527
v 0.088492 0.018890 -0.384275
v 0.088858 0.019673 -0.384247
v 0.088973 0.019628 -0.382309
v 0.089359 0.018581 -0.382047
v 0.088710 0.017945 -0.383619
v 0.088248 0.018368 -0.384294
v 0.085983 0.004489 -0.435105
v 0.086063 0.006111 -0.435206
v 0.087313 0.005990 -0.435168
v 0.087194 0.007280 -0.435252
v 0.087209 0.009133 -0.435314
v 0.089111 0.008807 -0.435280
v 0.088488 0.007316 -0.435223
v 0.086131 0.007680 -0.435303
v 0.085471 0.009403 -0.435359
v 0.084840 0.011047 -0.435413
v 0.087190 0.010641 -0.435365
v 0.087145 0.012190 -0.435423
v 0.089685 0.011750 -0.435385
v 0.089395 0.010261 -0.435332
v 0.084207 0.012698 -0.435467
v 0.085671 -0.024194 -0.451177
v 0.085401 -0.020848 -0.448077
v 0.089994 -0.026535 -0.452814
v 0.090347 -0.022307 -0.449208
v 0.085587 -0.023161 -0.450219
v 0.087292 -0.023667 -0.450601
v 0.086835 -0.024824 -0.451617
v 0.087195 -0.021378 -0.448487
v 0.087211 -0.022536 -0.449564
v 0.085511 -0.022212 -0.449340
v 0.088291 -0.025613 -0.452169
v 0.088723 -0.024498 -0.451191
v 0.090120 -0.025023 -0.451525
v 0.090246 -0.023519 -0.450242
v 0.088827 -0.023063 -0.449968
v 0.088872 -0.021872 -0.448871
v 0.086244 -0.010770 -0.437791
v 0.085561 -0.018625 -0.445831
v 0.088451 -0.017647 -0.444401
v 0.089739 -0.013895 -0.441195
v 0.087829 -0.012187 -0.439335
v 0.086583 -0.014581 -0.441804
v 0.083751 -0.014146 -0.441201
v 0.083990 -0.016584 -0.443823
v 0.086486 -0.016501 -0.443548
v 0.087132 -0.018093 -0.445054
v 0.088924 -0.016268 -0.443223
v 0.089391 -0.014907 -0.442060
v 0.076230 -0.047216 -0.129425
v 0.074512 -0.046859 -0.134551
v 0.074407 -0.047937 -0.127998
v 0.071528 -0.048407 -0.129847
v 0.075630 -0.047453 -0.128955
v 0.074849 -0.047421 -0.130455
v 0.075702 -0.047106 -0.131001
v 0.075142 -0.046990 -0.132670
v 0.074265 -0.047326 -0.132037
v 0.073522 -0.047373 -0.132990
v 0.073261 -0.048124 -0.128734
v 0.074101 -0.047729 -0.129781
v 0.074941 -0.047726 -0.128416
v 0.072504 -0.047901 -0.131385
v 0.073268 -0.047794 -0.130775
v 0.072451 -0.048257 -0.129254
v 0.054747 -0.066981 -0.102183
v 0.055775 -0.066762 -0.103191
v 0.055877 -0.066735 -0.102756
v 0.054174 -0.067134 -0.100122
v 0.055171 -0.066918 -0.106195
v 0.053944 -0.067110 -0.106898
v 0.054141 -0.067042 -0.108619
v 0.055967 -0.066731 -0.107497
v 0.057140 -0.066465 -0.110982
v 0.056993 -0.066489 -0.109175
v 0.053240 -0.067151 -0.111373
v 0.056810 -0.066562 -0.113138
v 0.053402 -0.067081 -0.114446
v 0.057010 -0.066653 -0.114920
v 0.053900 -0.066986 -0.116848
v 0.057365 -0.066746 -0.116656
v 0.054380 -0.066904 -0.118616
v 0.057057 -0.066726 -0.119467
v 0.037094 -0.045870 -0.140699
v 0.036953 -0.045876 -0.141555
v 0.037431 -0.045820 -0.140824
v 0.037682 -0.045797 -0.140044
v 0.037309 -0.045855 -0.139409
v 0.036722 -0.045930 -0.140026
v 0.033923 -0.046422 -0.133815
v 0.033775 -0.046454 -0.133521
v 0.033416 -0.046507 -0.133643
v 0.025128 0.091981 -0.189502
v 0.034029 -0.046416 -0.133434
v 0.033809 -0.046370 -0.136346
v 0.035284 -0.046163 -0.136982
v 0.034527 -0.046265 -0.136897
v 0.035097 -0.046182 -0.137335
v 0.035912 -0.046074 -0.137384
v 0.035590 -0.046110 -0.137714
v 0.037060 -0.045895 -0.138843
v 0.037653 -0.045808 -0.139298
v 0.038077 -0.045736 -0.140433
v 0.038392 -0.045701 -0.139866
v 0.037737 -0.045773 -0.141046
v 0.037423 -0.045808 -0.141610
v 0.037072 -0.045855 -0.141820
v 0.037359 -0.045815 -0.141726
v 0.036075 -0.046029 -0.139122
v 0.036041 -0.046020 -0.140356
v 0.036643 -0.045933 -0.140694
v 0.034134 -0.046391 -0.133740
v 0.033855 -0.046434 -0.133786
v -0.032419 -0.095656 0.106815
v -0.034573 -0.097950 0.105420
v -0.030100 -0.093531 0.116156
v -0.035046 -0.097391 0.113025
v -0.031853 -0.095038 0.108253
v -0.033150 -0.096328 0.108600
v -0.033425 -0.096728 0.106163
v -0.034849 -0.098051 0.108519
v -0.032615 -0.095494 0.114564
v -0.032655 -0.095501 0.112370
v -0.030859 -0.094086 0.112401
v -0.035015 -0.097535 0.112199
v -0.034951 -0.097842 0.110444
v -0.032947 -0.096006 0.110223
v -0.031425 -0.094563 0.109815
v -0.034342 -0.096852 0.114357
v -0.034038 -0.096768 0.115676
v -0.033127 -0.095841 0.116317
v -0.034655 -0.096965 0.113125
v -0.034769 -0.097456 0.114893
v -0.034745 -0.097555 0.115133
v -0.033614 -0.096605 0.115487
v -0.032666 -0.095470 0.115714
v -0.033303 -0.096271 0.114677
v -0.032144 -0.095049 0.115034
v -0.033015 -0.095899 0.113879
v -0.031570 -0.094586 0.114282
v -0.032823 -0.095629 0.113211
v -0.030887 -0.094036 0.113391
v -0.034604 -0.097209 0.113745
v -0.034534 -0.097037 0.113052
v -0.034684 -0.097405 0.114529
v -0.054095 -0.066922 -0.274050
v -0.053877 -0.066830 -0.267146
v -0.058482 -0.066054 -0.275493
v -0.060021 -0.066091 -0.270221
v -0.054029 -0.066894 -0.271960
v -0.055734 -0.066679 -0.272241
v -0.055493 -0.066646 -0.274510
v -0.055983 -0.066576 -0.268200
v -0.055623 -0.066654 -0.270002
v -0.053957 -0.066864 -0.269685
v -0.056844 -0.066378 -0.274954
v -0.057276 -0.066429 -0.272793
v -0.059041 -0.066068 -0.273579
v -0.059541 -0.066079 -0.271867
v -0.057657 -0.066408 -0.270908
v -0.058127 -0.066318 -0.269273
v -0.019227 -0.045933 -0.238505
v -0.017883 -0.045934 -0.236483
v -0.020194 -0.045793 -0.236210
v -0.017721 -0.045865 -0.234542
v -0.020071 -0.045715 -0.234125
v -0.017828 -0.045774 -0.232491
v -0.019214 -0.045682 -0.232216
v -0.017203 -0.045695 -0.229618
v -0.018692 -0.045612 -0.229849
v -0.013844 -0.045912 -0.229732
v -0.014539 -0.045804 -0.228413
v -0.015472 -0.045659 -0.226642
v -0.017350 -0.045581 -0.227545
v -0.018042 -0.045398 -0.225796
v -0.019818 -0.045326 -0.227026
v -0.018970 -0.045501 -0.228406
v -0.016535 -0.045484 -0.224745
v -0.017838 -0.045264 -0.222476
v -0.019237 -0.045218 -0.224199
v -0.020557 -0.045175 -0.225824
v -0.086522 -0.029898 -0.458055
v -0.083681 -0.029495 -0.456879
v -0.089630 -0.028768 -0.455981
v -0.085851 -0.028143 -0.455265
v -0.087466 -0.029555 -0.457425
v -0.086532 -0.029380 -0.456948
v -0.085790 -0.029794 -0.457752
v -0.084836 -0.029659 -0.457357
v -0.085501 -0.029289 -0.456638
v -0.084501 -0.028985 -0.456269
v -0.088266 -0.028543 -0.455722
v -0.087504 -0.029046 -0.456340
v -0.088406 -0.029213 -0.456797
v -0.085312 -0.028479 -0.455665
v -0.086356 -0.028811 -0.456051
v -0.087013 -0.028336 -0.455485
v -0.039080 0.000638 -0.488249
v -0.038245 0.000631 -0.488587
v -0.038028 0.000718 -0.487342
v -0.039383 0.000689 -0.487385
v -0.040730 0.000671 -0.487734
v -0.039694 0.000621 -0.488631
v -0.038752 0.000575 -0.489447
v -0.037781 0.000528 -0.490288
v -0.037473 0.000628 -0.488866
v -0.037180 0.000723 -0.487513
v -0.036885 0.000818 -0.486149
v -0.038224 0.000782 -0.486310
v -0.039755 0.000740 -0.486495
v -0.041906 0.000728 -0.486716
v 0.027724 0.090446 -0.189093
v -0.043826 0.000702 -0.486300
v -0.043451 0.001056 -0.488238
v -0.046705 0.001100 -0.487882
v -0.045934 0.001843 -0.489704
v -0.046048 0.000534 -0.484939
v -0.048206 0.000446 -0.485673
v -0.049586 0.001782 -0.488978
v -0.047975 0.002826 -0.489653
v -0.063333 0.001534 -0.486947
v -0.066626 0.001442 -0.486623
v -0.066634 0.001647 -0.486640
v -0.070465 0.001233 -0.486234
v -0.070013 0.002030 -0.486775
v -0.076473 0.001811 -0.486000
v -0.076594 0.002261 -0.486154
v -0.077020 0.003852 -0.486698
v -0.069679 0.004134 -0.488013
v -0.085921 0.000693 -0.303172
v -0.085874 0.000684 -0.304115
v -0.087164 0.000599 -0.303728
v -0.086726 0.000632 -0.302603
v -0.086130 0.000666 -0.301326
v -0.085198 0.000740 -0.302589
v -0.084653 0.000777 -0.303754
v -0.084409 0.000792 -0.302008
v -0.083364 0.000876 -0.303373
v -0.085451 0.000710 -0.300646
v -0.087157 0.000589 -0.300679
v -0.086542 0.000623 -0.299219
v -0.087726 0.000557 -0.302027
v -0.088260 0.000528 -0.303294
v -0.084983 0.016626 -0.335034
v -0.088704 0.016432 -0.332127
v -0.086705 0.016651 -0.342309
v -0.089813 0.016667 -0.338870
v -0.085419 0.016642 -0.336884
v -0.087419 0.016624 -0.336067
v -0.086856 0.016529 -0.333570
v -0.089590 0.016582 -0.335452
v -0.088250 0.016659 -0.340600
v -0.087803 0.016658 -0.338206
v -0.085937 0.016660 -0.339082
v -0.089732 0.016635 -0.337539
v -0.084458 0.018793 -0.413234
v -0.088961 0.018322 -0.412951
v -0.085341 0.026991 -0.413027
v -0.089165 0.024201 -0.413477
v -0.086680 0.018561 -0.413094
v -0.086692 0.019116 -0.413052
v -0.084533 0.019401 -0.413203
v -0.088987 0.018900 -0.412906
v -0.085502 0.027297 -0.413028
v -0.087379 0.025316 -0.413237
v -0.087360 0.025518 -0.413264
v -0.089160 0.024012 -0.413434
v -0.087185 0.024539 -0.413232
v -0.089145 0.023432 -0.413304
v -0.087034 0.023777 -0.413233
v -0.089131 0.022925 -0.413190
v -0.086939 0.023151 -0.413097
v -0.089118 0.022412 -0.413074
v -0.086863 0.022566 -0.412962
v -0.089104 0.021904 -0.412960
v -0.086805 0.022003 -0.412900
v -0.089093 0.021503 -0.412870
v -0.086784 0.021444 -0.412925
v -0.089080 0.021007 -0.412758
v -0.086747 0.020854 -0.412952
v -0.089059 0.020503 -0.412781
v -0.086706 0.020282 -0.412979
v -0.089033 0.019944 -0.412825
v -0.086681 0.019691 -0.413010
v -0.089012 0.019456 -0.412863
v -0.084606 0.020001 -0.413172
v -0.084690 0.020678 -0.413137
v -0.084764 0.021280 -0.413106
v -0.084839 0.021884 -0.413075
v -0.084912 0.022483 -0.413045
v -0.084999 0.023188 -0.413009
v -0.085119 0.023873 -0.413002
v -0.085268 0.024686 -0.413000
v -0.085461 0.025738 -0.412998
v -0.048574 0.063529 -0.263924
v -0.048588 0.063411 -0.269218
v -0.055389 0.062311 -0.264435
v -0.051145 0.063083 -0.267440
v -0.051082 0.063064 -0.270589
v -0.048440 0.063516 -0.265674
v -0.050486 0.063178 -0.264537
v -0.049168 0.063474 -0.261519
v -0.048522 0.063458 -0.267638
v -0.054263 0.062787 -0.260727
v -0.052572 0.062864 -0.262468
v -0.053315 0.062688 -0.265903
v -0.051091 0.063236 -0.258744
v -0.037319 0.088934 -0.186404
v -0.034406 0.090373 -0.189409
v -0.040504 0.090086 -0.186551
v -0.038487 0.091785 -0.190010
v -0.038317 0.089295 -0.186450
v -0.037546 0.089875 -0.187648
v -0.036474 0.089351 -0.187276
v -0.035501 0.089832 -0.188280
v -0.036538 0.090335 -0.188635
v -0.035838 0.090868 -0.189620
v -0.039786 0.090691 -0.187783
v -0.038634 0.090260 -0.187710
v -0.039242 0.089629 -0.186493
v -0.037289 0.091370 -0.189834
v -0.037915 0.090818 -0.188847
v -0.039108 0.091262 -0.188946
v -0.059551 0.063609 -0.189983
v -0.060333 0.063482 -0.187077
v -0.060381 0.063460 -0.194812
v -0.057278 0.063966 -0.203918
v -0.059440 0.063467 -0.201642
v -0.057898 0.063955 -0.184247
v -0.055891 0.064276 -0.186880
v -0.056690 0.064253 -0.198139
v -0.058178 0.063870 -0.187251
v -0.057142 0.064063 -0.187980
v -0.057367 0.064024 -0.190832
v -0.059298 0.063683 -0.185874
v -0.057311 0.064043 -0.194128
v -0.059881 0.063548 -0.193065
v -0.058124 0.063843 -0.199965
v -0.056186 0.064255 -0.200881
v -0.057216 0.064063 -0.184992
v -0.055899 0.064288 -0.188236
v -0.056611 0.064158 -0.185653
v -0.055917 0.064303 -0.194335
v -0.055959 0.064292 -0.197933
v -0.055902 0.064309 -0.190961
v -0.054019 0.063076 -0.080718
v -0.053897 0.063057 -0.085050
v -0.054499 0.063004 -0.084977
v -0.054734 0.062981 -0.089750
v -0.057876 0.062569 -0.093149
v -0.056810 0.062736 -0.098559
v -0.057380 0.062684 -0.098841
v -0.058344 0.062480 -0.093094
v -0.059843 0.062537 -0.086504
v -0.056497 0.062773 -0.102510
v -0.057641 0.062633 -0.102362
v -0.057590 0.062633 -0.105075
v -0.058418 0.062576 -0.105364
v -0.058742 0.062496 -0.102341
v -0.058626 0.062528 -0.099222
v -0.057108 0.062666 -0.104906
v -0.059805 0.062362 -0.102436
v -0.059932 0.062365 -0.099622
v -0.060747 0.062242 -0.102623
v -0.061057 0.062225 -0.099967
v -0.061783 0.062159 -0.102984
v -0.062354 0.062063 -0.100364
v -0.062660 0.062143 -0.103418
v -0.063459 0.061925 -0.100702
v -0.063060 0.062197 -0.104234
v -0.064656 0.061775 -0.101069
v -0.062162 0.062321 -0.106673
v -0.061043 0.062397 -0.106282
v -0.060129 0.062459 -0.105963
v -0.059280 0.062517 -0.105666
v -0.045583 0.063508 -0.153539
v -0.046547 0.063422 -0.152226
v -0.044666 0.063602 -0.152317
v -0.044431 0.063621 -0.153917
v -0.046098 0.063510 -0.151574
v -0.044689 0.063588 -0.155550
v -0.045850 0.063471 -0.155138
v -0.043234 0.063741 -0.154108
v -0.043080 0.063752 -0.155771
v -0.042992 0.063751 -0.157626
v -0.045209 0.063527 -0.157052
v -0.046741 0.063374 -0.155725
v -0.045902 0.063456 -0.158891
v -0.048555 0.063163 -0.157737
v -0.047017 0.063343 -0.160692
v -0.049755 0.063024 -0.158882
v -0.049812 0.063134 -0.163160
v -0.050677 0.062917 -0.159762
v -0.043045 0.063728 -0.162414
v -0.043750 0.063654 -0.164963
v -0.046082 0.063428 -0.169673
v -0.051252 0.062907 -0.165879
v -0.050364 0.063039 -0.171509
v -0.051882 0.062807 -0.167006
v -0.042937 0.063747 -0.159892
v -0.043413 0.063726 -0.152414
v -0.045361 0.063543 -0.150617
v -0.043595 0.063712 -0.150695
v -0.047430 0.063346 -0.150525
v -0.048082 0.063370 -0.150899
v -0.048453 0.063344 -0.150772
v -0.015902 0.091956 -0.117370
v -0.017684 0.091537 -0.117297
v -0.017489 0.093763 -0.117462
v -0.019166 0.092440 -0.117559
v -0.019015 0.094310 -0.117957
v -0.019086 0.091206 -0.117239
v -0.020594 0.090697 -0.117185
v -0.020914 0.092638 -0.117883
v -0.020643 0.094722 -0.118542
v -0.022704 0.092508 -0.117990
v -0.022769 0.094749 -0.118781
v -0.024178 0.092198 -0.118014
v -0.024925 0.094720 -0.118965
v -0.022003 0.090222 -0.117135
v -0.023448 0.089735 -0.117084
v -0.005285 0.093180 -0.014946
v -0.005400 0.093074 -0.016235
v -0.005639 0.093744 -0.015716
v -0.005494 0.092987 -0.017290
v -0.005750 0.093573 -0.017208
v -0.005988 0.094300 -0.016473
v -0.006050 0.094032 -0.017922
v -0.006247 0.094713 -0.017037
v -0.006144 0.094908 -0.018601
v -0.006491 0.095100 -0.017565
v -0.005893 0.093544 -0.018434
v -0.005759 0.094695 -0.019751
v -0.005625 0.092866 -0.018758
v -0.005383 0.094487 -0.020874
v -0.085704 0.000571 0.002666
v -0.083818 0.000630 0.069773
v -0.087436 0.000752 0.068509
v -0.089131 0.000358 0.006185
v -0.088940 0.000329 0.010478
v -0.083725 0.000705 0.009926
v -0.083512 0.000677 0.063408
v -0.088395 0.000529 0.063270
v -0.083590 0.000704 0.058184
v -0.087931 0.000518 0.058025
v -0.083570 0.000688 0.052873
v -0.088146 0.000526 0.052692
v -0.083526 0.000638 0.047036
v -0.087602 0.000627 0.047753
v -0.085530 0.000617 0.041740
v -0.088659 0.000682 0.043195
v -0.085849 0.000590 0.037016
v -0.088717 0.000457 0.036886
v -0.085404 0.000601 0.031661
v -0.088735 0.000372 0.031535
v -0.085253 0.000612 0.026346
v -0.088797 0.000507 0.026199
v -0.084692 0.000645 0.021284
v -0.089513 0.000291 0.020462
v -0.084204 0.000707 0.015773
v -0.088901 0.000220 0.015586
v -0.084263 0.000582 -0.000504
v -0.085680 0.000572 0.002129
v -0.086340 0.000550 -0.003844
v -0.088922 0.000605 -0.000881
v -0.085267 0.000567 -0.002119
v -0.086727 0.000592 -0.000834
v -0.084901 0.000578 0.000682
v -0.087445 0.000590 0.000490
v -0.088901 0.000476 -0.002969
v -0.088610 0.000443 -0.015858
v -0.085094 0.000583 -0.013907
v -0.085598 0.000596 -0.023894
v -0.089143 0.000711 -0.023322
v -0.086935 0.000510 -0.014929
v -0.087276 0.000498 -0.017131
v -0.088723 0.000443 -0.017238
v -0.085857 0.000555 -0.016922
v -0.087453 0.000656 -0.023595
v -0.087512 0.000617 -0.021922
v -0.086197 0.000582 -0.021865
v -0.089053 0.000612 -0.021873
v -0.088954 0.000503 -0.020279
v -0.087558 0.000513 -0.020321
v -0.088849 0.000443 -0.018780
v -0.087470 0.000498 -0.018838
v -0.086162 0.000556 -0.018881
v -0.086280 0.000570 -0.020350
v -0.084075 0.078105 0.116190
v -0.083655 0.080886 0.118995
v -0.083741 0.075362 0.117635
v -0.083108 0.077503 0.119374
v -0.083978 0.077306 0.116610
v -0.083752 0.078151 0.117369
v -0.083951 0.078925 0.117017
v -0.083804 0.079901 0.118002
v -0.083613 0.079049 0.118287
v -0.083436 0.079532 0.119147
v -0.083480 0.076243 0.118351
v -0.083624 0.077187 0.117762
v -0.083865 0.076382 0.117097
v -0.083253 0.078398 0.119274
v -0.083438 0.077928 0.118390
v -0.083303 0.076845 0.118840
vt 0.485119 0.707642
vt 0.473335 0.713993
vt 0.474100 0.703413
vt 0.485420 0.699692
vt 0.452894 0.524734
vt 0.454383 0.521537
vt 0.457344 0.526982
vt 0.452894 0.532687
vt 0.682752 0.698284
vt 0.678026 0.691945
vt 0.690109 0.692935
vt 0.690185 0.696924
vt 0.290608 0.021149
vt 0.290608 0.013299
vt 0.292466 0.013080
vt 0.293440 0.014010
vt 0.600660 0.284188
vt 0.600660 0.274777
vt 0.604800 0.276433
vt 0.606708 0.280249
vt 0.664994 0.699771
vt 0.677889 0.702200
vt 0.676380 0.715667
vt 0.662214 0.713883
vt 0.670145 0.696363
vt 0.126746 0.793730
vt 0.105121 0.794089
vt 0.104799 0.788574
vt 0.133220 0.791444
vt 0.759830 0.703288
vt 0.745245 0.701134
vt 0.744744 0.683069
vt 0.763343 0.688196
vt 0.757432 0.711918
vt 0.744969 0.713538
vt 0.125234 0.781116
vt 0.144794 0.780396
vt 0.146996 0.788193
vt 0.167333 0.813607
vt 0.201703 0.812343
vt 0.204024 0.830060
vt 0.181589 0.832295
vt 0.163879 0.839554
vt 0.150473 0.828791
vt 0.605177 0.597645
vt 0.608667 0.600481
vt 0.605111 0.605386
vt 0.601636 0.601215
vt 0.598789 0.592488
vt 0.604983 0.591079
vt 0.611009 0.591593
vt 0.532299 0.194707
vt 0.528143 0.191382
vt 0.532235 0.185259
vt 0.536614 0.191362
vt 0.531877 0.206930
vt 0.525047 0.206368
vt 0.538885 0.206632
vt 0.214789 0.858033
vt 0.215397 0.858258
vt 0.213261 0.864853
vt 0.206321 0.863933
vt 0.001177 0.803835
vt 0.006609 0.809745
vt 0.004211 0.815553
vt 0.001177 0.814584
vt 0.206188 0.847718
vt 0.218533 0.847902
vt 0.562949 0.794999
vt 0.563194 0.779709
vt 0.574488 0.779202
vt 0.574727 0.795256
vt 0.935658 0.870487
vt 0.947421 0.869790
vt 0.947712 0.882840
vt 0.935618 0.882800
vt 0.963913 0.292466
vt 0.964108 0.304782
vt 0.947611 0.304182
vt 0.948647 0.291669
vt 0.688509 0.965624
vt 0.688681 0.953664
vt 0.698010 0.953081
vt 0.699352 0.963703
vt 0.938262 0.291899
vt 0.937050 0.303866
vt 0.562959 0.769322
vt 0.573814 0.767949
vt 0.704463 0.932448
vt 0.704772 0.941525
vt 0.696615 0.942325
vt 0.695422 0.933667
vt 0.231361 0.854274
vt 0.222319 0.856138
vt 0.228920 0.845774
vt 0.297275 0.680762
vt 0.298396 0.673901
vt 0.306107 0.675514
vt 0.305164 0.682149
vt 0.054214 0.557479
vt 0.048872 0.559385
vt 0.042507 0.548203
vt 0.052783 0.547117
vt 0.053774 0.542936
vt 0.061099 0.557297
vt 0.057295 0.579877
vt 0.054335 0.580236
vt 0.065224 0.578761
vt 0.023087 0.497572
vt 0.025031 0.500058
vt 0.024334 0.512571
vt 0.021456 0.494885
vt 0.030962 0.502884
vt 0.029489 0.516202
vt 0.029220 0.522162
vt 0.024682 0.522022
vt 0.017303 0.509392
vt 0.016536 0.492817
vt 0.019168 0.520646
vt 0.037890 0.521631
vt 0.039565 0.516666
vt 0.048261 0.522848
vt 0.042750 0.527855
vt 0.038662 0.530953
vt 0.033294 0.521667
vt 0.033829 0.515715
vt 0.033005 0.533344
vt 0.089142 0.476729
vt 0.078252 0.466334
vt 0.083736 0.457472
vt 0.090068 0.466406
vt 0.098572 0.470442
vt 0.119295 0.495286
vt 0.107363 0.501737
vt 0.076003 0.490044
vt 0.065058 0.479470
vt 0.091916 0.512544
vt 0.089842 0.449642
vt 0.076215 0.446056
vt 0.077144 0.438960
vt 0.480854 0.469240
vt 0.483937 0.466783
vt 0.480636 0.464089
vt 0.485102 0.464089
vt 0.180475 0.477171
vt 0.176252 0.471991
vt 0.181087 0.471991
vt 0.177406 0.474690
vt 0.212484 0.221376
vt 0.212810 0.224707
vt 0.210839 0.220629
vt 0.210673 0.220357
vt 0.210337 0.219807
vt 0.212810 0.218769
vt 0.756300 0.064797
vt 0.742368 0.068708
vt 0.740559 0.059317
vt 0.754412 0.060075
vt 0.755285 0.078423
vt 0.743816 0.080238
vt 0.575578 0.007771
vt 0.583880 0.001083
vt 0.585034 0.014740
vt 0.572400 0.015468
vt 0.749356 0.008394
vt 0.751946 0.016211
vt 0.738403 0.016110
vt 0.737881 0.006737
vt 0.560075 0.017986
vt 0.569697 0.018861
vt 0.569697 0.029080
vt 0.564930 0.028433
vt 0.353793 0.824268
vt 0.352643 0.816365
vt 0.357961 0.816164
vt 0.358066 0.825826
vt 0.601420 0.137468
vt 0.597100 0.137174
vt 0.597100 0.123112
vt 0.600473 0.123851
vt 0.602742 0.001782
vt 0.602313 0.015425
vt 0.594803 0.014813
vt 0.594818 0.001869
vt 0.363044 0.816233
vt 0.363393 0.824445
vt 0.364359 0.832681
vt 0.360698 0.833281
vt 0.022172 0.911866
vt 0.022338 0.906726
vt 0.026237 0.906179
vt 0.027272 0.911697
vt 0.027758 0.921992
vt 0.021592 0.919959
vt 0.897323 0.670431
vt 0.890942 0.675478
vt 0.890395 0.670265
vt 0.901160 0.667015
vt 0.572341 0.186374
vt 0.568466 0.184563
vt 0.569431 0.177135
vt 0.572341 0.176522
vt 0.889140 0.663881
vt 0.901470 0.663085
vt 0.719312 0.082141
vt 0.718014 0.091214
vt 0.713683 0.090178
vt 0.714237 0.082264
vt 0.560319 0.398906
vt 0.561778 0.398831
vt 0.563088 0.396215
vt 0.563088 0.404472
vt 0.718498 0.070087
vt 0.726631 0.071432
vt 0.727035 0.081738
vt 0.721353 0.082360
vt 0.720210 0.064141
vt 0.726202 0.061265
vt 0.366694 0.732279
vt 0.366280 0.727764
vt 0.370612 0.727458
vt 0.370230 0.731999
vt 0.376873 0.810781
vt 0.376899 0.799973
vt 0.384478 0.798379
vt 0.385626 0.810753
vt 0.358209 0.849075
vt 0.354191 0.863628
vt 0.348839 0.864157
vt 0.353757 0.848667
vt 0.388173 0.824351
vt 0.382507 0.825882
vt 0.818667 0.681357
vt 0.822966 0.680488
vt 0.824317 0.687035
vt 0.818914 0.687105
vt 0.375478 0.731080
vt 0.376108 0.726826
vt 0.368312 0.810499
vt 0.367584 0.816254
vt 0.363568 0.807611
vt 0.364923 0.797934
vt 0.370993 0.798379
vt 0.845391 0.692583
vt 0.847639 0.691226
vt 0.852673 0.697381
vt 0.846655 0.697588
vt 0.215454 0.367444
vt 0.215454 0.373672
vt 0.210684 0.374070
vt 0.211013 0.368475
vt 0.169435 0.668750
vt 0.173000 0.667191
vt 0.175055 0.675221
vt 0.171248 0.676763
vt 0.341193 0.857838
vt 0.345490 0.844823
vt 0.347909 0.847148
vt 0.342019 0.862673
vt 0.332877 0.865820
vt 0.332875 0.857190
vt 0.338894 0.841662
vt 0.469794 0.479530
vt 0.468267 0.472906
vt 0.473205 0.470877
vt 0.473205 0.481136
vt 0.833568 0.696063
vt 0.826203 0.695549
vt 0.830233 0.686858
vt 0.177608 0.658961
vt 0.178443 0.662982
vt 0.171086 0.662505
vt 0.840990 0.697684
vt 0.840951 0.704131
vt 0.834324 0.703817
vt 0.827226 0.703293
vt 0.819391 0.030401
vt 0.819391 0.015608
vt 0.824475 0.025099
vt 0.826127 0.024612
vt 0.178443 0.671984
vt 0.775079 0.039002
vt 0.773368 0.051275
vt 0.767550 0.054046
vt 0.766140 0.047428
vt 0.288153 0.836987
vt 0.287200 0.849339
vt 0.282452 0.844589
vt 0.282746 0.833077
vt 0.780061 0.037806
vt 0.777702 0.050233
vt 0.877670 0.689609
vt 0.871271 0.678823
vt 0.879587 0.675275
vt 0.882806 0.683285
vt 0.866440 0.688895
vt 0.862056 0.680406
vt 0.878989 0.696283
vt 0.870626 0.696944
vt 0.510766 0.922924
vt 0.519469 0.928461
vt 0.519213 0.933382
vt 0.512081 0.930152
vt 0.018684 0.939121
vt 0.019972 0.931138
vt 0.026471 0.936125
vt 0.027758 0.942446
vt 0.295388 0.838299
vt 0.300170 0.830266
vt 0.309214 0.834715
vt 0.306174 0.841973
vt 0.303468 0.847422
vt 0.296945 0.844687
vt 0.324748 0.865713
vt 0.326775 0.859400
vt 0.561766 0.373365
vt 0.561766 0.380679
vt 0.559427 0.378329
vt 0.560524 0.374082
vt 0.834727 0.695588
vt 0.835641 0.685554
vt 0.845007 0.683253
vt 0.331682 0.823483
vt 0.327681 0.808400
vt 0.327681 0.796925
vt 0.331773 0.798805
vt 0.337001 0.858025
vt 0.317679 0.846283
vt 0.318486 0.838884
vt 0.329718 0.846452
vt 0.608845 0.776513
vt 0.618974 0.786989
vt 0.612676 0.789630
vt 0.605922 0.778088
vt 0.289036 0.809434
vt 0.290839 0.814098
vt 0.287104 0.816144
vt 0.283640 0.811640
vt 0.274465 0.805281
vt 0.275651 0.801538
vt 0.538514 0.346312
vt 0.538514 0.338214
vt 0.543261 0.342440
vt 0.542197 0.345336
vt 0.452057 0.319495
vt 0.451553 0.323711
vt 0.447892 0.325164
vt 0.447892 0.319504
vt 0.913052 0.142975
vt 0.920574 0.139406
vt 0.912251 0.154816
vt 0.908899 0.150424
vt 0.617953 0.667789
vt 0.616594 0.659059
vt 0.623982 0.657793
vt 0.625713 0.668765
vt 0.903798 0.158616
vt 0.903588 0.151101
vt 0.622799 0.642246
vt 0.634831 0.640421
vt 0.635899 0.654378
vt 0.637855 0.668310
vt 0.622569 0.734765
vt 0.622022 0.743750
vt 0.609514 0.748319
vt 0.608810 0.734506
vt 0.616916 0.758024
vt 0.605538 0.766205
vt 0.928893 0.136917
vt 0.927488 0.149696
vt 0.739635 0.276655
vt 0.738863 0.265050
vt 0.747125 0.267817
vt 0.746482 0.279541
vt 0.595690 0.769289
vt 0.600536 0.750114
vt 0.738863 0.298727
vt 0.742118 0.296521
vt 0.641944 0.195291
vt 0.647497 0.187357
vt 0.650934 0.211177
vt 0.642647 0.217331
vt 0.486424 0.157625
vt 0.485796 0.162582
vt 0.482815 0.161743
vt 0.482815 0.154732
vt 0.951698 0.281625
vt 0.949015 0.288153
vt 0.941540 0.286808
vt 0.942876 0.278349
vt 0.639945 0.180272
vt 0.641261 0.165443
vt 0.648979 0.166863
vt 0.944342 0.266620
vt 0.951698 0.267355
vt 0.639722 0.111383
vt 0.643768 0.114513
vt 0.639452 0.128032
vt 0.635744 0.113689
vt 0.650584 0.113358
vt 0.648021 0.128147
vt 0.648253 0.146375
vt 0.640778 0.147630
vt 0.634806 0.147859
vt 0.633995 0.130489
vt 0.606242 0.270336
vt 0.599481 0.272291
vt 0.599874 0.258128
vt 0.604919 0.259700
vt 0.639887 0.098309
vt 0.643010 0.101890
vt 0.638616 0.096584
vt 0.643859 0.093551
vt 0.641583 0.925610
vt 0.654019 0.934603
vt 0.649915 0.938787
vt 0.639041 0.936790
vt 0.632346 0.936739
vt 0.631331 0.927166
vt 0.629766 0.913813
vt 0.638125 0.909188
vt 0.608029 0.244673
vt 0.599481 0.243986
vt 0.600141 0.229951
vt 0.605896 0.232084
vt 0.544661 0.489471
vt 0.550782 0.482791
vt 0.551691 0.494029
vt 0.544661 0.498320
vt 0.282211 0.020920
vt 0.288153 0.028443
vt 0.286050 0.036698
vt 0.282211 0.037010
vt 0.639442 0.015638
vt 0.639352 0.001122
vt 0.648308 0.003727
vt 0.646574 0.020509
vt 0.058661 0.334551
vt 0.064955 0.328251
vt 0.065419 0.328449
vt 0.065783 0.330161
vt 0.071594 0.333707
vt 0.072315 0.337863
vt 0.108647 0.328555
vt 0.112852 0.342934
vt 0.089992 0.348677
vt 0.090139 0.332616
vt 0.560274 0.370105
vt 0.560274 0.351432
vt 0.564410 0.355182
vt 0.564400 0.362432
vt 0.110972 0.313146
vt 0.130282 0.312142
vt 0.132843 0.328686
vt 0.044769 0.131487
vt 0.053305 0.123821
vt 0.051114 0.151653
vt 0.044937 0.153005
vt 0.042849 0.154031
vt 0.042356 0.133487
vt 0.044048 0.116609
vt 0.048482 0.117054
vt 0.063498 0.123271
vt 0.059497 0.150709
vt 0.052674 0.114710
vt 0.060224 0.093588
vt 0.064447 0.095423
vt 0.098206 0.085766
vt 0.095655 0.079214
vt 0.105404 0.074552
vt 0.110041 0.075214
vt 0.092192 0.105127
vt 0.079369 0.099325
vt 0.086434 0.081877
vt 0.411101 0.178134
vt 0.415046 0.188842
vt 0.408930 0.191284
vt 0.406230 0.184794
vt 0.079695 0.074810
vt 0.073637 0.073366
vt 0.078625 0.060523
vt 0.081501 0.061756
vt 0.917473 0.454979
vt 0.930551 0.456325
vt 0.929817 0.459843
vt 0.921369 0.459568
vt 0.415046 0.198605
vt 0.408481 0.199592
vt 0.054844 0.093564
vt 0.892117 0.605386
vt 0.894200 0.599272
vt 0.902149 0.598901
vt 0.900668 0.604361
vt 0.384038 0.509929
vt 0.393080 0.511289
vt 0.391184 0.519121
vt 0.384244 0.516987
vt 0.368783 0.363180
vt 0.368085 0.370105
vt 0.362785 0.367798
vt 0.362713 0.363180
vt 0.917473 0.494934
vt 0.919521 0.489052
vt 0.925941 0.489936
vt 0.923846 0.495676
vt 0.384464 0.530867
vt 0.384038 0.524471
vt 0.390563 0.526944
vt 0.390669 0.531365
vt 0.945089 0.039654
vt 0.939235 0.037991
vt 0.939691 0.032714
vt 0.945001 0.033773
vt 0.089535 0.018982
vt 0.088799 0.027342
vt 0.085399 0.025429
vt 0.086786 0.016048
vt 0.105047 0.065590
vt 0.105744 0.068348
vt 0.102237 0.071377
vt 0.102237 0.065709
vt 0.471884 0.531894
vt 0.469347 0.534008
vt 0.469347 0.525238
vt 0.470933 0.523585
vt 0.092692 0.046800
vt 0.089668 0.044776
vt 0.091126 0.037623
vt 0.094267 0.039491
vt 0.587969 0.537884
vt 0.591452 0.542299
vt 0.592110 0.549798
vt 0.588201 0.547844
vt 0.584645 0.546691
vt 0.584635 0.537608
vt 0.645629 0.230801
vt 0.646916 0.226553
vt 0.649005 0.228572
vt 0.649005 0.235281
vt 0.096156 0.038738
vt 0.096399 0.044353
vt 0.895810 0.569346
vt 0.896158 0.578610
vt 0.889543 0.579782
vt 0.889944 0.573511
vt 0.898788 0.564769
vt 0.901635 0.577226
vt 0.092863 0.019584
vt 0.090827 0.022385
vt 0.091039 0.019897
vt 0.092441 0.012239
vt 0.115622 0.010933
vt 0.115512 0.017510
vt 0.534536 0.010986
vt 0.534905 0.012706
vt 0.544583 0.026436
vt 0.530403 0.026436
vt 0.116274 0.025767
vt 0.096313 0.033890
vt 0.089845 0.026120
vt 0.088840 0.024201
vt 0.076321 0.008875
vt 0.074250 0.003781
vt 0.092621 0.005260
vt 0.063680 0.006937
vt 0.061883 0.003648
vt 0.101149 0.045187
vt 0.107336 0.040672
vt 0.115345 0.048983
vt 0.108582 0.053080
vt 0.105373 0.055714
vt 0.100210 0.049046
vt 0.180217 0.631147
vt 0.179826 0.630527
vt 0.179099 0.625433
vt 0.182409 0.630649
vt 0.211488 0.212807
vt 0.210958 0.214567
vt 0.210198 0.215454
vt 0.210198 0.212080
vt 0.192983 0.015205
vt 0.192983 0.017183
vt 0.192759 0.016293
vt 0.192590 0.016319
vt 0.543261 0.058031
vt 0.543261 0.066090
vt 0.541073 0.062119
vt 0.542405 0.059777
vt 0.725822 0.334518
vt 0.733601 0.338382
vt 0.732724 0.344349
vt 0.729103 0.341863
vt 0.077192 0.007555
vt 0.079923 0.012194
vt 0.079710 0.021576
vt 0.074764 0.018114
vt 0.540586 0.150652
vt 0.540567 0.144738
vt 0.541939 0.144689
vt 0.541939 0.154651
vt 0.544583 0.041151
vt 0.544444 0.043620
vt 0.542622 0.036733
vt 0.544583 0.032592
vt 0.003965 0.201073
vt 0.003965 0.204619
vt 0.002746 0.204879
vt 0.001173 0.200768
vt 0.449838 0.339703
vt 0.450790 0.334462
vt 0.449838 0.334600
vt 0.452057 0.337484
vt 0.066695 0.015688
vt 0.067934 0.008116
vt 0.001701 0.660902
vt 0.001701 0.651934
vt 0.003965 0.652624
vt 0.002832 0.659625
vt 0.949735 0.740210
vt 0.948971 0.731656
vt 0.954628 0.732130
vt 0.954695 0.738135
vt 0.018505 0.461309
vt 0.010407 0.460497
vt 0.010393 0.451338
vt 0.017920 0.452751
vt 0.506251 0.567054
vt 0.499658 0.566891
vt 0.498308 0.563074
vt 0.502067 0.560053
vt 0.493370 0.567054
vt 0.493615 0.562531
vt 0.497290 0.553537
vt 0.017118 0.438606
vt 0.016851 0.444747
vt 0.010712 0.443040
vt 0.012240 0.437707
vt 0.950114 0.717103
vt 0.955178 0.718553
vt 0.954570 0.724221
vt 0.948762 0.723568
vt 0.590528 0.730920
vt 0.591129 0.726024
vt 0.596108 0.727223
vt 0.595303 0.730957
vt 0.002308 0.433480
vt 0.002815 0.440910
vt 0.590528 0.716009
vt 0.597455 0.718993
vt 0.652727 0.295792
vt 0.652971 0.303332
vt 0.646344 0.301870
vt 0.645761 0.295898
vt 0.002308 0.460843
vt 0.002335 0.449827
vt 0.155973 0.680729
vt 0.146291 0.679765
vt 0.146291 0.668412
vt 0.153638 0.670637
vt 0.448091 0.391254
vt 0.443454 0.390568
vt 0.439610 0.387768
vt 0.448091 0.381385
vt 0.645492 0.321198
vt 0.638770 0.313832
vt 0.639851 0.306849
vt 0.646953 0.309111
vt 0.586593 0.494543
vt 0.590851 0.494968
vt 0.592168 0.501264
vt 0.586593 0.504929
vt 0.850925 0.372702
vt 0.856512 0.363658
vt 0.865023 0.361722
vt 0.862651 0.370380
vt 0.861506 0.376823
vt 0.847977 0.378880
vt 0.408437 0.806192
vt 0.404262 0.812909
vt 0.400496 0.811994
vt 0.401332 0.806790
vt 0.400496 0.799144
vt 0.406501 0.797670
vt 0.850002 0.351168
vt 0.859642 0.347626
vt 0.858753 0.356510
vt 0.851893 0.359241
vt 0.819688 0.111204
vt 0.819688 0.105541
vt 0.826069 0.106815
vt 0.826127 0.110940
vt 0.826012 0.116189
vt 0.820714 0.117640
vt 0.858120 0.316734
vt 0.859449 0.325119
vt 0.850943 0.326015
vt 0.849770 0.315641
vt 0.806671 0.549870
vt 0.806671 0.537770
vt 0.811334 0.536767
vt 0.809576 0.549470
vt 0.750030 0.542453
vt 0.752940 0.542387
vt 0.751799 0.555864
vt 0.746358 0.556483
vt 0.872492 0.313733
vt 0.870087 0.322814
vt 0.812668 0.549668
vt 0.816874 0.534767
vt 0.756071 0.542376
vt 0.756071 0.559123
vt 0.758730 0.930776
vt 0.769663 0.924539
vt 0.768707 0.935753
vt 0.754469 0.938127
vt 0.739930 0.939148
vt 0.742115 0.930219
vt 0.819518 0.008949
vt 0.816021 0.016264
vt 0.809792 0.010717
vt 0.813981 0.001463
vt 0.756033 0.158205
vt 0.751688 0.166359
vt 0.747107 0.169652
vt 0.746404 0.158135
vt 0.744848 0.147022
vt 0.753374 0.149459
vt 0.794404 0.840017
vt 0.785865 0.844676
vt 0.788460 0.819919
vt 0.792182 0.817200
vt 0.922619 0.105495
vt 0.901713 0.115963
vt 0.897134 0.112345
vt 0.911654 0.104613
vt 0.747624 0.200217
vt 0.743286 0.187177
vt 0.749647 0.184859
vt 0.753456 0.195646
vt 0.757142 0.199353
vt 0.753866 0.204357
vt 0.750555 0.212097
vt 0.744779 0.211168
vt 0.736654 0.211022
vt 0.737781 0.201329
vt 0.698541 0.763234
vt 0.703586 0.749536
vt 0.708910 0.750575
vt 0.706157 0.762921
vt 0.705795 0.778782
vt 0.698541 0.781186
vt 0.897894 0.139806
vt 0.898960 0.157935
vt 0.891693 0.159923
vt 0.888477 0.144571
vt 0.883837 0.133701
vt 0.891810 0.129494
vt 0.905491 0.120486
vt 0.909227 0.123325
vt 0.951008 0.073700
vt 0.955664 0.077196
vt 0.951880 0.083274
vt 0.946768 0.076986
vt 0.945448 0.065663
vt 0.952227 0.065573
vt 0.916936 0.334254
vt 0.924599 0.332469
vt 0.924947 0.342272
vt 0.914972 0.340689
vt 0.617649 0.608079
vt 0.612681 0.614823
vt 0.604780 0.611148
vt 0.607400 0.605304
vt 0.622460 0.613169
vt 0.618764 0.617837
vt 0.418420 0.392755
vt 0.427803 0.393790
vt 0.428525 0.402317
vt 0.421002 0.403243
vt 0.628052 0.604883
vt 0.629799 0.609275
vt 0.638339 0.946411
vt 0.649422 0.946183
vt 0.830799 0.373295
vt 0.829145 0.365891
vt 0.836983 0.364659
vt 0.839972 0.371748
vt 0.843197 0.379188
vt 0.819948 0.373014
vt 0.820614 0.366526
vt 0.835366 0.384621
vt 0.825013 0.381554
vt 0.864961 0.379664
vt 0.949262 0.341103
vt 0.950502 0.350054
vt 0.938450 0.345649
vt 0.939730 0.335364
vt 0.277634 0.830647
vt 0.275978 0.839514
vt 0.272457 0.822126
vt 0.277457 0.817196
vt 0.486758 0.487422
vt 0.490389 0.484804
vt 0.490389 0.494764
vt 0.487255 0.499642
vt 0.236819 0.936342
vt 0.243040 0.946879
vt 0.242235 0.959629
vt 0.236819 0.959383
vt 0.887476 0.379111
vt 0.887394 0.379535
vt 0.855478 0.385874
vt 0.960951 0.448726
vt 0.956602 0.448647
vt 0.955508 0.438773
vt 0.960822 0.439127
vt 0.893224 0.379728
vt 0.889487 0.388115
vt 0.871116 0.390730
vt 0.888343 0.369919
vt 0.896668 0.370134
vt 0.951303 0.449413
vt 0.950124 0.438246
vt 0.372646 0.544150
vt 0.380126 0.544308
vt 0.379661 0.555015
vt 0.372238 0.555938
vt 0.247432 0.958586
vt 0.249821 0.951482
vt 0.946415 0.449222
vt 0.946415 0.437516
vt 0.856400 0.520108
vt 0.862218 0.519071
vt 0.860045 0.530704
vt 0.854069 0.531294
vt 0.352517 0.663427
vt 0.352921 0.684058
vt 0.344451 0.684089
vt 0.346911 0.665962
vt 0.909548 0.267820
vt 0.920971 0.267241
vt 0.919256 0.288199
vt 0.905359 0.288450
vt 0.960951 0.076883
vt 0.960951 0.099135
vt 0.954158 0.098852
vt 0.953682 0.086008
vt 0.519768 0.690353
vt 0.541874 0.687836
vt 0.538953 0.710187
vt 0.526791 0.712157
vt 0.517884 0.700717
vt 0.500130 0.695245
vt 0.497180 0.676195
vt 0.249573 0.944182
vt 0.242092 0.941722
vt 0.530043 0.563088
vt 0.522432 0.560490
vt 0.522050 0.552692
vt 0.529459 0.553023
vt 0.387193 0.543869
vt 0.387288 0.553838
vt 0.106831 0.869057
vt 0.099559 0.869426
vt 0.100281 0.855724
vt 0.108350 0.859396
vt 0.916655 0.362230
vt 0.914144 0.352649
vt 0.924577 0.354015
vt 0.923837 0.364526
vt 0.110860 0.874400
vt 0.104492 0.879511
vt 0.910353 0.250264
vt 0.909744 0.234844
vt 0.917922 0.236388
vt 0.918963 0.251143
vt 0.283899 0.960441
vt 0.275096 0.961839
vt 0.274541 0.954341
vt 0.286654 0.954822
vt 0.156751 0.683239
vt 0.172721 0.684712
vt 0.172467 0.691214
vt 0.154571 0.689712
vt 0.161527 0.679203
vt 0.172343 0.678697
vt 0.136411 0.684168
vt 0.140078 0.680637
vt 0.925247 0.221359
vt 0.934901 0.228649
vt 0.932228 0.246046
vt 0.925220 0.240544
vt 0.937297 0.209962
vt 0.944654 0.215781
vt 0.913448 0.220868
vt 0.908785 0.209024
vt 0.921080 0.210045
vt 0.922619 0.183696
vt 0.910707 0.189991
vt 0.904487 0.176485
vt 0.910272 0.172630
vt 0.712229 0.944397
vt 0.711149 0.952764
vt 0.708537 0.941243
vt 0.713246 0.937978
vt 0.270470 0.757286
vt 0.279907 0.759854
vt 0.279842 0.763397
vt 0.271020 0.762092
vt 0.732759 0.930905
vt 0.733984 0.922071
vt 0.740327 0.920498
vt 0.730417 0.940290
vt 0.563205 0.378036
vt 0.563205 0.368875
vt 0.567054 0.368408
vt 0.566924 0.373038
vt 0.098350 0.659274
vt 0.094278 0.666942
vt 0.088048 0.657702
vt 0.092191 0.652318
vt 0.717499 0.955644
vt 0.717880 0.947560
vt 0.723124 0.950882
vt 0.724323 0.967560
vt 0.912444 0.192411
vt 0.924763 0.196378
vt 0.919918 0.202059
vt 0.905549 0.196249
vt 0.425621 0.559679
vt 0.417822 0.559235
vt 0.418476 0.556011
vt 0.425545 0.554472
vt 0.423132 0.567054
vt 0.417822 0.564081
vt 0.883888 0.353203
vt 0.884260 0.341996
vt 0.892187 0.340915
vt 0.891214 0.351164
vt 0.021344 0.699234
vt 0.018343 0.696352
vt 0.023641 0.687284
vt 0.027526 0.693282
vt 0.779381 0.017183
vt 0.778178 0.009336
vt 0.783132 0.010495
vt 0.782452 0.017133
vt 0.947468 0.425139
vt 0.950700 0.427662
vt 0.387288 0.562663
vt 0.378960 0.565113
vt 0.530043 0.544233
vt 0.522991 0.542417
vt 0.777923 0.000808
vt 0.785151 0.000808
vt 0.031614 0.680720
vt 0.033045 0.687678
vt 0.021457 0.678141
vt 0.029079 0.672685
vt 0.905359 0.329504
vt 0.905867 0.311184
vt 0.917548 0.309797
vt 0.915617 0.326120
vt 0.951377 0.186325
vt 0.945657 0.190340
vt 0.943986 0.184593
vt 0.952689 0.183446
vt 0.352921 0.725111
vt 0.347885 0.723951
vt 0.344540 0.707875
vt 0.352910 0.706791
vt 0.830092 0.660867
vt 0.828138 0.669090
vt 0.818738 0.675441
vt 0.818738 0.662021
vt 0.943288 0.172975
vt 0.953662 0.175440
vt 0.956466 0.471391
vt 0.962273 0.466385
vt 0.960958 0.484613
vt 0.954989 0.487603
vt 0.955664 0.165793
vt 0.938785 0.165793
vt 0.450980 0.694085
vt 0.472608 0.681897
vt 0.475514 0.696051
vt 0.457696 0.699965
vt 0.441543 0.664012
vt 0.462906 0.643347
vt 0.444884 0.711375
vt 0.427980 0.712097
vt 0.430842 0.694771
vt 0.925802 0.322940
vt 0.930876 0.326761
vt 0.912758 0.333094
vt 0.936816 0.480307
vt 0.946642 0.477100
vt 0.948531 0.489544
vt 0.943153 0.493033
vt 0.941802 0.466442
vt 0.950390 0.466385
vt 0.444668 0.728938
vt 0.457488 0.735746
vt 0.454419 0.745589
vt 0.437953 0.744842
vt 0.612303 0.810207
vt 0.614900 0.807123
vt 0.618678 0.813862
vt 0.613965 0.815296
vt 0.608254 0.809534
vt 0.609793 0.803351
vt 0.608474 0.815990
vt 0.267435 0.591687
vt 0.265191 0.603358
vt 0.253259 0.607083
vt 0.248007 0.592988
vt 0.000864 0.923940
vt 0.001998 0.917351
vt 0.011082 0.915647
vt 0.012468 0.922308
vt 0.746819 0.783829
vt 0.732159 0.783822
vt 0.733356 0.779585
vt 0.744606 0.777535
vt 0.285810 0.584098
vt 0.282038 0.587799
vt 0.270814 0.573103
vt 0.305197 0.587785
vt 0.292764 0.592095
vt 0.297930 0.567427
vt 0.371639 0.644479
vt 0.378036 0.646868
vt 0.378036 0.656936
vt 0.372152 0.654032
vt 0.000864 0.886255
vt 0.008344 0.884274
vt 0.010337 0.891237
vt 0.001460 0.894168
vt 0.301025 0.943027
vt 0.309823 0.940721
vt 0.308948 0.948209
vt 0.301025 0.951420
vt 0.924842 0.389868
vt 0.928333 0.389443
vt 0.930281 0.393550
vt 0.922242 0.396144
vt 0.301916 0.964916
vt 0.308538 0.958990
vt 0.963594 0.742492
vt 0.960025 0.748468
vt 0.950237 0.751285
vt 0.950237 0.743166
vt 0.210689 0.638602
vt 0.210239 0.641450
vt 0.198346 0.642364
vt 0.198654 0.638467
vt 0.227744 0.635870
vt 0.226075 0.639998
vt 0.197963 0.628389
vt 0.210099 0.628178
vt 0.229915 0.625090
vt 0.258256 0.618170
vt 0.275419 0.619464
vt 0.274478 0.629321
vt 0.252391 0.631488
vt 0.269554 0.610557
vt 0.277702 0.613704
vt 0.096627 0.681589
vt 0.089104 0.672447
vt 0.105588 0.673604
vt 0.627947 0.538014
vt 0.645040 0.539441
vt 0.644581 0.546642
vt 0.634043 0.547461
vt 0.113637 0.684812
vt 0.107786 0.692631
vt 0.091572 0.693491
vt 0.120997 0.677476
vt 0.623891 0.164536
vt 0.609137 0.185368
vt 0.610987 0.150656
vt 0.619349 0.145543
vt 0.262335 0.768491
vt 0.285709 0.771652
vt 0.286772 0.780266
vt 0.262936 0.779175
vt 0.018062 0.862392
vt 0.028224 0.863742
vt 0.027239 0.884538
vt 0.010539 0.884023
vt 0.607888 0.714850
vt 0.600122 0.690060
vt 0.605363 0.691296
vt 0.614615 0.713899
vt 0.089867 0.049629
vt 0.093917 0.053246
vt 0.093212 0.077237
vt 0.089867 0.077986
vt 0.597710 0.180686
vt 0.604379 0.152982
vt 0.934793 0.269524
vt 0.929374 0.288514
vt 0.854221 0.545372
vt 0.858232 0.544412
vt 0.700556 0.277579
vt 0.698569 0.275447
vt 0.695238 0.263290
vt 0.700556 0.259701
vt 0.527859 0.728694
vt 0.520252 0.727753
vt 0.403235 0.896183
vt 0.400707 0.871112
vt 0.403851 0.870329
vt 0.407727 0.888176
vt 0.529072 0.742427
vt 0.503055 0.745192
vt 0.502623 0.736192
vt 0.026918 0.902792
vt 0.014035 0.902075
vt 0.611291 0.203558
vt 0.598713 0.200494
vt 0.626117 0.765850
vt 0.623052 0.763875
vt 0.627608 0.756710
vt 0.633862 0.761553
vt 0.918570 0.759679
vt 0.908512 0.767134
vt 0.907444 0.761975
vt 0.913764 0.754888
vt 0.622611 0.775288
vt 0.616527 0.771776
vt 0.649444 0.762332
vt 0.649498 0.779951
vt 0.628850 0.779919
vt 0.924914 0.764761
vt 0.909836 0.772867
vt 0.404890 0.508300
vt 0.410242 0.510678
vt 0.409286 0.517839
vt 0.400661 0.509832
vt 0.401959 0.499752
vt 0.406641 0.500057
vt 0.394011 0.495169
vt 0.677677 0.780496
vt 0.668041 0.762249
vt 0.679741 0.758925
vt 0.682612 0.779575
vt 0.676995 0.793121
vt 0.649944 0.793495
vt 0.373167 0.575544
vt 0.378036 0.580275
vt 0.376556 0.600495
vt 0.373167 0.601420
vt 0.704018 0.788434
vt 0.703931 0.796524
vt 0.362301 0.420560
vt 0.360239 0.435963
vt 0.355713 0.436195
vt 0.355024 0.420674
vt 0.230916 0.708133
vt 0.217320 0.703960
vt 0.218146 0.698472
vt 0.235932 0.700030
vt 0.486424 0.191661
vt 0.481913 0.181989
vt 0.484536 0.179434
vt 0.486424 0.177717
vt 0.891802 0.766646
vt 0.894181 0.763952
vt 0.896842 0.761453
vt 0.901470 0.762253
vt 0.355024 0.404171
vt 0.360495 0.403588
vt 0.601210 0.795725
vt 0.601210 0.783923
vt 0.603696 0.787768
vt 0.604064 0.792340
vt 0.362226 0.401613
vt 0.366139 0.408598
vt 0.241704 0.810962
vt 0.247129 0.828153
vt 0.240131 0.827150
vt 0.240235 0.807340
vt 0.254292 0.802637
vt 0.253557 0.812208
vt 0.692024 0.618604
vt 0.692024 0.606581
vt 0.696959 0.605272
vt 0.697912 0.611651
vt 0.759299 0.785135
vt 0.768388 0.797584
vt 0.748907 0.796441
vt 0.744395 0.787339
vt 0.749660 0.782032
vt 0.755696 0.772808
vt 0.764783 0.773136
vt 0.917331 0.525096
vt 0.912684 0.526489
vt 0.912934 0.517725
vt 0.917096 0.516973
vt 0.241987 0.869677
vt 0.243301 0.861538
vt 0.251138 0.861991
vt 0.250906 0.871827
vt 0.952535 0.130108
vt 0.952517 0.121244
vt 0.957591 0.122193
vt 0.957123 0.131002
vt 0.688659 0.761117
vt 0.688659 0.774577
vt 0.683603 0.772224
vt 0.684675 0.757976
vt 0.268133 0.863042
vt 0.270619 0.866845
vt 0.261476 0.872390
vt 0.259961 0.863134
vt 0.484375 0.468436
vt 0.489067 0.470053
vt 0.485118 0.484882
vt 0.480518 0.484030
vt 0.748369 0.748782
vt 0.747389 0.737824
vt 0.759191 0.734280
vt 0.761900 0.744929
vt 0.728833 0.746759
vt 0.728499 0.738479
vt 0.765627 0.758374
vt 0.755711 0.759960
vt 0.783676 0.538970
vt 0.797047 0.538970
vt 0.796299 0.544156
vt 0.784971 0.544163
vt 0.676749 0.745322
vt 0.689645 0.742456
vt 0.689945 0.750453
vt 0.482254 0.531179
vt 0.478008 0.518616
vt 0.481251 0.518659
vt 0.489067 0.531365
vt 0.664531 0.746674
vt 0.181387 0.005155
vt 0.180967 0.003706
vt 0.182409 0.006457
vt 0.180967 0.007931
vt 0.001499 0.362174
vt 0.002814 0.354137
vt 0.006369 0.355617
vt 0.005096 0.361319
vt 0.262004 0.815552
vt 0.268236 0.810442
vt 0.889457 0.748724
vt 0.886396 0.752722
vt 0.879128 0.748346
vt 0.883525 0.743128
vt 0.901043 0.754472
vt 0.893476 0.757666
vt 0.486423 0.243595
vt 0.485009 0.252452
vt 0.479890 0.248004
vt 0.479676 0.238493
vt 0.606351 0.010574
vt 0.606351 0.001540
vt 0.613317 0.000752
vt 0.612858 0.008086
vt 0.283139 0.889190
vt 0.285160 0.882625
vt 0.289502 0.883434
vt 0.291553 0.890884
vt 0.330231 0.897487
vt 0.334332 0.886046
vt 0.341195 0.887931
vt 0.338058 0.899082
vt 0.336230 0.909164
vt 0.330196 0.908927
vt 0.326824 0.894513
vt 0.328520 0.884243
vt 0.324110 0.908646
vt 0.324297 0.900359
vt 0.324994 0.894883
vt 0.516825 0.440584
vt 0.508680 0.451199
vt 0.507309 0.445465
vt 0.513536 0.436790
vt 0.673604 0.458666
vt 0.669138 0.456290
vt 0.668553 0.451254
vt 0.674120 0.451254
vt 0.842633 0.736851
vt 0.846050 0.731320
vt 0.854962 0.733695
vt 0.852830 0.739857
vt 0.616674 0.441896
vt 0.622003 0.441896
vt 0.622569 0.448158
vt 0.616593 0.449413
vt 0.930491 0.372135
vt 0.921480 0.371496
vt 0.934802 0.367241
vt 0.111031 0.884221
vt 0.107844 0.888252
vt 0.098789 0.882140
vt 0.941325 0.372112
vt 0.929996 0.376928
vt 0.850918 0.747292
vt 0.843383 0.745531
vt 0.837242 0.744581
vt 0.837305 0.734280
vt 0.516825 0.455062
vt 0.512003 0.458666
vt 0.396107 0.392613
vt 0.403150 0.397854
vt 0.401312 0.405162
vt 0.396107 0.407115
vt 0.876155 0.737378
vt 0.871577 0.744604
vt 0.861899 0.742073
vt 0.864732 0.735386
vt 0.865718 0.729259
vt 0.875405 0.730384
vt 0.138382 0.330884
vt 0.138789 0.336725
vt 0.134503 0.337060
vt 0.134503 0.330190
vt 0.819055 0.723991
vt 0.820675 0.717398
vt 0.827015 0.717339
vt 0.826508 0.723142
vt 0.367661 0.853136
vt 0.361263 0.855781
vt 0.362320 0.847276
vt 0.367429 0.846522
vt 0.296544 0.807988
vt 0.297202 0.812909
vt 0.292226 0.812786
vt 0.292226 0.803891
vt 0.296964 0.797407
vt 0.300049 0.805439
vt 0.370687 0.855654
vt 0.370099 0.862011
vt 0.365167 0.861565
vt 0.589312 0.177780
vt 0.588603 0.185074
vt 0.582343 0.184286
vt 0.585383 0.174966
vt 0.351958 0.946045
vt 0.352921 0.950708
vt 0.346934 0.951821
vt 0.347052 0.946078
vt 0.592796 0.174936
vt 0.594703 0.184113
vt 0.558466 0.337674
vt 0.558704 0.325273
vt 0.565468 0.325931
vt 0.563056 0.340858
vt 0.559340 0.347835
vt 0.554053 0.341467
vt 0.551624 0.326006
vt 0.818642 0.726549
vt 0.825970 0.727370
vt 0.825663 0.732514
vt 0.818944 0.732901
vt 0.800473 0.063853
vt 0.801013 0.070433
vt 0.797294 0.070100
vt 0.796721 0.064311
vt 0.818237 0.745288
vt 0.819123 0.738386
vt 0.825301 0.738167
vt 0.824835 0.744025
vt 0.369216 0.874423
vt 0.373004 0.875176
vt 0.373794 0.884458
vt 0.367989 0.884399
vt 0.362722 0.874690
vt 0.363944 0.866961
vt 0.369475 0.867502
vt 0.361085 0.884711
vt 0.341568 0.909400
vt 0.343910 0.900717
vt 0.792458 0.064643
vt 0.791553 0.070151
vt 0.377232 0.873320
vt 0.380886 0.864339
vt 0.386148 0.866958
vt 0.385256 0.876696
vt 0.379325 0.884178
vt 0.385913 0.885219
vt 0.625094 0.841825
vt 0.627777 0.831585
vt 0.633152 0.831807
vt 0.630796 0.842947
vt 0.356729 0.864319
vt 0.360977 0.861200
vt 0.356373 0.874619
vt 0.498717 0.764657
vt 0.515114 0.765094
vt 0.514615 0.769844
vt 0.503195 0.769419
vt 0.271242 0.603415
vt 0.271284 0.596876
vt 0.277150 0.602026
vt 0.278900 0.611995
vt 0.049705 0.858139
vt 0.054873 0.857114
vt 0.055282 0.875988
vt 0.049858 0.874531
vt 0.351249 0.886724
vt 0.361374 0.890895
vt 0.353460 0.890633
vt 0.630434 0.819528
vt 0.633874 0.815705
vt 0.479815 0.764973
vt 0.479428 0.772672
vt 0.460407 0.774763
vt 0.461657 0.768407
vt 0.392602 0.507650
vt 0.387218 0.488873
vt 0.070656 0.831487
vt 0.064238 0.808055
vt 0.082465 0.804710
vt 0.087214 0.818911
vt 0.096404 0.833303
vt 0.086927 0.846937
vt 0.054232 0.830989
vt 0.052994 0.809085
vt 0.079853 0.860526
vt 0.064808 0.856158
vt 0.294183 0.677323
vt 0.295967 0.685150
vt 0.290434 0.686287
vt 0.289685 0.679747
vt 0.286112 0.679402
vt 0.292971 0.671469
vt 0.413429 0.481296
vt 0.417690 0.487413
vt 0.412240 0.489067
vt 0.408849 0.479966
vt 0.262638 0.004878
vt 0.263317 0.010539
vt 0.253087 0.010181
vt 0.253209 0.004653
vt 0.409998 0.473274
vt 0.415859 0.476483
vt 0.518755 0.484872
vt 0.514894 0.485102
vt 0.514894 0.479822
vt 0.519469 0.480652
vt 0.035980 0.790239
vt 0.039704 0.787979
vt 0.041119 0.797074
vt 0.036125 0.796999
vt 0.031845 0.796058
vt 0.033743 0.788425
vt 0.819518 0.347260
vt 0.814105 0.348956
vt 0.813390 0.344117
vt 0.819518 0.337345
vt 0.268060 0.037459
vt 0.252889 0.040746
vt 0.253717 0.029903
vt 0.266967 0.031324
vt 0.274226 0.056800
vt 0.251774 0.058549
vt 0.071359 0.668385
vt 0.066956 0.670154
vt 0.066956 0.663521
vt 0.072699 0.662822
vt 0.305067 0.821862
vt 0.304692 0.811112
vt 0.309972 0.812219
vt 0.309432 0.823924
vt 0.501376 0.795502
vt 0.502881 0.789099
vt 0.512730 0.789284
vt 0.512104 0.795361
vt 0.392960 0.471073
vt 0.388506 0.475898
vt 0.387822 0.472215
vt 0.391012 0.466931
vt 0.391570 0.483900
vt 0.388048 0.481674
vt 0.395730 0.455506
vt 0.401404 0.454732
vt 0.399463 0.470595
vt 0.398985 0.486071
vt 0.284566 0.687744
vt 0.064381 0.771712
vt 0.061382 0.761102
vt 0.071377 0.761102
vt 0.070215 0.773255
vt 0.644888 0.821793
vt 0.641894 0.833384
vt 0.217655 0.707219
vt 0.216796 0.711695
vt 0.198836 0.712280
vt 0.198051 0.707459
vt 0.221176 0.707223
vt 0.223944 0.714099
vt 0.198087 0.702780
vt 0.595837 0.142292
vt 0.602380 0.145825
vt 0.602742 0.152007
vt 0.595837 0.150068
vt 0.790438 0.193147
vt 0.790438 0.204879
vt 0.784584 0.204289
vt 0.784453 0.198798
vt 0.889648 0.760231
vt 0.259100 0.950052
vt 0.259553 0.938335
vt 0.273654 0.943627
vt 0.266256 0.962273
vt 0.938169 0.385762
vt 0.923453 0.387288
vt 0.927162 0.382397
vt 0.940930 0.376988
vt 0.286831 0.945898
vt 0.560444 0.434139
vt 0.558153 0.436195
vt 0.555528 0.430126
vt 0.559966 0.429433
vt 0.236979 0.751504
vt 0.235061 0.746901
vt 0.239767 0.745736
vt 0.240644 0.752135
vt 0.241260 0.756038
vt 0.235273 0.754010
vt 0.011138 0.418644
vt 0.004486 0.420451
vt 0.005328 0.411119
vt 0.012664 0.410635
vt 0.021846 0.409144
vt 0.014918 0.420349
vt 0.003927 0.425910
vt 0.020713 0.406123
vt 0.012526 0.396635
vt 0.540708 0.272291
vt 0.542948 0.262555
vt 0.540708 0.261226
vt 0.545905 0.262694
vt 0.392576 0.417653
vt 0.392576 0.428264
vt 0.386251 0.427463
vt 0.384804 0.416051
vt 0.019214 0.418410
vt 0.023409 0.409348
vt 0.135290 0.736387
vt 0.131108 0.732624
vt 0.138235 0.729404
vt 0.143003 0.735464
vt 0.876298 0.627856
vt 0.884212 0.619544
vt 0.889416 0.621204
vt 0.887604 0.626478
vt 0.146546 0.736906
vt 0.147909 0.741153
vt 0.134023 0.742756
vt 0.148607 0.749379
vt 0.132720 0.748954
vt 0.160929 0.744176
vt 0.161652 0.751049
vt 0.545579 0.551192
vt 0.542102 0.548799
vt 0.542102 0.542819
vt 0.545905 0.545622
vt 0.150546 0.735350
vt 0.160642 0.738465
vt 0.148503 0.730664
vt 0.159815 0.732786
vt 0.592168 0.509129
vt 0.588445 0.511538
vt 0.588445 0.506772
vt 0.591754 0.504214
vt 0.144505 0.726631
vt 0.158230 0.727804
vt 0.593490 0.568375
vt 0.588146 0.565196
vt 0.587491 0.560247
vt 0.593490 0.560941
vt 0.168483 0.418887
vt 0.174478 0.421911
vt 0.171030 0.427360
vt 0.166014 0.423426
vt 0.249923 0.893782
vt 0.239319 0.892420
vt 0.239319 0.875985
vt 0.251384 0.874633
vt 0.246350 0.916009
vt 0.240244 0.911477
vt 0.257413 0.887193
vt 0.256769 0.893098
vt 0.251629 0.898395
vt 0.257752 0.877878
vt 0.001862 0.430908
vt 0.186204 0.175014
vt 0.186204 0.164252
vt 0.188997 0.165340
vt 0.190340 0.175800
vt 0.709853 0.588495
vt 0.705226 0.581658
vt 0.732644 0.581074
vt 0.733285 0.587137
vt 0.304692 0.797359
vt 0.310596 0.797827
vt 0.525851 0.795725
vt 0.526078 0.789139
vt 0.961918 0.384708
vt 0.961707 0.391293
vt 0.955507 0.391698
vt 0.955994 0.383418
vt 0.759093 0.285275
vt 0.762152 0.284678
vt 0.765324 0.291042
vt 0.759757 0.296084
vt 0.326485 0.824805
vt 0.321514 0.815682
vt 0.321888 0.797845
vt 0.325698 0.797994
vt 0.755298 0.285356
vt 0.765324 0.265641
vt 0.907638 0.341521
vt 0.902740 0.337830
vt 0.907555 0.331580
vt 0.912044 0.339301
vt 0.302473 0.004469
vt 0.319573 0.004893
vt 0.319773 0.010715
vt 0.302992 0.011414
vt 0.908058 0.352253
vt 0.902740 0.354243
vt 0.049266 0.885457
vt 0.056969 0.895345
vt 0.526035 0.764969
vt 0.526078 0.769348
vt 0.331773 0.701809
vt 0.331773 0.717739
vt 0.326268 0.704841
vt 0.328517 0.700258
vt 0.080367 0.922523
vt 0.067611 0.897911
vt 0.083315 0.892503
vt 0.095440 0.906480
vt 0.083512 0.947448
vt 0.064072 0.943284
vt 0.060227 0.923186
vt 0.213211 0.770379
vt 0.206404 0.770590
vt 0.206914 0.763644
vt 0.212985 0.764902
vt 0.759609 0.867103
vt 0.754196 0.866825
vt 0.755869 0.860965
vt 0.761358 0.865678
vt 0.603301 0.023278
vt 0.606067 0.024703
vt 0.608029 0.031723
vt 0.603301 0.031035
vt 0.746233 0.866844
vt 0.746068 0.860213
vt 0.742831 0.852718
vt 0.754229 0.853088
vt 0.554521 0.422381
vt 0.560444 0.423028
vt 0.895916 0.517520
vt 0.888066 0.519469
vt 0.883339 0.516907
vt 0.892973 0.512527
vt 0.539763 0.567585
vt 0.539763 0.560513
vt 0.543922 0.561962
vt 0.545905 0.568375
vt 0.818656 0.658200
vt 0.817354 0.651863
vt 0.828578 0.646917
vt 0.824622 0.653989
vt 0.904302 0.096137
vt 0.896320 0.103707
vt 0.893180 0.095758
vt 0.900265 0.090054
vt 0.782255 0.288274
vt 0.790330 0.285268
vt 0.789347 0.300671
vt 0.783997 0.300530
vt 0.822161 0.175110
vt 0.813759 0.171283
vt 0.816146 0.153234
vt 0.819983 0.153031
vt 0.787613 0.266157
vt 0.793859 0.265125
vt 0.877279 0.517115
vt 0.877229 0.509007
vt 0.883915 0.508021
vt 0.754488 0.848329
vt 0.742505 0.847953
vt 0.742191 0.843413
vt 0.751210 0.842164
vt 0.891919 0.506057
vt 0.618929 0.026263
vt 0.621247 0.021548
vt 0.621247 0.027357
vt 0.619470 0.029080
vt 0.415748 0.378622
vt 0.420333 0.378610
vt 0.420333 0.384523
vt 0.414394 0.387288
vt 0.293897 0.010574
vt 0.290262 0.010404
vt 0.290262 0.001841
vt 0.296084 0.004956
vt 0.947583 0.601867
vt 0.952222 0.601939
vt 0.952569 0.607043
vt 0.946831 0.607259
vt 0.936232 0.598950
vt 0.927140 0.600001
vt 0.925825 0.589515
vt 0.933298 0.588536
vt 0.003870 0.462469
vt 0.007960 0.463695
vt 0.010574 0.466695
vt 0.003870 0.470562
vt 0.938315 0.606878
vt 0.928426 0.608714
vt 0.939488 0.587478
vt 0.941364 0.597565
vt 0.192479 0.447701
vt 0.196949 0.451647
vt 0.192479 0.453378
vt 0.192905 0.452255
vt 0.823111 0.642868
vt 0.832044 0.641130
vt 0.833532 0.644139
vt 0.835493 0.648094
vt 0.831429 0.653805
vt 0.134425 0.675645
vt 0.131474 0.672988
vt 0.131970 0.671068
vt 0.135432 0.671401
vt 0.140079 0.672803
vt 0.140111 0.676763
vt 0.891608 0.615247
vt 0.894929 0.618850
vt 0.897128 0.623342
vt 0.754395 0.015139
vt 0.757166 0.014467
vt 0.758562 0.020275
vt 0.754950 0.022385
vt 0.376714 0.223457
vt 0.376714 0.229994
vt 0.372398 0.229247
vt 0.372354 0.223904
vt 0.625073 0.074021
vt 0.625652 0.064600
vt 0.630940 0.063666
vt 0.629932 0.070916
vt 0.740210 0.616791
vt 0.735347 0.618604
vt 0.733309 0.611793
vt 0.737910 0.610739
vt 0.910034 0.609596
vt 0.912034 0.599586
vt 0.918812 0.600521
vt 0.919206 0.609468
vt 0.901888 0.615347
vt 0.897172 0.611589
vt 0.902843 0.605276
vt 0.905756 0.598214
vt 0.913352 0.620675
vt 0.905466 0.622155
vt 0.921281 0.619028
vt 0.739076 0.858346
vt 0.737802 0.852957
vt 0.960824 0.611261
vt 0.953057 0.612889
vt 0.959198 0.606471
vt 0.625073 0.000847
vt 0.629802 0.003540
vt 0.630489 0.010060
vt 0.625390 0.008643
vt 0.820056 0.199285
vt 0.813060 0.198564
vt 0.812685 0.186403
vt 0.819824 0.187559
vt 0.785234 0.312256
vt 0.790053 0.313267
vt 0.760770 0.542125
vt 0.763887 0.538397
vt 0.767968 0.546297
vt 0.759699 0.548739
vt 0.379357 0.162582
vt 0.375486 0.161165
vt 0.375329 0.156297
vt 0.379357 0.156110
vt 0.843941 0.639189
vt 0.841839 0.631056
vt 0.849423 0.628625
vt 0.851011 0.637110
vt 0.837136 0.638744
vt 0.834419 0.633379
vt 0.131474 0.668064
vt 0.135604 0.667562
vt 0.851802 0.643888
vt 0.845229 0.644567
vt 0.163711 0.439294
vt 0.158829 0.441482
vt 0.159120 0.426323
vt 0.159771 0.411697
vt 0.165618 0.409656
vt 0.166044 0.438093
vt 0.963972 0.860394
vt 0.962497 0.865732
vt 0.952357 0.862881
vt 0.953153 0.849740
vt 0.027183 0.802199
vt 0.029080 0.825980
vt 0.024551 0.825166
vt 0.022489 0.807598
vt 0.975907 0.857440
vt 0.977211 0.885053
vt 0.969061 0.885101
vt 0.952659 0.806470
vt 0.937366 0.815358
vt 0.936374 0.809633
vt 0.947070 0.801990
vt 0.874753 0.649151
vt 0.870680 0.640101
vt 0.875009 0.637951
vt 0.879458 0.644050
vt 0.866968 0.649653
vt 0.865270 0.641840
vt 0.874963 0.657147
vt 0.867524 0.656273
vt 0.883638 0.654279
vt 0.883103 0.659715
vt 0.885805 0.649679
vt 0.872804 0.615626
vt 0.869973 0.623379
vt 0.862771 0.624764
vt 0.862619 0.616225
vt 0.860918 0.607408
vt 0.869332 0.606818
vt 0.876897 0.606487
vt 0.878594 0.619815
vt 0.751342 0.756597
vt 0.752106 0.766707
vt 0.746723 0.766424
vt 0.747469 0.761344
vt 0.929798 0.795398
vt 0.938727 0.792904
vt 0.939802 0.803617
vt 0.933820 0.804978
vt 0.895195 0.814151
vt 0.904061 0.811544
vt 0.902454 0.818099
vt 0.894479 0.821644
vt 0.437560 0.554186
vt 0.443420 0.559601
vt 0.444126 0.564410
vt 0.437560 0.563067
vt 0.675441 0.409349
vt 0.668598 0.411081
vt 0.671004 0.402603
vt 0.675441 0.402673
vt 0.719037 0.593261
vt 0.719061 0.607943
vt 0.713949 0.609532
vt 0.713846 0.598172
vt 0.937883 0.862505
vt 0.920442 0.852009
vt 0.921914 0.837202
vt 0.938797 0.843380
vt 0.933949 0.867963
vt 0.917556 0.863947
vt 0.926522 0.969633
vt 0.929949 0.958633
vt 0.950029 0.968444
vt 0.950815 0.980746
vt 0.650511 0.290797
vt 0.655177 0.281654
vt 0.657977 0.282553
vt 0.659580 0.290797
vt 0.935248 0.937568
vt 0.936029 0.932666
vt 0.949082 0.939077
vt 0.950207 0.951237
vt 0.801013 0.243623
vt 0.798714 0.264246
vt 0.795661 0.248465
vt 0.924061 0.938980
vt 0.924299 0.917887
vt 0.930856 0.916891
vt 0.810152 0.142757
vt 0.801944 0.140630
vt 0.802256 0.134746
vt 0.814301 0.137955
vt 0.808502 0.153605
vt 0.800341 0.152206
vt 0.794045 0.141060
vt 0.792177 0.150332
vt 0.662107 0.940882
vt 0.670013 0.936861
vt 0.672049 0.944036
vt 0.662307 0.946574
vt 0.652204 0.943173
vt 0.656214 0.936861
vt 0.963406 0.938972
vt 0.967750 0.925849
vt 0.976129 0.929368
vt 0.976284 0.947420
vt 0.660925 0.960951
vt 0.662878 0.952194
vt 0.672134 0.950028
vt 0.672798 0.955701
vt 0.650096 0.955471
vt 0.651668 0.948551
vt 0.185272 0.442571
vt 0.180801 0.443756
vt 0.178617 0.437106
vt 0.185598 0.436171
vt 0.192983 0.437614
vt 0.190580 0.444318
vt 0.033548 0.959902
vt 0.031837 0.953987
vt 0.037911 0.953843
vt 0.037860 0.961861
vt 0.798384 0.195845
vt 0.794908 0.200900
vt 0.791426 0.185649
vt 0.797869 0.184694
vt 0.804990 0.197469
vt 0.804883 0.204879
vt 0.805297 0.185473
vt 0.655297 0.395364
vt 0.645394 0.398622
vt 0.643884 0.373712
vt 0.655235 0.371263
vt 0.672441 0.367388
vt 0.673040 0.387103
vt 0.573679 0.036710
vt 0.573679 0.018198
vt 0.578950 0.025695
vt 0.578174 0.038332
vt 0.652886 0.422398
vt 0.646773 0.423942
vt 0.557801 0.420333
vt 0.553618 0.417716
vt 0.552775 0.394560
vt 0.557227 0.393281
vt 0.915595 0.448836
vt 0.919532 0.450772
vt 0.909283 0.457344
vt 0.907817 0.451015
vt 0.913500 0.433282
vt 0.919975 0.431791
vt 0.345498 0.242376
vt 0.347321 0.231403
vt 0.354039 0.231548
vt 0.353327 0.241081
vt 0.062463 0.713743
vt 0.070691 0.717792
vt 0.068733 0.721686
vt 0.059945 0.718292
vt 0.573663 0.229994
vt 0.569119 0.229994
vt 0.569236 0.218868
vt 0.573218 0.219655
vt 0.544583 0.506470
vt 0.537773 0.507572
vt 0.537773 0.497955
vt 0.542607 0.497904
vt 0.911276 0.697746
vt 0.937114 0.692530
vt 0.941124 0.701991
vt 0.916057 0.704719
vt 0.518147 0.720488
vt 0.511786 0.728314
vt 0.511786 0.717191
vt 0.513213 0.711045
vt 0.259073 0.791760
vt 0.255103 0.783808
vt 0.256667 0.763678
vt 0.259073 0.763507
vt 0.625213 0.704555
vt 0.622269 0.705690
vt 0.619927 0.695419
vt 0.621515 0.693711
vt 0.018050 0.310751
vt 0.024387 0.320291
vt 0.024688 0.326295
vt 0.017632 0.323001
vt 0.011826 0.320259
vt 0.012352 0.304574
vt 0.026743 0.341115
vt 0.029073 0.341478
vt 0.021601 0.341389
vt 0.021974 0.333907
vt 0.365358 0.212494
vt 0.370179 0.210043
vt 0.370947 0.238966
vt 0.364156 0.240623
vt 0.029080 0.327643
vt 0.363459 0.198951
vt 0.367820 0.197750
vt 0.214826 0.243212
vt 0.212516 0.231145
vt 0.215454 0.223680
vt 0.215454 0.234517
vt 0.023319 0.268483
vt 0.021549 0.277999
vt 0.018577 0.274866
vt 0.023174 0.261186
vt 0.310987 0.674714
vt 0.310987 0.666136
vt 0.318555 0.669266
vt 0.314361 0.677962
vt 0.053158 0.763256
vt 0.058091 0.748309
vt 0.072207 0.748010
vt 0.068737 0.755109
vt 0.043505 0.754985
vt 0.048727 0.744442
vt 0.315290 0.695268
vt 0.312379 0.686475
vt 0.687173 0.590657
vt 0.678347 0.588783
vt 0.706600 0.590846
vt 0.619927 0.722289
vt 0.623714 0.723026
vt 0.520790 0.394888
vt 0.520632 0.405793
vt 0.516793 0.405766
vt 0.516793 0.392961
vt 0.899795 0.698721
vt 0.895408 0.703977
vt 0.880575 0.689458
vt 0.119527 0.850940
vt 0.112746 0.846751
vt 0.114424 0.841858
vt 0.121319 0.846938
vt 0.919975 0.388893
vt 0.918832 0.397646
vt 0.910388 0.399233
vt 0.909667 0.388883
vt 0.123990 0.856654
vt 0.118012 0.858167
vt 0.544583 0.165316
vt 0.542261 0.169992
vt 0.532520 0.171935
vt 0.532631 0.165316
vt 0.580386 0.161041
vt 0.585559 0.170513
vt 0.577355 0.170513
vt 0.578564 0.163223
vt 0.318555 0.943021
vt 0.315998 0.956279
vt 0.298340 0.625189
vt 0.318322 0.629308
vt 0.319328 0.641182
vt 0.298584 0.639848
vt 0.301359 0.606082
vt 0.315610 0.609466
vt 0.289350 0.615213
vt 0.292481 0.602988
vt 0.272660 0.639682
vt 0.315271 0.964413
vt 0.307563 0.964531
vt 0.322892 0.913073
vt 0.330561 0.911966
vt 0.332463 0.917452
vt 0.324125 0.920582
vt 0.936904 0.390450
vt 0.937431 0.398011
vt 0.930488 0.401114
vt 0.360712 0.639340
vt 0.359331 0.647808
vt 0.341842 0.649315
vt 0.341130 0.641512
vt 0.339898 0.630167
vt 0.356326 0.629098
vt 0.365726 0.628164
vt 0.367745 0.639249
vt 0.368305 0.645929
vt 0.231316 0.723001
vt 0.231128 0.727608
vt 0.225654 0.726061
vt 0.227986 0.720828
vt 0.628447 0.536029
vt 0.627137 0.532666
vt 0.635719 0.532018
vt 0.634705 0.536679
vt 0.608286 0.988597
vt 0.602016 0.988767
vt 0.602618 0.983365
vt 0.610313 0.984844
vt 0.640622 0.511497
vt 0.654475 0.512114
vt 0.650681 0.519069
vt 0.638753 0.519849
vt 0.638726 0.507163
vt 0.651404 0.505222
vt 0.628935 0.513982
vt 0.627980 0.508876
vt 0.628038 0.521480
vt 0.651077 0.472388
vt 0.663262 0.476331
vt 0.664813 0.489316
vt 0.650543 0.491738
vt 0.654694 0.466316
vt 0.662804 0.470452
vt 0.642926 0.450583
vt 0.648459 0.449467
vt 0.619364 0.335800
vt 0.622569 0.333861
vt 0.622569 0.342215
vt 0.617196 0.342347
vt 0.901416 0.388842
vt 0.902792 0.400167
vt 0.897142 0.400321
vt 0.899088 0.388047
vt 0.845150 0.562325
vt 0.848200 0.564072
vt 0.849919 0.573663
vt 0.841571 0.573663
vt 0.693606 0.404855
vt 0.685989 0.407877
vt 0.680041 0.395245
vt 0.682035 0.394914
vt 0.691694 0.384584
vt 0.673076 0.319125
vt 0.697487 0.320668
vt 0.696203 0.338135
vt 0.673429 0.341465
vt 0.677249 0.309383
vt 0.698454 0.314659
vt 0.950817 0.516320
vt 0.946087 0.518301
vt 0.949637 0.503947
vt 0.955664 0.505625
vt 0.899969 0.450836
vt 0.899228 0.437066
vt 0.906200 0.435273
vt 0.955664 0.521725
vt 0.950868 0.527399
vt 0.688948 0.468871
vt 0.693793 0.453074
vt 0.703644 0.454744
vt 0.705985 0.472124
vt 0.683521 0.464145
vt 0.687586 0.452440
vt 0.675539 0.476182
vt 0.673918 0.470549
vt 0.681427 0.507141
vt 0.696752 0.511652
vt 0.692927 0.520215
vt 0.671313 0.518464
vt 0.692138 0.498887
vt 0.701194 0.502970
vt 0.343191 0.811587
vt 0.344991 0.804154
vt 0.340217 0.801274
vt 0.344991 0.798286
vt 0.670739 0.501195
vt 0.687157 0.502614
vt 0.687858 0.502865
vt 0.166547 0.257374
vt 0.165293 0.261220
vt 0.159863 0.257494
vt 0.159863 0.246362
vt 0.374466 0.612421
vt 0.373953 0.606701
vt 0.380679 0.606701
vt 0.378706 0.615960
vt 0.781877 0.593730
vt 0.785985 0.589448
vt 0.787638 0.603574
vt 0.781971 0.603289
vt 0.795725 0.607091
vt 0.794158 0.617282
vt 0.788206 0.615670
vt 0.794353 0.591529
vt 0.848598 0.236974
vt 0.848598 0.248499
vt 0.840776 0.247637
vt 0.838965 0.239629
vt 0.223846 0.884286
vt 0.223868 0.869661
vt 0.230474 0.868801
vt 0.231316 0.879914
vt 0.344975 0.840695
vt 0.342238 0.839084
vt 0.352921 0.834933
vt 0.352921 0.841989
vt 0.019589 0.773167
vt 0.013189 0.767835
vt 0.018522 0.756196
vt 0.027145 0.761425
vt 0.852563 0.671476
vt 0.844801 0.668613
vt 0.844671 0.660218
vt 0.852563 0.659926
vt 0.011148 0.779864
vt 0.005908 0.779102
vt 0.270470 0.767396
vt 0.280222 0.769289
vt 0.873839 0.303809
vt 0.879232 0.301756
vt 0.880327 0.310498
vt 0.879686 0.320273
vt 0.180429 0.218623
vt 0.185287 0.217598
vt 0.187696 0.226640
vt 0.184740 0.228672
vt 0.744719 0.910231
vt 0.742188 0.901467
vt 0.756823 0.896890
vt 0.758166 0.906749
vt 0.733930 0.912972
vt 0.731378 0.904126
vt 0.335782 0.798293
vt 0.342661 0.816803
vt 0.336898 0.818763
vt 0.336207 0.810028
vt 0.943767 0.086447
vt 0.939728 0.089284
vt 0.937452 0.071825
vt 0.943715 0.067703
vt 0.556799 0.786453
vt 0.560444 0.794944
vt 0.552638 0.795725
vt 0.548564 0.781046
vt 0.362553 0.903680
vt 0.376434 0.897060
vt 0.376587 0.911302
vt 0.361562 0.913397
vt 0.552891 0.765705
vt 0.560444 0.773079
vt 0.127637 0.823969
vt 0.119909 0.824805
vt 0.118364 0.818797
vt 0.127620 0.817608
vt 0.411081 0.556033
vt 0.410203 0.567053
vt 0.404177 0.566283
vt 0.403358 0.556033
vt 0.217510 0.859346
vt 0.223862 0.859723
vt 0.217476 0.870392
vt 0.889630 0.233997
vt 0.876462 0.234050
vt 0.877947 0.226916
vt 0.893769 0.228072
vt 0.128215 0.810208
vt 0.115044 0.810208
vt 0.231316 0.857880
vt 0.905236 0.236659
vt 0.904593 0.244938
vt 0.889210 0.244944
vt 0.906757 0.230920
vt 0.355928 0.923933
vt 0.354357 0.909151
vt 0.363408 0.927439
vt 0.605046 0.048016
vt 0.602009 0.040143
vt 0.608029 0.034575
vt 0.608029 0.048907
vt 0.236168 0.860996
vt 0.233048 0.861816
vt 0.233048 0.837293
vt 0.236603 0.847893
vt 0.913662 0.073124
vt 0.910415 0.077768
vt 0.894734 0.064953
vt 0.896145 0.060229
vt 0.923681 0.073740
vt 0.930058 0.092235
vt 0.924429 0.093980
vt 0.920025 0.095170
vt 0.701560 0.551321
vt 0.702456 0.540515
vt 0.712452 0.540233
vt 0.712452 0.549445
vt 0.858390 0.230537
vt 0.859783 0.225185
vt 0.868987 0.240423
vt 0.855978 0.235070
vt 0.334139 0.723336
vt 0.316281 0.722450
vt 0.311353 0.715033
vt 0.321656 0.714710
vt 0.938689 0.526542
vt 0.937305 0.511238
vt 0.942993 0.517599
vt 0.949055 0.531365
vt 0.341101 0.730525
vt 0.319165 0.728417
vt 0.396206 0.914697
vt 0.388439 0.910765
vt 0.390295 0.898178
vt 0.401687 0.911724
vt 0.396716 0.936936
vt 0.397043 0.927683
vt 0.402761 0.929512
vt 0.399439 0.940214
vt 0.846105 0.361692
vt 0.838404 0.362174
vt 0.838404 0.350589
vt 0.847276 0.352183
vt 0.390972 0.943865
vt 0.388810 0.938256
vt 0.720264 0.267003
vt 0.712031 0.267746
vt 0.702813 0.247565
vt 0.708637 0.245473
vt 0.716409 0.244319
vt 0.730493 0.261417
vt 0.737250 0.268799
vt 0.731265 0.274935
vt 0.719005 0.280096
vt 0.712655 0.279277
vt 0.727199 0.282616
vt 0.763780 0.249061
vt 0.753822 0.265672
vt 0.744314 0.261905
vt 0.747394 0.246249
vt 0.790305 0.242150
vt 0.790438 0.247145
vt 0.769478 0.256840
vt 0.760303 0.269648
vt 0.750805 0.239417
vt 0.765823 0.239592
vt 0.789354 0.236062
vt 0.472465 0.727758
vt 0.464819 0.728314
vt 0.464819 0.719848
vt 0.474527 0.715373
vt 0.017969 0.809833
vt 0.010784 0.817598
vt 0.008481 0.804425
vt 0.015877 0.802444
vt 0.021475 0.833622
vt 0.015103 0.836223
vt 0.763696 0.874661
vt 0.758332 0.886727
vt 0.740077 0.891698
vt 0.740249 0.881718
vt 0.614331 0.726898
vt 0.612643 0.718211
vt 0.617282 0.717707
vt 0.617282 0.728314
vt 0.680729 0.557801
vt 0.677185 0.557306
vt 0.676596 0.539987
vt 0.680729 0.540495
vt 0.838667 0.234653
vt 0.840722 0.229578
vt 0.087239 0.076665
vt 0.083864 0.075614
vt 0.082778 0.065556
vt 0.087239 0.063078
vt 0.827381 0.237391
vt 0.828086 0.231240
vt 0.832296 0.247450
vt 0.825173 0.247355
vt 0.859175 0.295783
vt 0.851559 0.294579
vt 0.853688 0.283746
vt 0.859932 0.284513
vt 0.866784 0.283985
vt 0.868360 0.295247
vt 0.619832 0.179829
vt 0.619926 0.189018
vt 0.613803 0.189018
vt 0.614325 0.181164
vt 0.580272 0.125571
vt 0.574540 0.124410
vt 0.576266 0.115739
vt 0.580272 0.115243
vt 0.853883 0.304783
vt 0.849306 0.304657
vt 0.744175 0.815920
vt 0.743500 0.825765
vt 0.738288 0.827449
vt 0.738288 0.818298
vt 0.876513 0.292703
vt 0.874626 0.282468
vt 0.592168 0.520189
vt 0.592168 0.532687
vt 0.586976 0.531469
vt 0.585469 0.521558
vt 0.849759 0.259057
vt 0.855097 0.259021
vt 0.854596 0.271144
vt 0.848153 0.270712
vt 0.839402 0.270216
vt 0.839075 0.262308
vt 0.406750 0.530693
vt 0.406750 0.519985
vt 0.413311 0.521663
vt 0.415046 0.532687
vt 0.956809 0.249821
vt 0.949083 0.246138
vt 0.949187 0.237552
vt 0.955576 0.237829
vt 0.185052 0.719246
vt 0.183374 0.728314
vt 0.177985 0.726162
vt 0.177679 0.719246
vt 0.764773 0.617282
vt 0.764407 0.602284
vt 0.770192 0.601583
vt 0.770611 0.613234
vt 0.759375 0.616281
vt 0.759375 0.603631
vt 0.666770 0.540199
vt 0.672028 0.541180
vt 0.672390 0.557534
vt 0.666822 0.556347
vt 0.769539 0.589529
vt 0.764133 0.589022
vt 0.411081 0.963594
vt 0.394927 0.963594
vt 0.395462 0.951956
vt 0.410979 0.951592
vt 0.949083 0.225874
vt 0.954596 0.226601
vt 0.733882 0.539296
vt 0.711705 0.537455
vt 0.709237 0.533068
vt 0.721305 0.533221
vt 0.165403 0.265682
vt 0.160000 0.262675
vt 0.619630 0.553905
vt 0.615825 0.554820
vt 0.619727 0.550939
vt 0.622569 0.555157
vt 0.214893 0.274196
vt 0.214605 0.277043
vt 0.215454 0.280222
vt 0.212612 0.280222
vt 0.652224 0.452114
vt 0.652224 0.445775
vt 0.654693 0.445978
vt 0.658258 0.453378
vt 0.722781 0.477966
vt 0.738410 0.480278
vt 0.738389 0.495955
vt 0.728083 0.494596
vt 0.721795 0.493589
vt 0.720348 0.483101
vt 0.719643 0.456001
vt 0.738836 0.456234
vt 0.844064 0.518887
vt 0.848598 0.529471
vt 0.843464 0.529359
vt 0.842939 0.516109
vt 0.719964 0.534102
vt 0.723720 0.525970
vt 0.730581 0.527222
vt 0.727912 0.534308
vt 0.022664 0.313267
vt 0.022664 0.305301
vt 0.027758 0.307890
vt 0.027365 0.311893
vt 0.754000 0.510150
vt 0.737692 0.509553
vt 0.754868 0.497866
vt 0.776714 0.499781
vt 0.775173 0.510280
vt 0.774627 0.513548
vt 0.759989 0.513276
vt 0.743824 0.520470
vt 0.733655 0.520178
vt 0.756150 0.520925
vt 0.774201 0.520758
vt 0.738802 0.352800
vt 0.734900 0.352921
vt 0.734631 0.346176
vt 0.738888 0.346737
vt 0.124055 0.902542
vt 0.125844 0.896593
vt 0.131122 0.898205
vt 0.126189 0.909400
vt 0.812605 0.513930
vt 0.806765 0.517005
vt 0.805939 0.510724
vt 0.813945 0.510237
vt 0.175701 0.026908
vt 0.165178 0.031407
vt 0.167821 0.022391
vt 0.177857 0.020270
vt 0.738888 0.337582
vt 0.735408 0.339941
vt 0.124055 0.887362
vt 0.130588 0.889039
vt 0.155216 0.037978
vt 0.153860 0.027615
vt 0.177988 0.030508
vt 0.184132 0.030524
vt 0.183026 0.039757
vt 0.175022 0.037132
vt 0.425689 0.974865
vt 0.423945 0.969406
vt 0.429258 0.969277
vt 0.429805 0.976579
vt 0.422119 0.977929
vt 0.418154 0.969903
vt 0.427144 0.982481
vt 0.138054 0.041969
vt 0.136900 0.030977
vt 0.125510 0.044943
vt 0.120488 0.035101
vt 0.136415 0.056333
vt 0.128123 0.057139
vt 0.398017 0.530630
vt 0.398094 0.522415
vt 0.403434 0.526081
vt 0.398390 0.530953
vt 0.150686 0.609204
vt 0.147982 0.609351
vt 0.146548 0.603188
vt 0.150686 0.600962
vt 0.940476 0.191661
vt 0.934780 0.190113
vt 0.934913 0.184563
vt 0.941267 0.186741
vt 0.404472 0.519013
vt 0.400118 0.515211
vt 0.926555 0.534008
vt 0.927604 0.527777
vt 0.933556 0.527706
vt 0.933437 0.532597
vt 0.729287 0.824724
vt 0.726835 0.815492
vt 0.736244 0.815492
vt 0.735713 0.827449
vt 0.139734 0.125280
vt 0.141956 0.101723
vt 0.148565 0.103667
vt 0.145545 0.132723
vt 0.146895 0.159428
vt 0.136196 0.159503
vt 0.135437 0.136593
vt 0.156042 0.104261
vt 0.157735 0.133530
vt 0.159025 0.160841
vt 0.471201 0.063447
vt 0.464708 0.060268
vt 0.464900 0.040576
vt 0.473206 0.042021
vt 0.145885 0.182594
vt 0.146780 0.200905
vt 0.137813 0.199479
vt 0.137043 0.180613
vt 0.158397 0.183526
vt 0.156481 0.202693
vt 0.164093 0.053135
vt 0.155444 0.053203
vt 0.173221 0.054675
vt 0.144432 0.226392
vt 0.150967 0.225951
vt 0.146598 0.245775
vt 0.143838 0.245730
vt 0.138630 0.245696
vt 0.137715 0.224836
vt 0.513515 0.365589
vt 0.520790 0.361712
vt 0.520790 0.376050
vt 0.515515 0.382001
vt 0.767894 0.289475
vt 0.767894 0.274506
vt 0.770391 0.259180
vt 0.773255 0.282045
vt 0.610136 0.050331
vt 0.613317 0.067964
vt 0.610938 0.069673
vt 0.608687 0.057568
vt 0.350278 0.264198
vt 0.349377 0.270950
vt 0.348975 0.270970
vt 0.346495 0.264198
vt 0.674378 0.169005
vt 0.671406 0.169357
vt 0.671882 0.155716
vt 0.675228 0.154156
vt 0.832483 0.174695
vt 0.846252 0.174268
vt 0.842176 0.187355
vt 0.829154 0.183345
vt 0.831211 0.202279
vt 0.842318 0.203729
vt 0.843607 0.211268
vt 0.833113 0.210357
vt 0.831976 0.196038
vt 0.840011 0.195249
vt 0.801013 0.885372
vt 0.800534 0.895395
vt 0.793989 0.895757
vt 0.795325 0.887395
vt 0.199232 0.435240
vt 0.204879 0.436400
vt 0.203276 0.440369
vt 0.199232 0.441482
vt 0.823015 0.210285
vt 0.821230 0.204047
vt 0.088324 0.317863
vt 0.089099 0.326590
vt 0.075403 0.326472
vt 0.073839 0.309283
vt 0.140258 0.327430
vt 0.141264 0.310654
vt 0.145239 0.309177
vt 0.144723 0.325476
vt 0.143152 0.337544
vt 0.149349 0.325222
vt 0.148839 0.339585
vt 0.737982 0.251443
vt 0.737982 0.237404
vt 0.742853 0.248136
vt 0.740375 0.253786
vt 0.609318 0.103101
vt 0.605537 0.100042
vt 0.605858 0.092719
vt 0.609127 0.088299
vt 0.403150 0.346938
vt 0.403150 0.354872
vt 0.397184 0.355565
vt 0.398133 0.348598
vt 0.508262 0.518248
vt 0.501669 0.517218
vt 0.500576 0.510603
vt 0.506260 0.509707
vt 0.837489 0.761617
vt 0.845407 0.748465
vt 0.843563 0.769180
vt 0.836372 0.782109
vt 0.211792 0.258141
vt 0.215454 0.249035
vt 0.215454 0.265852
vt 0.212467 0.268326
vt 0.498556 0.523647
vt 0.489542 0.526078
vt 0.489412 0.520708
vt 0.496200 0.519230
vt 0.229994 0.748141
vt 0.225776 0.747825
vt 0.226773 0.741826
vt 0.229994 0.736078
vt 0.506036 0.452348
vt 0.506216 0.465999
vt 0.498598 0.459811
vt 0.499144 0.445140
vt 0.509635 0.472714
vt 0.506612 0.478394
vt 0.503382 0.475489
vt 0.497231 0.473993
vt 0.506732 0.489466
vt 0.501723 0.489047
vt 0.546037 0.516537
vt 0.553413 0.521194
vt 0.555157 0.540071
vt 0.549015 0.536403
vt 0.675547 0.116494
vt 0.682014 0.113822
vt 0.683771 0.136230
vt 0.677403 0.139282
vt 0.548400 0.549995
vt 0.552550 0.556234
vt 0.768638 0.305492
vt 0.779984 0.306573
vt 0.780559 0.311948
vt 0.769286 0.313263
vt 0.776033 0.296267
vt 0.780817 0.297412
vt 0.763433 0.300063
vt 0.771378 0.293981
vt 0.848758 0.786224
vt 0.839933 0.794753
vt 0.682506 0.555981
vt 0.685731 0.543021
vt 0.697912 0.540073
vt 0.696762 0.548259
vt 0.697912 0.553179
vt 0.686923 0.557801
vt 0.754461 0.188426
vt 0.756162 0.183818
vt 0.762374 0.183452
vt 0.761559 0.189527
vt 0.374070 0.000813
vt 0.373213 0.003794
vt 0.374070 0.006609
vt 0.371346 0.003467
vt 0.373268 0.173809
vt 0.375890 0.169376
vt 0.377102 0.177300
vt 0.374035 0.178246
vt 0.815064 0.317419
vt 0.815552 0.318998
vt 0.807871 0.315822
vt 0.809867 0.311905
vt 0.615627 0.648095
vt 0.615909 0.639821
vt 0.620723 0.639821
vt 0.621247 0.650327
vt 0.166130 0.481425
vt 0.171560 0.480114
vt 0.175364 0.488035
vt 0.166921 0.487825
vt 0.159007 0.475722
vt 0.160642 0.475256
vt 0.815026 0.327807
vt 0.809000 0.327807
vt 0.034159 0.707624
vt 0.032764 0.707072
vt 0.042141 0.703910
vt 0.043620 0.708486
vt 0.379358 0.167020
vt 0.379358 0.178443
vt 0.680159 0.001264
vt 0.686868 0.002846
vt 0.687025 0.014075
vt 0.680796 0.012703
vt 0.801919 0.326545
vt 0.801290 0.315250
vt 0.170480 0.502927
vt 0.167412 0.504032
vt 0.163071 0.491496
vt 0.175495 0.502521
vt 0.154367 0.479233
vt 0.663388 0.889948
vt 0.663442 0.878103
vt 0.674716 0.878519
vt 0.674471 0.891360
vt 0.091410 0.635207
vt 0.097813 0.632242
vt 0.097813 0.644158
vt 0.092671 0.650327
vt 0.836651 0.806425
vt 0.851671 0.812398
vt 0.853231 0.819988
vt 0.837195 0.816177
vt 0.507572 0.534008
vt 0.500940 0.523801
vt 0.502635 0.520044
vt 0.507572 0.521787
vt 0.026956 0.398572
vt 0.029763 0.387140
vt 0.031723 0.390162
vt 0.031723 0.401828
vt 0.638431 0.604523
vt 0.631776 0.605386
vt 0.632365 0.600529
vt 0.637968 0.598998
vt 0.782507 0.191661
vt 0.777027 0.190583
vt 0.775784 0.183687
vt 0.780853 0.184288
vt 0.056838 0.671924
vt 0.055266 0.676492
vt 0.046806 0.676226
vt 0.048707 0.671218
vt 0.877677 0.008732
vt 0.876662 0.016912
vt 0.873058 0.016366
vt 0.873081 0.007911
vt 0.051834 0.665739
vt 0.054758 0.666146
vt 0.038506 0.672142
vt 0.040322 0.667429
vt 0.366651 0.735733
vt 0.370105 0.736533
vt 0.368800 0.739946
vt 0.364387 0.741442
vt 0.866571 0.068960
vt 0.864430 0.085954
vt 0.857816 0.083530
vt 0.856146 0.062694
vt 0.893208 0.527301
vt 0.897930 0.531117
vt 0.896279 0.537490
vt 0.889579 0.533809
vt 0.879877 0.531234
vt 0.876298 0.526916
vt 0.268489 0.019827
vt 0.268775 0.010664
vt 0.268489 0.007379
vt 0.272291 0.010742
vt 0.500283 0.386604
vt 0.509547 0.388986
vt 0.506892 0.397839
vt 0.498265 0.393143
vt 0.671691 0.089786
vt 0.670057 0.066674
vt 0.674624 0.068496
vt 0.677274 0.092691
vt 0.490052 0.390044
vt 0.489412 0.378237
vt 0.881835 0.562696
vt 0.858487 0.565286
vt 0.859754 0.561744
vt 0.882172 0.556284
vt 0.872871 0.069385
vt 0.868513 0.066629
vt 0.867274 0.044513
vt 0.873411 0.045883
vt 0.179765 0.241332
vt 0.179765 0.247177
vt 0.175526 0.246360
vt 0.175058 0.242760
vt 0.888712 0.566737
vt 0.881988 0.571470
vt 0.878282 0.567196
vt 0.898826 0.552506
vt 0.895369 0.558783
vt 0.894844 0.561709
vt 0.866370 0.583368
vt 0.866052 0.591204
vt 0.857515 0.591353
vt 0.855315 0.584806
vt 0.875520 0.587403
vt 0.872799 0.592397
vt 0.860825 0.575704
vt 0.869727 0.571288
vt 0.874321 0.576892
vt 0.851717 0.577616
vt 0.879975 0.581359
vt 0.896433 0.050228
vt 0.892524 0.048903
vt 0.891867 0.042820
vt 0.896534 0.042515
vt 0.812105 0.612188
vt 0.811454 0.604545
vt 0.820507 0.602140
vt 0.819766 0.607209
vt 0.005287 0.599183
vt 0.001887 0.606708
vt 0.002420 0.597443
vt 0.001887 0.597302
vt 0.893254 0.052073
vt 0.891349 0.054312
vt 0.889005 0.049535
vt 0.811580 0.613788
vt 0.825445 0.619365
vt 0.818188 0.622874
vt 0.811536 0.615851
vt 0.477171 0.521835
vt 0.477171 0.529289
vt 0.473526 0.530043
vt 0.473878 0.524128
vt 0.832505 0.664405
vt 0.841055 0.665091
vt 0.841116 0.668856
vt 0.832027 0.671476
vt 0.832027 0.656914
vt 0.843310 0.659781
vt 0.826127 0.576306
vt 0.820797 0.576179
vt 0.820797 0.564688
vt 0.824889 0.566728
vt 0.563088 0.393897
vt 0.559041 0.392551
vt 0.559019 0.382714
vt 0.563088 0.383400
vt 0.898012 0.029135
vt 0.896959 0.035547
vt 0.891670 0.034780
vt 0.891844 0.026236
vt 0.810715 0.591371
vt 0.817570 0.590076
vt 0.819074 0.595730
vt 0.811257 0.597631
vt 0.891759 0.017819
vt 0.898063 0.018214
vt 0.596826 0.291868
vt 0.588893 0.292118
vt 0.590058 0.285269
vt 0.597455 0.284658
vt 0.905319 0.017915
vt 0.905786 0.027696
vt 0.830490 0.600901
vt 0.827002 0.593537
vt 0.680925 0.621247
vt 0.680925 0.611825
vt 0.689040 0.612143
vt 0.689981 0.620980
vt 0.947072 0.558576
vt 0.945329 0.567499
vt 0.938922 0.568420
vt 0.938449 0.560617
vt 0.948389 0.557719
vt 0.950117 0.567309
vt 0.937157 0.554739
vt 0.933790 0.560929
vt 0.926418 0.559932
vt 0.928210 0.552445
vt 0.930645 0.544536
vt 0.939811 0.546706
vt 0.949576 0.549448
vt 0.839434 0.598415
vt 0.835948 0.590802
vt 0.845548 0.587313
vt 0.848305 0.593731
vt 0.524377 0.179765
vt 0.524377 0.168309
vt 0.529487 0.166911
vt 0.530043 0.175538
vt 0.956796 0.560063
vt 0.956343 0.567752
vt 0.957297 0.552338
vt 0.911435 0.549469
vt 0.912214 0.559369
vt 0.905348 0.559241
vt 0.904727 0.552875
vt 0.900017 0.547388
vt 0.903043 0.542165
vt 0.914532 0.539484
vt 0.922324 0.542194
vt 0.920239 0.550847
vt 0.905453 0.534970
vt 0.919119 0.559087
vt 0.964916 0.546636
vt 0.964641 0.554798
vt 0.958403 0.545729
vt 0.913754 0.017528
vt 0.913124 0.026638
vt 0.913570 0.036117
vt 0.907058 0.035788
vt 0.942717 0.441740
vt 0.936396 0.443259
vt 0.937802 0.434769
vt 0.945089 0.432714
vt 0.941837 0.449248
vt 0.935807 0.451232
vt 0.887777 0.539105
vt 0.878945 0.535569
vt 0.894378 0.542948
vt 0.448142 0.317233
vt 0.448142 0.310975
vt 0.453378 0.311094
vt 0.452338 0.315886
vt 0.029630 0.409512
vt 0.030401 0.415046
vt 0.025650 0.413825
vt 0.025650 0.405017
vt 0.865802 0.106229
vt 0.859970 0.104098
vt 0.963769 0.568573
vt 0.960473 0.572837
vt 0.955897 0.574573
vt 0.908022 0.049548
vt 0.907603 0.042996
vt 0.913968 0.044517
vt 0.914072 0.053446
vt 0.964193 0.562017
vt 0.607925 0.274025
vt 0.608034 0.265350
vt 0.614638 0.267504
vt 0.614638 0.276257
vt 0.849778 0.516996
vt 0.849739 0.510395
vt 0.857448 0.509263
vt 0.858303 0.515668
vt 0.621247 0.421708
vt 0.620717 0.428310
vt 0.616328 0.429586
vt 0.616328 0.422364
vt 0.056838 0.712452
vt 0.046731 0.708988
vt 0.047024 0.700731
vt 0.055036 0.703406
vt 0.831472 0.007640
vt 0.842439 0.007035
vt 0.837782 0.014717
vt 0.828225 0.019726
vt 0.099178 0.430559
vt 0.116732 0.427169
vt 0.119477 0.447005
vt 0.105906 0.448332
vt 0.094900 0.410670
vt 0.111847 0.407112
vt 0.112525 0.407232
vt 0.114925 0.407526
vt 0.082590 0.327777
vt 0.485102 0.346197
vt 0.484691 0.347634
vt 0.477237 0.331120
vt 0.485102 0.326383
vt 0.927906 0.434379
vt 0.926321 0.454700
vt 0.922126 0.450416
vt 0.922126 0.430541
vt 0.546037 0.559264
vt 0.549230 0.565732
vt 0.508903 0.405403
vt 0.512852 0.399181
vt 0.509899 0.406460
vt 0.152988 0.532675
vt 0.152725 0.541219
vt 0.138491 0.549840
vt 0.148194 0.534099
vt 0.143456 0.562863
vt 0.139202 0.579376
vt 0.132569 0.548410
vt 0.155490 0.554282
vt 0.370165 0.403190
vt 0.374070 0.400738
vt 0.372469 0.421324
vt 0.367753 0.421772
vt 0.121699 0.561015
vt 0.109218 0.537007
vt 0.122556 0.527198
vt 0.135469 0.516590
vt 0.146946 0.533492
vt 0.127425 0.585717
vt 0.799647 0.601120
vt 0.802747 0.595966
vt 0.806793 0.596824
vt 0.807622 0.604064
vt 0.635787 0.224294
vt 0.635374 0.232185
vt 0.630485 0.233607
vt 0.628952 0.228332
vt 0.479815 0.565732
vt 0.473424 0.562356
vt 0.474352 0.553886
vt 0.479283 0.555019
vt 0.955397 0.790438
vt 0.949508 0.790156
vt 0.949508 0.767690
vt 0.956034 0.768008
vt 0.960662 0.774614
vt 0.960951 0.785851
vt 0.280394 0.605754
vt 0.285177 0.601838
vt 0.285269 0.610663
vt 0.280862 0.611995
vt 0.950929 0.667273
vt 0.957910 0.672314
vt 0.955439 0.679958
vt 0.951247 0.679329
vt 0.179765 0.340940
vt 0.179765 0.351600
vt 0.174787 0.351144
vt 0.173912 0.340237
vt 0.131080 0.659513
vt 0.129698 0.665598
vt 0.109181 0.663462
vt 0.109222 0.654845
vt 0.139797 0.652640
vt 0.153075 0.646872
vt 0.151414 0.659530
vt 0.149728 0.666189
vt 0.141753 0.621110
vt 0.152359 0.615252
vt 0.153827 0.623718
vt 0.141511 0.635427
vt 0.129124 0.641764
vt 0.128373 0.624828
vt 0.128192 0.605182
vt 0.139506 0.598669
vt 0.569697 0.557801
vt 0.566462 0.556708
vt 0.566208 0.548052
vt 0.569697 0.546844
vt 0.637109 0.245164
vt 0.637109 0.261717
vt 0.632552 0.256590
vt 0.633435 0.244707
vt 0.145493 0.588445
vt 0.144725 0.598169
vt 0.150959 0.587341
vt 0.155838 0.585337
vt 0.152697 0.598312
vt 0.149149 0.598330
vt 0.951695 0.665103
vt 0.955335 0.652436
vt 0.959629 0.653689
vt 0.956503 0.666189
vt 0.949077 0.664863
vt 0.949077 0.642823
vt 0.018871 0.448254
vt 0.019056 0.442417
vt 0.022471 0.443711
vt 0.022471 0.450735
vt 0.798169 0.588442
vt 0.803272 0.589610
vt 0.798092 0.595081
vt 0.109423 0.630145
vt 0.093193 0.629923
vt 0.093424 0.615358
vt 0.111688 0.611154
vt 0.109316 0.643736
vt 0.958234 0.869051
vt 0.958307 0.882642
vt 0.585559 0.795725
vt 0.585536 0.779479
vt 0.585559 0.767895
vt 0.711130 0.966238
vt 0.706662 0.951981
vt 0.081624 0.629940
vt 0.081188 0.644258
vt 0.077132 0.647325
vt 0.074217 0.636902
vt 0.069941 0.622346
vt 0.079333 0.619275
vt 0.237511 0.885791
vt 0.232319 0.906568
vt 0.224911 0.906028
vt 0.226551 0.886038
vt 0.958307 0.902369
vt 0.947352 0.904195
vt 0.947629 0.893935
vt 0.958013 0.893752
vt 0.214299 0.885974
vt 0.216476 0.905448
vt 0.935111 0.905435
vt 0.936746 0.894244
vt 0.964663 0.327420
vt 0.943519 0.327807
vt 0.946334 0.316582
vt 0.964916 0.316236
vt 0.205290 0.884584
vt 0.205030 0.904723
vt 0.631537 0.953425
vt 0.630366 0.960315
vt 0.628890 0.956550
vt 0.623376 0.949400
vt 0.638274 0.959083
vt 0.632555 0.965716
vt 0.642736 0.949400
vt 0.645040 0.955023
vt 0.953651 0.025362
vt 0.960611 0.029572
vt 0.959718 0.035258
vt 0.953708 0.036570
vt 0.866094 0.769435
vt 0.864562 0.758300
vt 0.869292 0.754328
vt 0.870883 0.767001
vt 0.872037 0.775730
vt 0.867728 0.773291
vt 0.519469 0.510328
vt 0.517926 0.521371
vt 0.511300 0.520455
vt 0.509165 0.511419
vt 0.734923 0.286574
vt 0.726099 0.293417
vt 0.728224 0.286800
vt 0.729066 0.283054
vt 0.929111 0.672765
vt 0.922438 0.667589
vt 0.924676 0.658624
vt 0.930549 0.660742
vt 0.925067 0.673610
vt 0.919407 0.673245
vt 0.873453 0.754804
vt 0.875923 0.766632
vt 0.962273 0.676062
vt 0.959853 0.681840
vt 0.722176 0.590734
vt 0.726992 0.594146
vt 0.726552 0.599081
vt 0.722258 0.596861
vt 0.918288 0.688659
vt 0.912443 0.686714
vt 0.915931 0.680695
vt 0.920827 0.682240
vt 0.734923 0.297741
vt 0.727121 0.300049
vt 0.901500 0.684782
vt 0.902504 0.678611
vt 0.906622 0.678700
vt 0.904396 0.686342
vt 0.722979 0.608029
vt 0.722176 0.605087
vt 0.722289 0.600985
vt 0.725909 0.604187
vt 0.625731 0.795611
vt 0.621881 0.797047
vt 0.621798 0.790154
vt 0.626535 0.789397
vt 0.864779 0.962278
vt 0.870667 0.980394
vt 0.841495 0.985489
vt 0.836706 0.971037
vt 0.894501 0.947785
vt 0.895434 0.973964
vt 0.909745 0.827578
vt 0.908855 0.834794
vt 0.894966 0.832356
vt 0.899178 0.828802
vt 0.896442 0.825902
vt 0.900780 0.823699
vt 0.895211 0.841438
vt 0.884437 0.837299
vt 0.884168 0.826192
vt 0.901830 0.874766
vt 0.913316 0.875289
vt 0.913088 0.898422
vt 0.897424 0.888830
vt 0.894112 0.992249
vt 0.876397 0.999283
vt 0.951698 0.001498
vt 0.951603 0.019791
vt 0.946393 0.019110
vt 0.946306 0.001377
vt 0.399185 0.562438
vt 0.396538 0.567054
vt 0.390628 0.565273
vt 0.390628 0.546433
vt 0.133213 0.969655
vt 0.122055 0.969850
vt 0.124044 0.962284
vt 0.134935 0.965097
vt 0.676458 0.277839
vt 0.671997 0.278900
vt 0.671508 0.271549
vt 0.676763 0.268842
vt 0.897769 0.998681
vt 0.897420 0.989691
vt 0.908708 0.987752
vt 0.908918 0.997475
vt 0.125904 0.950167
vt 0.148257 0.946283
vt 0.884660 0.877392
vt 0.873486 0.880939
vt 0.880701 0.859092
vt 0.876536 0.862649
vt 0.904594 0.848069
vt 0.591287 0.591059
vt 0.593489 0.589573
vt 0.593489 0.600099
vt 0.592480 0.599421
vt 0.895099 0.851615
vt 0.890654 0.851357
vt 0.857902 0.861528
vt 0.856448 0.844187
vt 0.871382 0.846913
vt 0.164930 0.913824
vt 0.159350 0.909172
vt 0.169886 0.896773
vt 0.184101 0.904045
vt 0.152946 0.928481
vt 0.145361 0.917147
vt 0.183705 0.924808
vt 0.163500 0.507037
vt 0.161269 0.519432
vt 0.148390 0.506032
vt 0.157239 0.496690
vt 0.374070 0.452436
vt 0.370042 0.457344
vt 0.366294 0.440956
vt 0.370487 0.441197
vt 0.167646 0.526255
vt 0.179226 0.519994
vt 0.177168 0.539003
vt 0.167370 0.543349
vt 0.162812 0.520345
vt 0.958815 0.645931
vt 0.949231 0.644075
vt 0.160813 0.566512
vt 0.154997 0.570268
vt 0.150781 0.563623
vt 0.140605 0.568398
vt 0.862697 0.798369
vt 0.867959 0.776319
vt 0.873493 0.783829
vt 0.875767 0.796453
vt 0.173156 0.230593
vt 0.172803 0.244339
vt 0.163885 0.243024
vt 0.162709 0.235720
vt 0.626366 0.233601
vt 0.625444 0.226969
vt 0.164890 0.248670
vt 0.173156 0.249821
vt 0.073001 0.761303
vt 0.080630 0.761414
vt 0.080630 0.773255
vt 0.075519 0.772080
vt 0.929866 0.628031
vt 0.927134 0.638570
vt 0.921237 0.636952
vt 0.924296 0.626599
vt 0.881643 0.798369
vt 0.879400 0.786743
vt 0.955596 0.689981
vt 0.950929 0.687461
vt 0.161706 0.584207
vt 0.158969 0.601072
vt 0.966238 0.030659
vt 0.964034 0.047585
vt 0.959038 0.047316
vt 0.528721 0.101800
vt 0.528721 0.109710
vt 0.523601 0.105654
vt 0.526310 0.101611
vt 0.167337 0.600951
vt 0.165679 0.623997
vt 0.225580 0.970203
vt 0.220166 0.970067
vt 0.222510 0.963625
vt 0.230725 0.961065
vt 0.805409 0.999131
vt 0.802451 0.989660
vt 0.809886 0.988785
vt 0.810822 0.999026
vt 0.544583 0.161632
vt 0.534425 0.162797
vt 0.529353 0.154933
vt 0.539173 0.153786
vt 0.077654 0.430668
vt 0.082604 0.430922
vt 0.077044 0.431636
vt 0.182409 0.018176
vt 0.182194 0.019642
vt 0.180282 0.021149
vt 0.180282 0.017340
vt 0.008041 0.212020
vt 0.010574 0.211944
vt 0.010574 0.215454
vt 0.007760 0.214164
vt 0.322619 0.663439
vt 0.324470 0.662720
vt 0.325096 0.668229
vt 0.321622 0.667727
vt 0.095966 0.036354
vt 0.094794 0.034430
vt 0.138789 0.083501
vt 0.138789 0.085697
vt 0.138559 0.085917
vt 0.138010 0.084655
vt 0.187696 0.122438
vt 0.187696 0.126893
vt 0.185737 0.125308
vt 0.185568 0.123272
vt 0.051921 0.328662
vt 0.051537 0.323945
vt 0.057901 0.324760
vt 0.058333 0.327527
vt 0.001799 0.094207
vt 0.003965 0.092251
vt 0.003965 0.100455
vt 0.003842 0.100457
vt 0.065055 0.328857
vt 0.058003 0.319974
vt 0.058543 0.303453
vt 0.066211 0.311202
vt 0.064918 0.328951
vt 0.187878 0.421612
vt 0.188740 0.425621
vt 0.189018 0.425439
vt 0.186900 0.421687
vt 0.189018 0.420143
vt 0.188283 0.424827
vt 0.070429 0.328371
vt 0.066405 0.326756
vt 0.071844 0.325958
vt 0.140111 0.073770
vt 0.138768 0.074182
vt 0.137859 0.070682
vt 0.140111 0.070729
vt 0.139897 0.067412
vt 0.139339 0.067312
vt 0.138637 0.065432
vt 0.139202 0.065177
vt 0.140111 0.065039
vt 0.140111 0.067378
vt 0.066659 0.329529
vt 0.067176 0.329070
vt 0.071398 0.330285
vt 0.070519 0.331855
vt 0.347399 0.314966
vt 0.348695 0.319922
vt 0.348827 0.319818
vt 0.347284 0.316158
vt 0.187696 0.204879
vt 0.184268 0.204867
vt 0.184268 0.201121
vt 0.185311 0.201088
vt 0.138102 0.066146
vt 0.139040 0.067382
vt 0.138705 0.074475
vt 0.137665 0.070642
vt 0.059217 0.284978
vt 0.065440 0.286533
vt 0.072364 0.289323
vt 0.070648 0.268662
vt 0.073888 0.269519
vt 0.079958 0.269852
vt 0.083018 0.293688
vt 0.091421 0.270183
vt 0.094655 0.293963
vt 0.097777 0.314461
vt 0.113469 0.269525
vt 0.112773 0.292159
vt 0.128606 0.268562
vt 0.129429 0.291023
vt 0.138954 0.267796
vt 0.140378 0.289449
vt 0.143489 0.267393
vt 0.145125 0.288121
vt 0.147377 0.266678
vt 0.148805 0.287080
vt 0.149640 0.307836
vt 0.154257 0.286097
vt 0.154839 0.306564
vt 0.155102 0.324803
vt 0.159557 0.305426
vt 0.159959 0.324239
vt 0.456184 0.002951
vt 0.461695 0.001888
vt 0.461789 0.017954
vt 0.456037 0.017740
vt 0.155173 0.341407
vt 0.461950 0.036253
vt 0.455896 0.035706
vt 0.155623 0.361817
vt 0.148868 0.360479
vt 0.143303 0.359168
vt 0.156467 0.383772
vt 0.150236 0.383292
vt 0.144654 0.382739
vt 0.135984 0.382156
vt 0.133612 0.358698
vt 0.151141 0.404762
vt 0.145107 0.404476
vt 0.136612 0.404820
vt 0.116709 0.382802
vt 0.145289 0.424645
vt 0.138812 0.424855
vt 0.126026 0.426417
vt 0.140955 0.444547
vt 0.130888 0.445537
vt 0.146490 0.461966
vt 0.140601 0.463807
vt 0.129106 0.466279
vt 0.113803 0.468292
vt 0.146278 0.484383
vt 0.133676 0.489956
vt 0.145045 0.443667
vt 0.148793 0.461999
vt 0.150736 0.442708
vt 0.154736 0.459063
vt 0.164381 0.472405
vt 0.156990 0.442205
vt 0.160244 0.456647
vt 0.168799 0.468428
vt 0.704521 0.903145
vt 0.703297 0.917629
vt 0.697800 0.916317
vt 0.698659 0.903348
vt 0.697641 0.890628
vt 0.704326 0.891305
vt 0.176785 0.477171
vt 0.698579 0.878902
vt 0.704521 0.881149
vt 0.181205 0.486862
vt 0.407102 0.811745
vt 0.413724 0.810178
vt 0.413616 0.822356
vt 0.407102 0.823483
vt 0.182285 0.500132
vt 0.187696 0.498809
vt 0.186790 0.516327
vt 0.798632 0.850527
vt 0.799772 0.833005
vt 0.806010 0.831709
vt 0.805490 0.848416
vt 0.533186 0.029740
vt 0.540687 0.028780
vt 0.539994 0.046778
vt 0.531535 0.047646
vt 0.185229 0.536298
vt 0.539451 0.066184
vt 0.530687 0.066888
vt 0.184259 0.557830
vt 0.176635 0.559480
vt 0.183865 0.580703
vt 0.176418 0.581215
vt 0.169038 0.582144
vt 0.168849 0.562377
vt 0.175921 0.601335
vt 0.183922 0.601556
vt 0.184684 0.624135
vt 0.176187 0.624038
vt 0.523148 0.127210
vt 0.532724 0.125925
vt 0.535317 0.142211
vt 0.525315 0.143988
vt 0.178223 0.643500
vt 0.167139 0.644666
vt 0.181720 0.656507
vt 0.168684 0.657779
vt 0.518171 0.159608
vt 0.521220 0.167869
vt 0.169143 0.666044
vt 0.234121 0.945970
vt 0.225467 0.945347
vt 0.225460 0.925819
vt 0.232854 0.926593
vt 0.218270 0.944492
vt 0.217716 0.925402
vt 0.205189 0.943434
vt 0.204744 0.924948
vt 0.183012 0.943522
vt 0.206745 0.959871
vt 0.181202 0.959386
vt 0.208895 0.970057
vt 0.186317 0.970181
vt 0.154593 0.970122
vt 0.844670 0.998892
vt 0.822092 0.998965
vt 0.820696 0.987567
vt 0.818705 0.974156
vt 0.808047 0.975571
vt 0.805624 0.958042
vt 0.815905 0.957364
vt 0.799723 0.976666
vt 0.544583 0.142283
vt 0.542312 0.126106
vt 0.813305 0.936510
vt 0.824480 0.936659
vt 0.829991 0.955785
vt 0.803725 0.936199
vt 0.803164 0.914395
vt 0.811955 0.914071
vt 0.540554 0.106172
vt 0.531100 0.105823
vt 0.530544 0.087243
vt 0.539569 0.086779
vt 0.812072 0.890444
vt 0.821805 0.889495
vt 0.821501 0.913705
vt 0.803376 0.891142
vt 0.836757 0.887521
vt 0.836172 0.912447
vt 0.840504 0.935400
vt 0.855143 0.909136
vt 0.859590 0.930796
vt 0.865486 0.943483
vt 0.849540 0.950933
vt 0.871733 0.950440
vt 0.878720 0.924173
vt 0.881475 0.935718
vt 0.880553 0.943095
vt 0.875135 0.903402
vt 0.895709 0.889692
vt 0.896482 0.921347
vt 0.896265 0.935470
vt 0.856579 0.884020
vt 0.838818 0.864635
vt 0.837929 0.843968
vt 0.822807 0.866434
vt 0.822923 0.845076
vt 0.813416 0.846642
vt 0.813431 0.830281
vt 0.823027 0.828703
vt 0.837276 0.827800
vt 0.812996 0.867835
vt 0.804348 0.869013
vt 0.823223 0.815320
vt 0.853954 0.829319
vt 0.869149 0.823917
vt 0.870150 0.832830
vt 0.891644 0.853894
vt 0.889823 0.858281
vt 0.881809 0.856557
vt 0.892364 0.852894
vt 0.896513 0.859960
vt 0.896111 0.852479
vt 0.654292 0.248950
vt 0.654000 0.256430
vt 0.654136 0.248950
vt 0.654006 0.248950
vt 0.653875 0.248950
vt 0.653872 0.256343
vt 0.653744 0.248950
vt 0.653614 0.248950
vt 0.653738 0.256253
vt 0.653483 0.248950
vt 0.653604 0.256162
vt 0.653352 0.248950
vt 0.653221 0.248950
vt 0.653091 0.248950
vt 0.653471 0.256072
vt 0.652960 0.248950
vt 0.652829 0.248950
vt 0.653337 0.255981
vt 0.652698 0.248950
vt 0.653203 0.255891
vt 0.652568 0.248950
vt 0.652437 0.248950
vt 0.652311 0.248950
vt 0.653067 0.255799
vt 0.652198 0.248950
vt 0.347358 0.321063
vt 0.347432 0.321198
vt 0.652911 0.255693
vt 0.651988 0.248950
vt 0.348956 0.319667
vt 0.347284 0.320929
vt 0.652661 0.255525
vt 0.651780 0.248950
vt 0.374070 0.014540
vt 0.374004 0.014418
vt 0.374070 0.009423
vt 0.651572 0.248950
vt 0.652495 0.255413
vt 0.651361 0.248950
vt 0.652338 0.255307
vt 0.651250 0.248950
vt 0.651127 0.248950
vt 0.652205 0.255216
vt 0.650996 0.248950
vt 0.652079 0.255131
vt 0.650866 0.248950
vt 0.650605 0.248950
vt 0.650475 0.248950
vt 0.650344 0.248950
vt 0.165918 0.389932
vt 0.166088 0.383516
vt 0.165918 0.383707
vt 0.166547 0.389775
vt 0.031519 0.385966
vt 0.031551 0.380166
vt 0.031519 0.380278
vt 0.031723 0.385853
vt 0.373141 0.244095
vt 0.372917 0.249821
vt 0.372560 0.249821
vt 0.373323 0.249821
vt 0.373737 0.249821
vt 0.372959 0.244143
vt 0.374151 0.249821
vt 0.374565 0.249821
vt 0.372748 0.244259
vt 0.374978 0.249821
vt 0.375392 0.249821
vt 0.099018 0.053967
vt 0.099766 0.053887
vt 0.104422 0.057551
vt 0.099018 0.067412
vt 0.897186 0.859579
vt 0.868909 0.817327
vt 0.881597 0.817428
vt 0.867690 0.810514
vt 0.880154 0.811675
vt 0.890104 0.810242
vt 0.480381 0.228250
vt 0.482620 0.218366
vt 0.486424 0.219245
vt 0.485840 0.227944
vt 0.486424 0.234223
vt 0.481487 0.236603
vt 0.880239 0.053344
vt 0.878150 0.045520
vt 0.882772 0.044323
vt 0.884810 0.051148
vt 0.887445 0.057032
vt 0.882787 0.059616
vt 0.878906 0.062427
vt 0.876921 0.056744
vt 0.891029 0.063595
vt 0.885401 0.064978
vt 0.880584 0.065523
vt 0.894698 0.069986
vt 0.888649 0.070924
vt 0.882207 0.071254
vt 0.523644 0.108303
vt 0.529096 0.112373
vt 0.529602 0.117898
vt 0.522791 0.115651
vt 0.892774 0.077698
vt 0.885422 0.078730
vt 0.896796 0.084486
vt 0.889337 0.087291
vt 0.882275 0.088835
vt 0.878980 0.078591
vt 0.877195 0.070748
vt 0.912053 0.809529
vt 0.922578 0.807744
vt 0.922648 0.813362
vt 0.911096 0.815690
vt 0.922533 0.819753
vt 0.910302 0.821618
vt 0.922432 0.826847
vt 0.938901 0.826205
vt 0.953813 0.825572
vt 0.966880 0.808113
vt 0.966778 0.828447
vt 0.978649 0.809131
vt 0.978282 0.828197
vt 0.987817 0.809788
vt 0.986253 0.830187
vt 0.984524 0.858264
vt 0.993041 0.832477
vt 0.992043 0.860378
vt 0.991325 0.887376
vt 0.984175 0.886142
vt 0.991523 0.912854
vt 0.984408 0.912010
vt 0.977289 0.910428
vt 0.969943 0.908606
vt 0.984525 0.933011
vt 0.992724 0.935337
vt 0.994048 0.956544
vt 0.986020 0.953243
vt 0.995124 0.973246
vt 0.987651 0.971328
vt 0.979357 0.967982
vt 0.967186 0.960677
vt 0.988488 0.984650
vt 0.979555 0.982976
vt 0.968818 0.977877
vt 0.974582 0.993273
vt 0.966315 0.990349
vt 0.165851 0.452057
vt 0.161044 0.443534
vt 0.172107 0.438543
vt 0.175593 0.446060
vt 0.057198 0.963193
vt 0.043867 0.963111
vt 0.044671 0.954216
vt 0.055054 0.954472
vt 0.953607 0.999283
vt 0.926509 0.997754
vt 0.924894 0.986518
vt 0.946232 0.990067
vt 0.082484 0.962361
vt 0.067402 0.953589
vt 0.106028 0.960661
vt 0.104456 0.968400
vt 0.105940 0.949493
vt 0.107113 0.934485
vt 0.126750 0.935860
vt 0.110055 0.918164
vt 0.127587 0.919984
vt 0.946411 0.731944
vt 0.946352 0.749462
vt 0.939805 0.749456
vt 0.939755 0.731758
vt 0.940251 0.714767
vt 0.946411 0.714149
vt 0.452911 0.517495
vt 0.455705 0.502268
vt 0.461309 0.502467
vt 0.458955 0.517878
vt 0.447799 0.531365
vt 0.442749 0.528514
vt 0.447480 0.515791
vt 0.450173 0.501656
vt 0.449988 0.487284
vt 0.455463 0.486455
vt 0.167376 0.850043
vt 0.171834 0.864282
vt 0.166669 0.864971
vt 0.162928 0.852616
vt 0.155127 0.842675
vt 0.158510 0.838721
vt 0.144166 0.835946
vt 0.146086 0.831107
vt 0.533972 0.540341
vt 0.521339 0.540617
vt 0.521880 0.533983
vt 0.533624 0.534479
vt 0.544892 0.532506
vt 0.545905 0.538301
vt 0.442146 0.006985
vt 0.430540 0.007090
vt 0.430305 0.000857
vt 0.442437 0.001217
vt 0.453059 0.006864
vt 0.453158 0.017218
vt 0.442432 0.017160
vt 0.430536 0.017028
vt 0.418039 0.016793
vt 0.418392 0.006993
vt 0.442516 0.033867
vt 0.430249 0.033636
vt 0.417477 0.033406
vt 0.406512 0.033280
vt 0.407236 0.016430
vt 0.429472 0.059488
vt 0.416696 0.059447
vt 0.615960 0.287295
vt 0.615577 0.309190
vt 0.602526 0.307955
vt 0.602951 0.285734
vt 0.361380 0.330732
vt 0.372551 0.331218
vt 0.370861 0.357460
vt 0.359852 0.356852
vt 0.615594 0.333696
vt 0.602441 0.332703
vt 0.362923 0.301765
vt 0.374116 0.302179
vt 0.386044 0.302676
vt 0.384685 0.331819
vt 0.364262 0.272809
vt 0.375504 0.273122
vt 0.387292 0.273490
vt 0.399090 0.274135
vt 0.397612 0.303195
vt 0.377638 0.245328
vt 0.388674 0.245648
vt 0.399650 0.246178
vt 0.568334 0.129494
vt 0.558031 0.128342
vt 0.559185 0.102758
vt 0.570882 0.103583
vt 0.390370 0.217526
vt 0.400868 0.217906
vt 0.566222 0.154958
vt 0.556725 0.154456
vt 0.547848 0.154558
vt 0.547641 0.128678
vt 0.566052 0.179830
vt 0.556395 0.179548
vt 0.547674 0.179625
vt 0.515860 0.199437
vt 0.507476 0.199430
vt 0.507668 0.170122
vt 0.516069 0.170148
vt 0.556686 0.204377
vt 0.547858 0.204543
vt 0.515798 0.228471
vt 0.507435 0.228472
vt 0.497847 0.228460
vt 0.497786 0.199456
vt 0.515953 0.257557
vt 0.507177 0.257540
vt 0.497492 0.257528
vt 0.488047 0.257573
vt 0.488297 0.228517
vt 0.506533 0.286596
vt 0.496669 0.286574
vt 0.487555 0.286596
vt 0.573749 0.268629
vt 0.583911 0.269661
vt 0.582225 0.294200
vt 0.572045 0.293204
vt 0.496058 0.315753
vt 0.487051 0.315788
vt 0.575360 0.243957
vt 0.585404 0.244977
vt 0.452184 0.149875
vt 0.460934 0.150024
vt 0.460248 0.179074
vt 0.451492 0.179005
vt 0.577658 0.218527
vt 0.586986 0.219531
vt 0.454582 0.121488
vt 0.462637 0.121435
vt 0.471802 0.121512
vt 0.471031 0.150233
vt 0.596133 0.218912
vt 0.587796 0.199352
vt 0.595096 0.198517
vt 0.464982 0.100955
vt 0.472281 0.100849
vt 0.478571 0.100993
vt 0.480548 0.121793
vt 0.466781 0.086361
vt 0.472635 0.086094
vt 0.518911 0.204919
vt 0.522538 0.190479
vt 0.518139 0.188922
vt 0.522692 0.180837
vt 0.527424 0.182512
vt 0.341849 0.947270
vt 0.341117 0.952704
vt 0.335304 0.953305
vt 0.336542 0.948474
vt 0.340459 0.958031
vt 0.333910 0.958748
vt 0.536319 0.182508
vt 0.540909 0.180695
vt 0.545905 0.189424
vt 0.541627 0.190591
vt 0.434723 0.382912
vt 0.428985 0.382286
vt 0.428238 0.367880
vt 0.435278 0.368217
vt 0.441677 0.368530
vt 0.440062 0.383323
vt 0.427335 0.347521
vt 0.436523 0.347512
vt 0.444927 0.347636
vt 0.437270 0.318901
vt 0.445952 0.318962
vt 0.539851 0.227802
vt 0.539707 0.253998
vt 0.530353 0.254053
vt 0.531032 0.228196
vt 0.520732 0.253491
vt 0.522231 0.227294
vt 0.530027 0.279797
vt 0.520532 0.279116
vt 0.480892 0.150323
vt 0.480655 0.179251
vt 0.470613 0.179151
vt 0.479904 0.208255
vt 0.469713 0.208175
vt 0.459307 0.208071
vt 0.467990 0.237128
vt 0.458018 0.236987
vt 0.592209 0.293777
vt 0.590474 0.318622
vt 0.580898 0.318776
vt 0.450673 0.207994
vt 0.588859 0.343746
vt 0.579865 0.343432
vt 0.570146 0.342368
vt 0.570906 0.317752
vt 0.578761 0.368280
vt 0.569119 0.367157
vt 0.488142 0.199528
vt 0.488171 0.170307
vt 0.498005 0.170188
vt 0.487149 0.142040
vt 0.497646 0.141755
vt 0.508739 0.141684
vt 0.497350 0.113988
vt 0.509449 0.113895
vt 0.520742 0.113696
vt 0.518189 0.141723
vt 0.509534 0.084562
vt 0.520790 0.084580
vt 0.547042 0.102637
vt 0.547246 0.077848
vt 0.559400 0.077790
vt 0.547152 0.053252
vt 0.559135 0.052924
vt 0.570831 0.053691
vt 0.571019 0.078728
vt 0.558292 0.030116
vt 0.570468 0.030812
vt 0.396539 0.332334
vt 0.395607 0.359043
vt 0.383127 0.358367
vt 0.395085 0.376374
vt 0.382090 0.375816
vt 0.369360 0.374664
vt 0.381570 0.385489
vt 0.368237 0.384312
vt 0.305072 0.937357
vt 0.296859 0.935929
vt 0.297586 0.923342
vt 0.305777 0.924466
vt 0.319876 0.926191
vt 0.319797 0.939175
vt 0.291726 0.935825
vt 0.291726 0.922347
vt 0.294616 0.909668
vt 0.300443 0.911261
vt 0.407582 0.006762
vt 0.119818 0.834107
vt 0.107441 0.839330
vt 0.104899 0.834326
vt 0.119437 0.829107
vt 0.132423 0.828325
vt 0.132279 0.833323
vt 0.418064 0.000975
vt 0.081952 0.660250
vt 0.078423 0.670838
vt 0.072869 0.669170
vt 0.076677 0.657946
vt 0.442749 0.463509
vt 0.447766 0.460685
vt 0.452438 0.472027
vt 0.447169 0.473810
vt 0.439434 0.483334
vt 0.439557 0.498140
vt 0.433598 0.498324
vt 0.433605 0.483223
vt 0.433705 0.468346
vt 0.439359 0.468947
vt 0.175243 0.881626
vt 0.176636 0.866443
vt 0.192496 0.864605
vt 0.191411 0.883265
vt 0.172975 0.852830
vt 0.189829 0.848857
vt 0.433336 0.512093
vt 0.439604 0.511651
vt 0.440160 0.526078
vt 0.433336 0.525783
vt 0.071080 0.684701
vt 0.071660 0.701910
vt 0.066022 0.701678
vt 0.065252 0.684504
vt 0.076976 0.685396
vt 0.078069 0.701393
vt 0.081952 0.716929
vt 0.075948 0.719061
vt 0.092959 0.845027
vt 0.097888 0.848867
vt 0.092269 0.862449
vt 0.085424 0.860426
vt 0.090219 0.877372
vt 0.084219 0.878011
vt 0.294328 0.949055
vt 0.299087 0.947884
vt 0.381115 0.389605
vt 0.395280 0.385582
vt 0.396175 0.389932
vt 0.569675 0.007889
vt 0.557346 0.006940
vt 0.557511 0.001060
vt 0.571019 0.002605
vt 0.569530 0.016306
vt 0.557447 0.015120
vt 0.545846 0.015338
vt 0.545305 0.006784
vt 0.405794 0.376646
vt 0.405750 0.359288
vt 0.546663 0.030388
vt 0.520790 0.029316
vt 0.510035 0.029356
vt 0.510126 0.011791
vt 0.520443 0.011863
vt 0.520638 0.055693
vt 0.509680 0.055559
vt 0.497511 0.055538
vt 0.498037 0.029328
vt 0.497450 0.084685
vt 0.485579 0.084809
vt 0.485527 0.055608
vt 0.485552 0.114098
vt 0.563384 0.418099
vt 0.575089 0.419967
vt 0.574024 0.444781
vt 0.562192 0.443010
vt 0.566401 0.392512
vt 0.577001 0.394212
vt 0.587323 0.394181
vt 0.587303 0.419884
vt 0.587718 0.368676
vt 0.456010 0.295236
vt 0.464824 0.295353
vt 0.464462 0.323810
vt 0.454577 0.323698
vt 0.456587 0.265991
vt 0.465767 0.266154
vt 0.475802 0.266281
vt 0.474491 0.295433
vt 0.478236 0.237258
vt 0.517740 0.330304
vt 0.527528 0.331283
vt 0.525260 0.356992
vt 0.515613 0.355459
vt 0.519542 0.304825
vt 0.529200 0.305569
vt 0.538239 0.305812
vt 0.536930 0.331582
vt 0.539083 0.280065
vt 0.446559 0.289888
vt 0.438139 0.289851
vt 0.438744 0.260822
vt 0.446887 0.260862
vt 0.429339 0.260801
vt 0.429645 0.231762
vt 0.439319 0.231754
vt 0.447558 0.231819
vt 0.428534 0.289820
vt 0.418836 0.289829
vt 0.419554 0.260780
vt 0.427400 0.318856
vt 0.418078 0.318879
vt 0.614341 0.532591
vt 0.604106 0.532171
vt 0.604424 0.507501
vt 0.614816 0.508061
vt 0.418698 0.347336
vt 0.613528 0.557761
vt 0.604122 0.557350
vt 0.594715 0.558258
vt 0.594172 0.533085
vt 0.612122 0.577713
vt 0.604468 0.577420
vt 0.596965 0.578474
vt 0.390262 0.023103
vt 0.397653 0.023232
vt 0.396913 0.043934
vt 0.387672 0.043659
vt 0.392343 0.009346
vt 0.398459 0.008867
vt 0.404024 0.008393
vt 0.404449 0.023285
vt 0.393225 0.001624
vt 0.399148 0.001104
vt 0.568237 0.341550
vt 0.564453 0.350102
vt 0.345110 0.968512
vt 0.345963 0.962686
vt 0.352089 0.961890
vt 0.351027 0.967763
vt 0.339157 0.968882
vt 0.339808 0.963512
vt 0.554874 0.350825
vt 0.550826 0.352921
vt 0.544457 0.344698
vt 0.549111 0.342713
vt 0.346536 0.957252
vt 0.352921 0.956405
vt 0.504718 0.380343
vt 0.498614 0.380226
vt 0.497529 0.365068
vt 0.504840 0.365057
vt 0.511798 0.365258
vt 0.510246 0.380679
vt 0.496449 0.344354
vt 0.505697 0.344301
vt 0.514608 0.344305
vt 0.506113 0.315723
vt 0.515708 0.315656
vt 0.549855 0.305249
vt 0.548683 0.279434
vt 0.558432 0.279010
vt 0.558869 0.304595
vt 0.568266 0.279273
vt 0.567885 0.304955
vt 0.405757 0.044250
vt 0.405794 0.072843
vt 0.395710 0.072530
vt 0.404760 0.101820
vt 0.394615 0.101446
vt 0.384021 0.101067
vt 0.385571 0.072103
vt 0.393919 0.130408
vt 0.383120 0.130046
vt 0.594207 0.508304
vt 0.593924 0.483862
vt 0.604502 0.482889
vt 0.375457 0.100791
vt 0.376982 0.071728
vt 0.593563 0.459246
vt 0.604209 0.458345
vt 0.614907 0.459010
vt 0.615293 0.483504
vt 0.603701 0.433711
vt 0.614225 0.434319
vt 0.419676 0.231810
vt 0.419309 0.202846
vt 0.429294 0.202792
vt 0.419035 0.173573
vt 0.429060 0.173535
vt 0.439412 0.173640
vt 0.439459 0.202718
vt 0.448890 0.173665
vt 0.448333 0.202750
vt 0.535363 0.357326
vt 0.534235 0.383143
vt 0.523987 0.382811
vt 0.534412 0.409619
vt 0.522973 0.409337
vt 0.483773 0.295487
vt 0.485385 0.323725
vt 0.475416 0.323423
vt 0.484675 0.266389
vt 0.512477 0.407307
vt 0.522251 0.436012
vt 0.510208 0.433840
vt 0.476404 0.351502
vt 0.464274 0.351478
vt 0.476210 0.380769
vt 0.464062 0.380632
vt 0.452082 0.380527
vt 0.452429 0.351377
vt 0.463702 0.409643
vt 0.451723 0.409522
vt 0.586162 0.444534
vt 0.585160 0.469157
vt 0.573264 0.469215
vt 0.584314 0.491299
vt 0.572393 0.491294
vt 0.560304 0.489771
vt 0.561144 0.467847
vt 0.571298 0.506410
vt 0.559077 0.504775
vt 0.485948 0.029414
vt 0.486450 0.011619
vt 0.498358 0.011665
vt 0.486042 0.002107
vt 0.498164 0.001949
vt 0.510870 0.001975
vt 0.535343 0.008601
vt 0.525984 0.013081
vt 0.523415 0.008527
vt 0.533204 0.003484
vt 0.544467 0.001387
vt 0.520565 0.002254
vt 0.103015 0.900792
vt 0.112827 0.907722
vt 0.110764 0.913816
vt 0.098465 0.905717
vt 0.089593 0.893687
vt 0.095350 0.890232
vt 0.663109 0.425607
vt 0.663662 0.440551
vt 0.657555 0.441597
vt 0.657108 0.425386
vt 0.659525 0.407733
vt 0.665734 0.409667
vt 0.546984 0.320412
vt 0.546959 0.336492
vt 0.540722 0.337060
vt 0.540711 0.320110
vt 0.540496 0.300815
vt 0.547049 0.300960
vt 0.665992 0.392744
vt 0.671476 0.395909
vt 0.113169 0.825917
vt 0.109532 0.810692
vt 0.107547 0.801539
vt 0.081368 0.794537
vt 0.062467 0.795136
vt 0.061768 0.786269
vt 0.080817 0.786900
vt 0.656936 0.539847
vt 0.656361 0.556282
vt 0.649123 0.557801
vt 0.649123 0.541472
vt 0.079797 0.780537
vt 0.102540 0.783400
vt 0.078951 0.775699
vt 0.100434 0.775037
vt 0.120902 0.774109
vt 0.814452 0.727888
vt 0.816078 0.748378
vt 0.808628 0.750302
vt 0.807302 0.730473
vt 0.807236 0.710027
vt 0.814508 0.707169
vt 0.141620 0.773786
vt 0.808753 0.691667
vt 0.815379 0.691916
vt 0.156900 0.774537
vt 0.156376 0.781222
vt 0.178743 0.776707
vt 0.175224 0.783526
vt 0.152597 0.787961
vt 0.168208 0.793451
vt 0.205522 0.787444
vt 0.203472 0.796637
vt 0.226429 0.797315
vt 0.222513 0.802554
vt 0.219774 0.815266
vt 0.229907 0.805293
vt 0.229559 0.818486
vt 0.228493 0.833797
vt 0.218876 0.832405
vt 0.237925 0.820471
vt 0.235362 0.835375
vt 0.303320 0.665763
vt 0.309302 0.668757
vt 0.058718 0.663242
vt 0.043954 0.664056
vt 0.044403 0.655969
vt 0.055899 0.654950
vt 0.063352 0.652886
vt 0.066238 0.660877
vt 0.053472 0.644475
vt 0.059611 0.643394
vt 0.067058 0.640643
vt 0.070649 0.650340
vt 0.073564 0.658165
vt 0.077739 0.654453
vt 0.054337 0.625506
vt 0.061631 0.624193
vt 0.054514 0.604235
vt 0.058438 0.603309
vt 0.066172 0.601944
vt 0.074884 0.576932
vt 0.077256 0.599910
vt 0.087577 0.573639
vt 0.091830 0.596541
vt 0.105836 0.567685
vt 0.111709 0.591387
vt 0.078672 0.551078
vt 0.091500 0.545402
vt 0.067198 0.531315
vt 0.077190 0.523614
vt 0.054749 0.515226
vt 0.062666 0.505148
vt 0.044315 0.507803
vt 0.051488 0.494968
vt 0.036839 0.504742
vt 0.042676 0.489152
vt 0.055684 0.473232
vt 0.036337 0.485721
vt 0.049006 0.469285
vt 0.062073 0.449196
vt 0.069336 0.457855
vt 0.053529 0.446355
vt 0.056440 0.420423
vt 0.063652 0.424439
vt 0.042669 0.465977
vt 0.029468 0.483103
vt 0.025078 0.480030
vt 0.039282 0.465136
vt 0.048519 0.445193
vt 0.949316 0.906093
vt 0.953119 0.908145
vt 0.954342 0.927693
vt 0.949316 0.929228
vt 0.046621 0.419721
vt 0.375395 0.827503
vt 0.379357 0.849256
vt 0.373714 0.850035
vt 0.371724 0.828518
vt 0.035512 0.463647
vt 0.031461 0.462029
vt 0.039244 0.442739
vt 0.044606 0.443809
vt 0.375990 0.869523
vt 0.371724 0.869746
vt 0.024215 0.479870
vt 0.020001 0.478046
vt 0.015073 0.475793
vt 0.026908 0.460277
vt 0.011102 0.490912
vt 0.005915 0.489253
vt 0.010594 0.473399
vt 0.012033 0.506351
vt 0.006672 0.504524
vt 0.001488 0.503028
vt 0.001312 0.487605
vt 0.013352 0.519193
vt 0.007546 0.517960
vt 0.002115 0.516907
vt 0.483482 0.014333
vt 0.476902 0.013448
vt 0.477618 0.001298
vt 0.483780 0.002455
vt 0.008692 0.532016
vt 0.002744 0.531488
vt 0.483225 0.026771
vt 0.476146 0.026008
vt 0.682007 0.623030
vt 0.681429 0.630746
vt 0.666633 0.630732
vt 0.667075 0.623469
vt 0.483170 0.042166
vt 0.475370 0.040912
vt 0.699713 0.622418
vt 0.698974 0.630702
vt 0.698074 0.640392
vt 0.680664 0.639539
vt 0.719927 0.621408
vt 0.720037 0.630270
vt 0.720026 0.640710
vt 0.720075 0.657100
vt 0.696841 0.656221
vt 0.742067 0.629504
vt 0.742726 0.640754
vt 0.743506 0.658296
vt 0.720923 0.679956
vt 0.766253 0.640919
vt 0.765797 0.661850
vt 0.785016 0.641040
vt 0.783111 0.664062
vt 0.773438 0.697894
vt 0.797333 0.640471
vt 0.794920 0.664539
vt 0.790436 0.692144
vt 0.786628 0.717867
vt 0.766674 0.726797
vt 0.803692 0.666105
vt 0.800901 0.691481
vt 0.799047 0.712994
vt 0.799621 0.732769
vt 0.788910 0.735589
vt 0.791447 0.754021
vt 0.778774 0.756296
vt 0.773788 0.739195
vt 0.800795 0.752149
vt 0.802007 0.772235
vt 0.793245 0.773406
vt 0.809741 0.771042
vt 0.810652 0.788630
vt 0.803296 0.788916
vt 0.816577 0.769873
vt 0.816874 0.788322
vt 0.816874 0.799903
vt 0.811340 0.800324
vt 0.060507 0.776088
vt 0.061032 0.780104
vt 0.049746 0.780124
vt 0.048935 0.776543
vt 0.041768 0.780680
vt 0.040770 0.777987
vt 0.050907 0.786310
vt 0.044441 0.786808
vt 0.037058 0.784274
vt 0.052105 0.796263
vt 0.045719 0.796637
vt 0.046181 0.809744
vt 0.041104 0.809782
vt 0.041636 0.829782
vt 0.036693 0.828831
vt 0.036038 0.809247
vt 0.047123 0.830849
vt 0.042647 0.849770
vt 0.032115 0.828224
vt 0.031396 0.809022
vt 0.063726 0.682370
vt 0.064317 0.697432
vt 0.059356 0.697263
vt 0.059151 0.682188
vt 0.059548 0.671265
vt 0.063786 0.671695
vt 0.205006 0.004817
vt 0.218521 0.005011
vt 0.218188 0.009661
vt 0.204607 0.009072
vt 0.195796 0.008248
vt 0.196845 0.003954
vt 0.061427 0.664180
vt 0.064768 0.664602
vt 0.197508 0.362887
vt 0.197017 0.358230
vt 0.204774 0.357993
vt 0.204313 0.363269
vt 0.030691 0.787037
vt 0.034798 0.781519
vt 0.212430 0.359203
vt 0.211030 0.364818
vt 0.205114 0.352596
vt 0.212810 0.353468
vt 0.811493 0.808696
vt 0.804946 0.808578
vt 0.804392 0.800295
vt 0.816602 0.808101
vt 0.797222 0.808346
vt 0.796414 0.800145
vt 0.794707 0.789093
vt 0.786129 0.799675
vt 0.781316 0.788117
vt 0.780928 0.774193
vt 0.787953 0.808023
vt 0.773728 0.807216
vt 0.775796 0.814708
vt 0.754086 0.813424
vt 0.752231 0.805309
vt 0.788986 0.815205
vt 0.205624 0.338771
vt 0.197417 0.339971
vt 0.198012 0.328878
vt 0.206385 0.327419
vt 0.797829 0.815375
vt 0.205370 0.346362
vt 0.197236 0.347429
vt 0.195013 0.020401
vt 0.204050 0.020169
vt 0.203610 0.028574
vt 0.194720 0.029018
vt 0.197036 0.353222
vt 0.195268 0.013694
vt 0.204340 0.014104
vt 0.217600 0.014674
vt 0.216669 0.020121
vt 0.236220 0.020580
vt 0.234653 0.029060
vt 0.215576 0.028308
vt 0.236786 0.015232
vt 0.253285 0.016014
vt 0.254114 0.021992
vt 0.237145 0.010011
vt 0.237626 0.005082
vt 0.267804 0.024401
vt 0.264159 0.016942
vt 0.528781 0.777612
vt 0.534502 0.778774
vt 0.534805 0.786371
vt 0.529958 0.784969
vt 0.417690 0.470978
vt 0.412156 0.467538
vt 0.540967 0.787271
vt 0.540586 0.794404
vt 0.534422 0.793308
vt 0.528781 0.792003
vt 0.540528 0.779564
vt 0.546990 0.779435
vt 0.547226 0.787253
vt 0.533592 0.771600
vt 0.539131 0.771998
vt 0.545658 0.772502
vt 0.456022 0.565732
vt 0.448681 0.564883
vt 0.448681 0.559424
vt 0.455316 0.559732
vt 0.537666 0.764808
vt 0.543957 0.765675
vt 0.278900 0.596666
vt 0.273281 0.591836
vt 0.532233 0.764474
vt 0.037734 0.857962
vt 0.032334 0.855803
vt 0.032216 0.845190
vt 0.037035 0.847247
vt 0.043926 0.857950
vt 0.504173 0.781813
vt 0.513644 0.782390
vt 0.449647 0.552982
vt 0.455367 0.553580
vt 0.504277 0.775237
vt 0.514403 0.775637
vt 0.526022 0.775209
vt 0.525817 0.782035
vt 0.962273 0.398391
vt 0.955451 0.399502
vt 0.962273 0.405211
vt 0.955425 0.406565
vt 0.948967 0.408293
vt 0.948917 0.400294
vt 0.962203 0.411073
vt 0.955165 0.413521
vt 0.948857 0.417514
vt 0.036348 0.887509
vt 0.035681 0.903307
vt 0.030411 0.905338
vt 0.030833 0.889103
vt 0.943305 0.417690
vt 0.943020 0.409036
vt 0.042643 0.885580
vt 0.041920 0.899206
vt 0.035744 0.925062
vt 0.029834 0.925877
vt 0.041910 0.924162
vt 0.043646 0.942653
vt 0.036692 0.943042
vt 0.049857 0.921491
vt 0.052526 0.942476
vt 0.030132 0.943178
vt 0.353000 0.001678
vt 0.363822 0.001612
vt 0.364137 0.007276
vt 0.353019 0.007512
vt 0.336365 0.007253
vt 0.335698 0.001633
vt 0.353119 0.015412
vt 0.336848 0.015675
vt 0.315162 0.001612
vt 0.319530 0.015580
vt 0.337288 0.025388
vt 0.317697 0.026397
vt 0.302067 0.029452
vt 0.303746 0.018298
vt 0.295425 0.028409
vt 0.295638 0.019238
vt 0.295714 0.011238
vt 0.942406 0.401049
vt 0.942846 0.391867
vt 0.949293 0.391821
vt 0.944701 0.383212
vt 0.949956 0.383426
vt 0.316637 0.797687
vt 0.316036 0.813022
vt 0.321095 0.824719
vt 0.315060 0.824310
vt 0.339071 0.039452
vt 0.318230 0.039427
vt 0.296581 0.039877
vt 0.342221 0.060912
vt 0.322756 0.059111
vt 0.299372 0.056845
vt 0.326465 0.082717
vt 0.301169 0.079769
vt 0.275565 0.078579
vt 0.302693 0.105688
vt 0.275570 0.104958
vt 0.248200 0.106239
vt 0.249959 0.080987
vt 0.224451 0.108227
vt 0.226278 0.083565
vt 0.229008 0.060101
vt 0.210280 0.085155
vt 0.211981 0.061486
vt 0.213907 0.041080
vt 0.231938 0.041288
vt 0.201409 0.062538
vt 0.202774 0.041206
vt 0.192524 0.063462
vt 0.193972 0.041763
vt 0.200051 0.086076
vt 0.191295 0.086714
vt 0.199244 0.309973
vt 0.200572 0.289952
vt 0.209341 0.289760
vt 0.207945 0.308917
vt 0.201444 0.268789
vt 0.210152 0.268478
vt 0.731413 0.812037
vt 0.706500 0.811349
vt 0.704968 0.803795
vt 0.730761 0.804234
vt 0.729670 0.796731
vt 0.728499 0.788980
vt 0.703990 0.785630
vt 0.727130 0.784234
vt 0.692360 0.593400
vt 0.697794 0.592363
vt 0.901722 0.504848
vt 0.902042 0.481716
vt 0.907274 0.481943
vt 0.907377 0.503783
vt 0.907607 0.518552
vt 0.902625 0.519760
vt 0.913674 0.503049
vt 0.907389 0.526588
vt 0.903390 0.527399
vt 0.962385 0.131626
vt 0.964026 0.122736
vt 0.970203 0.123232
vt 0.966351 0.132180
vt 0.959227 0.110630
vt 0.965282 0.110540
vt 0.970203 0.110365
vt 0.953151 0.110715
vt 0.796538 0.549222
vt 0.795931 0.555157
vt 0.785117 0.552578
vt 0.785250 0.548740
vt 0.826730 0.747762
vt 0.831266 0.748531
vt 0.832151 0.765976
vt 0.825893 0.765187
vt 0.819651 0.764284
vt 0.821494 0.746907
vt 0.832736 0.787026
vt 0.826466 0.786904
vt 0.819651 0.786569
vt 0.826561 0.804482
vt 0.820033 0.803899
vt 0.482729 0.503902
vt 0.478271 0.502911
vt 0.706982 0.747615
vt 0.706778 0.740046
vt 0.689804 0.731788
vt 0.705911 0.730851
vt 0.727938 0.729148
vt 0.702097 0.715786
vt 0.726439 0.716214
vt 0.745944 0.726560
vt 0.756530 0.723135
vt 0.722796 0.698944
vt 0.694441 0.677764
vt 0.679708 0.676485
vt 0.680177 0.654689
vt 0.668446 0.673254
vt 0.668005 0.653545
vt 0.666810 0.639085
vt 0.651542 0.653161
vt 0.650352 0.639313
vt 0.651262 0.630808
vt 0.635495 0.631032
vt 0.636769 0.623924
vt 0.652656 0.623880
vt 0.622112 0.632512
vt 0.621887 0.625449
vt 0.622293 0.619575
vt 0.638572 0.618859
vt 0.653994 0.618454
vt 0.589436 0.733847
vt 0.594038 0.733777
vt 0.594267 0.751321
vt 0.589436 0.752128
vt 0.359530 0.711731
vt 0.359530 0.725252
vt 0.354750 0.726992
vt 0.354546 0.714094
vt 0.007240 0.471390
vt 0.668832 0.227171
vt 0.664462 0.227264
vt 0.663065 0.209594
vt 0.668078 0.209680
vt 0.023127 0.459031
vt 0.029706 0.441608
vt 0.033715 0.442103
vt 0.544134 0.449413
vt 0.538843 0.448670
vt 0.538878 0.429913
vt 0.544583 0.430449
vt 0.034027 0.419775
vt 0.039414 0.419828
vt 0.033400 0.397660
vt 0.039041 0.397504
vt 0.044344 0.397278
vt 0.044723 0.419925
vt 0.038841 0.376109
vt 0.044194 0.375423
vt 0.449064 0.274757
vt 0.449069 0.252901
vt 0.454700 0.252175
vt 0.454498 0.274563
vt 0.454209 0.297198
vt 0.449186 0.297406
vt 0.046286 0.397089
vt 0.046201 0.374702
vt 0.064962 0.370129
vt 0.066635 0.395350
vt 0.088743 0.364786
vt 0.091229 0.386800
vt 0.186154 0.114926
vt 0.186374 0.118593
vt 0.185438 0.118962
vt 0.185438 0.114443
vt 0.001094 0.107066
vt 0.001181 0.102668
vt 0.001143 0.102506
vt 0.001195 0.106958
vt 0.001094 0.102294
vt 0.001322 0.106824
vt 0.001785 0.054194
vt 0.002138 0.049689
vt 0.001785 0.049385
vt 0.002644 0.053967
vt 0.077301 0.406962
vt 0.085822 0.422152
vt 0.076941 0.423832
vt 0.066856 0.352537
vt 0.115563 0.359823
vt 0.131169 0.340386
vt 0.046178 0.355243
vt 0.454470 0.232716
vt 0.449064 0.233418
vt 0.045427 0.337996
vt 0.038843 0.341155
vt 0.038911 0.331413
vt 0.044352 0.331004
vt 0.044293 0.355939
vt 0.038796 0.356930
vt 0.033198 0.357715
vt 0.033315 0.342506
vt 0.033145 0.376722
vt 0.543850 0.393589
vt 0.537955 0.393658
vt 0.538135 0.377505
vt 0.543939 0.377434
vt 0.544153 0.411417
vt 0.538298 0.411103
vt 0.667884 0.165828
vt 0.662236 0.165925
vt 0.661788 0.145717
vt 0.667560 0.145308
vt 0.668190 0.187762
vt 0.662991 0.187619
vt 0.657145 0.187424
vt 0.655990 0.166052
vt 0.657619 0.209904
vt 0.659154 0.228331
vt 0.652419 0.229994
vt 0.655438 0.145741
vt 0.655782 0.127420
vt 0.662124 0.126963
vt 0.656995 0.112343
vt 0.662902 0.111768
vt 0.668167 0.111286
vt 0.667805 0.126465
vt 0.663600 0.101091
vt 0.668480 0.100693
vt 0.538612 0.364565
vt 0.539016 0.355531
vt 0.544360 0.355767
vt 0.544241 0.364451
vt 0.539339 0.347647
vt 0.544583 0.348254
vt 0.033544 0.332161
vt 0.033654 0.323352
vt 0.039006 0.323322
vt 0.033702 0.312749
vt 0.039065 0.313091
vt 0.044003 0.313663
vt 0.044012 0.323428
vt 0.215454 0.301224
vt 0.215441 0.310992
vt 0.210300 0.310347
vt 0.210364 0.301180
vt 0.210988 0.295669
vt 0.215116 0.293652
vt 0.215376 0.325698
vt 0.210308 0.324834
vt 0.325164 0.677393
vt 0.325164 0.691876
vt 0.320570 0.690958
vt 0.320898 0.676451
vt 0.047149 0.315275
vt 0.047245 0.300764
vt 0.052640 0.301693
vt 0.051909 0.316639
vt 0.047188 0.324014
vt 0.047640 0.283100
vt 0.053181 0.283922
vt 0.048633 0.263511
vt 0.054643 0.264521
vt 0.062092 0.266072
vt 0.057174 0.243098
vt 0.069522 0.245903
vt 0.088075 0.247335
vt 0.069576 0.221402
vt 0.086934 0.221926
vt 0.111975 0.222632
vt 0.112924 0.246078
vt 0.127249 0.223312
vt 0.127980 0.245776
vt 0.110744 0.199398
vt 0.126555 0.199413
vt 0.109104 0.178300
vt 0.125590 0.179552
vt 0.108342 0.156516
vt 0.124686 0.158424
vt 0.108908 0.133996
vt 0.124621 0.136609
vt 0.110811 0.113205
vt 0.124628 0.117943
vt 0.135716 0.121978
vt 0.113368 0.094105
vt 0.125775 0.098419
vt 0.136165 0.099991
vt 0.119597 0.076845
vt 0.128059 0.077527
vt 0.135829 0.077521
vt 0.464708 0.020786
vt 0.465134 0.001815
vt 0.473109 0.005682
vt 0.473083 0.020491
vt 0.142063 0.077573
vt 0.142148 0.060916
vt 0.149203 0.055452
vt 0.148377 0.077614
vt 0.154794 0.077869
vt 0.162853 0.077946
vt 0.164761 0.104660
vt 0.172308 0.078038
vt 0.173506 0.105101
vt 0.175339 0.134202
vt 0.166848 0.134106
vt 0.176381 0.161355
vt 0.167976 0.161135
vt 0.176803 0.186020
vt 0.168209 0.184783
vt 0.173286 0.206911
vt 0.165315 0.204664
vt 0.162891 0.227367
vt 0.156980 0.226105
vt 0.157084 0.246017
vt 0.152030 0.245868
vt 0.158058 0.264959
vt 0.152932 0.265828
vt 0.159052 0.285248
vt 0.193778 0.198965
vt 0.197189 0.216776
vt 0.191991 0.217900
vt 0.188721 0.199899
vt 0.186041 0.182220
vt 0.191309 0.181250
vt 0.701030 0.154565
vt 0.701512 0.174469
vt 0.696193 0.175177
vt 0.695461 0.155614
vt 0.695040 0.135346
vt 0.700823 0.135061
vt 0.705843 0.134721
vt 0.705683 0.153535
vt 0.694538 0.115343
vt 0.700552 0.115983
vt 0.705840 0.116668
vt 0.693968 0.094533
vt 0.699987 0.095353
vt 0.705624 0.096229
vt 0.693154 0.073353
vt 0.699447 0.073985
vt 0.705241 0.074655
vt 0.462407 0.055543
vt 0.456367 0.055089
vt 0.699177 0.052422
vt 0.705180 0.053162
vt 0.462631 0.074658
vt 0.456726 0.074092
vt 0.157152 0.405246
vt 0.462343 0.092566
vt 0.456081 0.091752
vt 0.157031 0.425168
vt 0.151015 0.424643
vt 0.461998 0.107066
vt 0.455896 0.106983
vt 0.705676 0.016788
vt 0.705359 0.033100
vt 0.699267 0.032312
vt 0.699691 0.016245
vt 0.700204 0.003795
vt 0.705843 0.003645
vt 0.694255 0.927798
vt 0.699695 0.930549
vt 0.693394 0.015261
vt 0.693672 0.003375
vt 0.692510 0.915830
vt 0.687126 0.915639
vt 0.686409 0.904254
vt 0.692412 0.903700
vt 0.683882 0.891485
vt 0.690954 0.891018
vt 0.683734 0.877918
vt 0.691586 0.877992
vt 0.805117 0.817674
vt 0.812756 0.816050
vt 0.799082 0.819219
vt 0.679150 0.904470
vt 0.681656 0.915536
vt 0.692797 0.031201
vt 0.685680 0.029245
vt 0.692460 0.051379
vt 0.685403 0.050290
vt 0.677927 0.047668
vt 0.677900 0.025678
vt 0.350278 0.314589
vt 0.345317 0.311771
vt 0.346790 0.302214
vt 0.350278 0.302635
vt 0.760591 0.164089
vt 0.762224 0.175465
vt 0.756041 0.176434
vt 0.754461 0.167429
vt 0.768180 0.174010
vt 0.769200 0.183410
vt 0.774598 0.174119
vt 0.769456 0.189846
vt 0.038900 0.690714
vt 0.040953 0.697698
vt 0.033439 0.697969
vt 0.032764 0.691400
vt 0.638431 0.591345
vt 0.633249 0.591577
vt 0.765306 0.155907
vt 0.772742 0.155892
vt 0.779210 0.156914
vt 0.780307 0.174855
vt 0.505944 0.716636
vt 0.506121 0.699346
vt 0.510216 0.701276
vt 0.510161 0.716963
vt 0.510216 0.725670
vt 0.506177 0.725594
vt 0.873249 0.026925
vt 0.866839 0.026218
vt 0.866992 0.015772
vt 0.860223 0.025208
vt 0.860565 0.015263
vt 0.861296 0.006990
vt 0.867592 0.007357
vt 0.054544 0.681470
vt 0.054379 0.686926
vt 0.045420 0.686945
vt 0.045859 0.681388
vt 0.851460 0.014660
vt 0.853776 0.006919
vt 0.054551 0.693488
vt 0.046124 0.693317
vt 0.851561 0.023888
vt 0.838362 0.021910
vt 0.861210 0.042071
vt 0.852755 0.038380
vt 0.842354 0.035057
vt 0.847886 0.059054
vt 0.851049 0.082443
vt 0.841291 0.081792
vt 0.837175 0.056641
vt 0.829249 0.033045
vt 0.832275 0.051701
vt 0.826280 0.036792
vt 0.766646 0.185466
vt 0.766646 0.200914
vt 0.764356 0.198582
vt 0.766369 0.185626
vt 0.687318 0.225802
vt 0.700141 0.227364
vt 0.699830 0.232240
vt 0.685403 0.235064
vt 0.670722 0.244582
vt 0.669526 0.233735
vt 0.684403 0.242284
vt 0.817579 0.502740
vt 0.817163 0.487282
vt 0.823949 0.488235
vt 0.824483 0.503324
vt 0.823484 0.519417
vt 0.815927 0.516193
vt 0.833271 0.503700
vt 0.833511 0.519469
vt 0.919826 0.026517
vt 0.919646 0.036607
vt 0.922619 0.018610
vt 0.841313 0.503666
vt 0.841903 0.513988
vt 0.613557 0.257329
vt 0.608898 0.257995
vt 0.832299 0.488756
vt 0.840506 0.489206
vt 0.847582 0.489460
vt 0.848831 0.502239
vt 0.855616 0.489325
vt 0.856609 0.501051
vt 0.864028 0.489181
vt 0.864468 0.500522
vt 0.864924 0.508935
vt 0.871739 0.500181
vt 0.871585 0.508991
vt 0.871707 0.516658
vt 0.865410 0.515782
vt 0.749659 0.830220
vt 0.749829 0.836538
vt 0.742642 0.836842
vt 0.744198 0.830729
vt 0.745621 0.823808
vt 0.749908 0.823116
vt 0.957610 0.589131
vt 0.959198 0.595362
vt 0.949989 0.599833
vt 0.951272 0.591323
vt 0.950959 0.583402
vt 0.956826 0.582121
vt 0.950474 0.575406
vt 0.946610 0.594969
vt 0.945020 0.585592
vt 0.944974 0.576373
vt 0.938913 0.577404
vt 0.932114 0.578021
vt 0.932284 0.568678
vt 0.925051 0.578041
vt 0.925356 0.568112
vt 0.918290 0.577934
vt 0.918690 0.567537
vt 0.911272 0.577905
vt 0.911639 0.567491
vt 0.903885 0.578897
vt 0.903998 0.567666
vt 0.938880 0.781676
vt 0.932061 0.781974
vt 0.932870 0.773403
vt 0.939802 0.773234
vt 0.932294 0.767522
vt 0.939098 0.766872
vt 0.873485 0.598235
vt 0.866618 0.598790
vt 0.858851 0.598480
vt 0.852831 0.608200
vt 0.850403 0.598277
vt 0.854968 0.617719
vt 0.847622 0.619737
vt 0.845044 0.609884
vt 0.841179 0.599480
vt 0.839430 0.622905
vt 0.836102 0.613775
vt 0.830134 0.604530
vt 0.831054 0.626522
vt 0.828235 0.636396
vt 0.823479 0.629482
vt 0.820156 0.637561
vt 0.816413 0.631335
vt 0.812707 0.624988
vt 0.358558 0.213834
vt 0.363496 0.214183
vt 0.363496 0.220741
vt 0.359364 0.219819
vt 0.197800 0.366158
vt 0.202236 0.366544
vt 0.202236 0.372242
vt 0.196501 0.372748
vt 0.856315 0.626530
vt 0.863591 0.633245
vt 0.857674 0.635106
vt 0.858966 0.642987
vt 0.859721 0.649756
vt 0.852002 0.649601
vt 0.859803 0.655591
vt 0.851771 0.654954
vt 0.844158 0.654478
vt 0.845018 0.649393
vt 0.837883 0.653976
vt 0.839941 0.648927
vt 0.841875 0.644579
vt 0.635568 0.018955
vt 0.635848 0.025222
vt 0.631277 0.024117
vt 0.630932 0.016961
vt 0.635312 0.012477
vt 0.625476 0.023243
vt 0.625350 0.015566
vt 0.946131 0.614147
vt 0.938464 0.615714
vt 0.631614 0.032277
vt 0.625968 0.032021
vt 0.929734 0.617516
vt 0.631786 0.040552
vt 0.625797 0.040457
vt 0.890895 0.635134
vt 0.895810 0.635504
vt 0.895884 0.642918
vt 0.891015 0.642765
vt 0.632032 0.048374
vt 0.625923 0.048395
vt 0.890882 0.627053
vt 0.895621 0.627785
vt 0.896182 0.650327
vt 0.890882 0.650299
vt 0.632026 0.056111
vt 0.626131 0.056303
vt 0.637109 0.055944
vt 0.635999 0.063675
vt 0.636191 0.032839
vt 0.869117 0.631483
vt 0.874279 0.624177
vt 0.874431 0.630268
vt 0.918806 0.589782
vt 0.912394 0.589484
vt 0.905783 0.589640
vt 0.722844 0.610944
vt 0.726992 0.607037
vt 0.726992 0.615192
vt 0.720456 0.615960
vt 0.958959 0.601943
vt 0.877838 0.499723
vt 0.871708 0.489142
vt 0.878319 0.488740
vt 0.885355 0.487921
vt 0.884615 0.499106
vt 0.892617 0.487017
vt 0.891739 0.497738
vt 0.898046 0.486188
vt 0.897485 0.496511
vt 0.897721 0.504024
vt 0.246101 0.745768
vt 0.254825 0.746853
vt 0.255254 0.753492
vt 0.246421 0.752443
vt 0.407627 0.167611
vt 0.408103 0.157054
vt 0.411507 0.155926
vt 0.411448 0.166895
vt 0.411251 0.174229
vt 0.407589 0.174478
vt 0.191233 0.773271
vt 0.180333 0.772041
vt 0.179656 0.766259
vt 0.191120 0.767903
vt 0.199292 0.769358
vt 0.198463 0.774633
vt 0.191207 0.761339
vt 0.199908 0.762665
vt 0.204953 0.774984
vt 0.191398 0.754776
vt 0.200599 0.755963
vt 0.208172 0.756717
vt 0.201515 0.749538
vt 0.209233 0.749906
vt 0.216243 0.749719
vt 0.214730 0.757107
vt 0.209662 0.743504
vt 0.216776 0.743661
vt 0.738708 0.866788
vt 0.732590 0.867103
vt 0.733571 0.855660
vt 0.209504 0.737427
vt 0.215845 0.736581
vt 0.508894 0.934646
vt 0.504199 0.938618
vt 0.500955 0.930089
vt 0.508894 0.922626
vt 0.508277 0.944707
vt 0.504779 0.948390
vt 0.500267 0.942626
vt 0.495901 0.935707
vt 0.890029 0.108388
vt 0.886440 0.099771
vt 0.498779 0.947432
vt 0.491197 0.939705
vt 0.486238 0.927670
vt 0.492966 0.926635
vt 0.485516 0.915080
vt 0.491921 0.917310
vt 0.503605 0.951698
vt 0.208863 0.732581
vt 0.202263 0.737434
vt 0.202476 0.732075
vt 0.163263 0.358856
vt 0.163128 0.365276
vt 0.158829 0.365420
vt 0.159546 0.359327
vt 0.163686 0.374848
vt 0.158918 0.374836
vt 0.347083 0.362191
vt 0.347784 0.354253
vt 0.354313 0.355141
vt 0.353360 0.362946
vt 0.352819 0.367461
vt 0.345498 0.367183
vt 0.164495 0.392595
vt 0.159667 0.392927
vt 0.348688 0.339169
vt 0.355239 0.340975
vt 0.350403 0.323503
vt 0.357254 0.322868
vt 0.006249 0.394271
vt 0.007811 0.372829
vt 0.013675 0.372697
vt 0.009470 0.355924
vt 0.015055 0.353327
vt 0.021314 0.350519
vt 0.020459 0.373227
vt 0.027069 0.369272
vt 0.026403 0.391354
vt 0.015784 0.341480
vt 0.010172 0.342682
vt 0.010949 0.331407
vt 0.016437 0.332026
vt 0.360842 0.288089
vt 0.355080 0.287533
vt 0.356514 0.276407
vt 0.361718 0.278785
vt 0.360105 0.297510
vt 0.354278 0.298535
vt 0.351226 0.274672
vt 0.352678 0.260613
vt 0.357940 0.262527
vt 0.362174 0.265542
vt 0.349432 0.287289
vt 0.519469 0.492254
vt 0.519209 0.504781
vt 0.515521 0.506251
vt 0.515521 0.492352
vt 0.539619 0.453846
vt 0.543336 0.453342
vt 0.543367 0.469816
vt 0.538971 0.468943
vt 0.348099 0.300248
vt 0.098340 0.723093
vt 0.097074 0.728155
vt 0.079901 0.725152
vt 0.081895 0.720390
vt 0.542951 0.486473
vt 0.538019 0.485128
vt 0.114716 0.724847
vt 0.114604 0.730494
vt 0.114887 0.735502
vt 0.096013 0.733618
vt 0.129625 0.727971
vt 0.095122 0.739131
vt 0.075766 0.736448
vt 0.077935 0.730888
vt 0.114339 0.741332
vt 0.113458 0.746938
vt 0.094083 0.744114
vt 0.092791 0.749401
vt 0.073973 0.741829
vt 0.112308 0.752565
vt 0.110789 0.758265
vt 0.091311 0.754913
vt 0.131507 0.755229
vt 0.129999 0.761105
vt 0.128752 0.766629
vt 0.109164 0.763784
vt 0.148146 0.756409
vt 0.147472 0.762643
vt 0.146823 0.768374
vt 0.411708 0.122217
vt 0.408406 0.122202
vt 0.408346 0.103524
vt 0.411643 0.104063
vt 0.163635 0.764315
vt 0.164142 0.770218
vt 0.411647 0.139634
vt 0.408291 0.140586
vt 0.269046 0.754435
vt 0.268866 0.747974
vt 0.285049 0.749019
vt 0.284466 0.755340
vt 0.285017 0.742951
vt 0.301551 0.743836
vt 0.301131 0.749575
vt 0.300112 0.756071
vt 0.268107 0.741965
vt 0.893505 0.470475
vt 0.886004 0.471262
vt 0.886763 0.450584
vt 0.893689 0.450487
vt 0.898500 0.469642
vt 0.879080 0.450659
vt 0.881233 0.429118
vt 0.887255 0.429960
vt 0.893497 0.430641
vt 0.878635 0.471870
vt 0.263707 0.728412
vt 0.263012 0.720680
vt 0.281488 0.723095
vt 0.280901 0.730817
vt 0.871761 0.472177
vt 0.873425 0.450693
vt 0.865155 0.450282
vt 0.868438 0.428475
vt 0.876016 0.428777
vt 0.300269 0.726734
vt 0.299951 0.733087
vt 0.863877 0.472263
vt 0.855106 0.472143
vt 0.855408 0.449788
vt 0.845035 0.449569
vt 0.845734 0.429336
vt 0.858321 0.429031
vt 0.846332 0.471628
vt 0.838986 0.471186
vt 0.836493 0.449693
vt 0.827887 0.450074
vt 0.824639 0.429033
vt 0.834048 0.428644
vt 0.830528 0.470570
vt 0.822216 0.469927
vt 0.819438 0.450719
vt 0.716823 0.240519
vt 0.714549 0.232492
vt 0.731478 0.227930
vt 0.734245 0.235961
vt 0.818021 0.430604
vt 0.699761 0.245755
vt 0.700053 0.238835
vt 0.710399 0.224125
vt 0.816356 0.469301
vt 0.727874 0.219527
vt 0.542964 0.228672
vt 0.542964 0.214713
vt 0.545905 0.217153
vt 0.545846 0.227665
vt 0.749603 0.225717
vt 0.750859 0.232930
vt 0.817672 0.411565
vt 0.823612 0.411604
vt 0.767588 0.224696
vt 0.766782 0.232784
vt 0.787962 0.217869
vt 0.788828 0.228597
vt 0.835876 0.148103
vt 0.838666 0.148523
vt 0.828924 0.169770
vt 0.726345 0.240133
vt 0.740210 0.256988
vt 0.950376 0.617832
vt 0.950376 0.641074
vt 0.946718 0.637931
vt 0.950148 0.617319
vt 0.833253 0.127714
vt 0.846737 0.126095
vt 0.848623 0.149092
vt 0.769113 0.218782
vt 0.747829 0.217869
vt 0.827645 0.106007
vt 0.843422 0.104452
vt 0.853262 0.103462
vt 0.854779 0.126194
vt 0.825831 0.083935
vt 0.860566 0.126868
vt 0.860592 0.149456
vt 0.855258 0.149388
vt 0.861414 0.171925
vt 0.854702 0.173079
vt 0.860730 0.187275
vt 0.852441 0.187969
vt 0.860690 0.197356
vt 0.851791 0.196946
vt 0.861435 0.206030
vt 0.853070 0.205262
vt 0.863152 0.213227
vt 0.854420 0.212592
vt 0.818231 0.248153
vt 0.819425 0.239443
vt 0.540618 0.558003
vt 0.532688 0.561766
vt 0.532703 0.552046
vt 0.540316 0.549422
vt 0.822973 0.258650
vt 0.828767 0.259212
vt 0.827204 0.268898
vt 0.821544 0.268668
vt 0.532688 0.543802
vt 0.539743 0.540972
vt 0.826121 0.278710
vt 0.821173 0.278681
vt 0.718621 0.336977
vt 0.717733 0.344776
vt 0.710922 0.345209
vt 0.711054 0.337297
vt 0.724348 0.345160
vt 0.723634 0.354243
vt 0.717742 0.353880
vt 0.711335 0.354243
vt 0.811458 0.210647
vt 0.810560 0.205823
vt 0.818668 0.302689
vt 0.812416 0.304224
vt 0.811112 0.293691
vt 0.816549 0.292481
vt 0.798191 0.211515
vt 0.797735 0.208590
vt 0.796850 0.919031
vt 0.791287 0.919324
vt 0.792327 0.906216
vt 0.799003 0.906121
vt 0.785546 0.211216
vt 0.785280 0.206411
vt 0.797573 0.931431
vt 0.791504 0.932214
vt 0.785184 0.933161
vt 0.785019 0.920240
vt 0.798647 0.941966
vt 0.792662 0.943155
vt 0.786549 0.944147
vt 0.779488 0.944929
vt 0.778105 0.934063
vt 0.794373 0.951069
vt 0.788287 0.952390
vt 0.780514 0.952856
vt 0.768933 0.952184
vt 0.768799 0.944877
vt 0.789791 0.959030
vt 0.780873 0.959783
vt 0.769285 0.959112
vt 0.754018 0.959662
vt 0.753337 0.952561
vt 0.610809 0.125115
vt 0.611159 0.114379
vt 0.618604 0.114235
vt 0.618549 0.125571
vt 0.882350 0.146583
vt 0.884861 0.161744
vt 0.737947 0.955390
vt 0.738026 0.947774
vt 0.753452 0.945572
vt 0.737206 0.963059
vt 0.729370 0.957418
vt 0.889686 0.177835
vt 0.896223 0.178399
vt 0.901918 0.192983
vt 0.895057 0.189677
vt 0.728514 0.949467
vt 0.724440 0.940732
vt 0.719623 0.939813
vt 0.720623 0.932833
vt 0.726127 0.931995
vt 0.721102 0.925735
vt 0.726851 0.923963
vt 0.720870 0.917785
vt 0.726549 0.915388
vt 0.718646 0.909747
vt 0.724120 0.906573
vt 0.714092 0.902585
vt 0.719523 0.897675
vt 0.727125 0.894620
vt 0.714408 0.889779
vt 0.724099 0.885400
vt 0.924934 0.038091
vt 0.935119 0.040303
vt 0.933532 0.048566
vt 0.922825 0.046948
vt 0.725670 0.828771
vt 0.716475 0.828771
vt 0.716517 0.815722
vt 0.724885 0.815496
vt 0.016647 0.851622
vt 0.015038 0.861816
vt 0.003381 0.859180
vt 0.004232 0.850779
vt 0.004610 0.839492
vt 0.913747 0.055662
vt 0.922998 0.058095
vt 0.898330 0.051764
vt 0.005602 0.821307
vt 0.712204 0.303079
vt 0.703027 0.301639
vt 0.710178 0.289665
vt 0.716705 0.290894
vt 0.723668 0.292852
vt 0.719295 0.304015
vt 0.698568 0.299518
vt 0.704852 0.288193
vt 0.707146 0.278835
vt 0.700737 0.286254
vt 0.703437 0.278568
vt 0.702251 0.267798
vt 0.705919 0.267875
vt 0.406261 0.931848
vt 0.407115 0.911395
vt 0.698568 0.250234
vt 0.393066 0.947488
vt 0.378749 0.951698
vt 0.378001 0.946038
vt 0.360277 0.941959
vt 0.362979 0.936084
vt 0.377570 0.939289
vt 0.357990 0.946668
vt 0.376788 0.927420
vt 0.388284 0.927504
vt 0.348844 0.930277
vt 0.353581 0.925161
vt 0.344590 0.931704
vt 0.362777 0.731188
vt 0.363496 0.736285
vt 0.341983 0.736708
vt 0.344590 0.905802
vt 0.350975 0.898230
vt 0.015307 0.930318
vt 0.015862 0.954342
vt 0.012178 0.954158
vt 0.010586 0.929419
vt 0.340164 0.741455
vt 0.318878 0.740079
vt 0.319088 0.734777
vt 0.883867 0.408425
vt 0.888965 0.409382
vt 0.338320 0.745999
vt 0.318470 0.745017
vt 0.893821 0.410621
vt 0.336538 0.751050
vt 0.317665 0.750273
vt 0.335610 0.755825
vt 0.316718 0.756071
vt 0.407725 0.083780
vt 0.408889 0.063388
vt 0.412403 0.063183
vt 0.411764 0.084283
vt 0.407589 0.037999
vt 0.411073 0.035106
vt 0.088349 0.759976
vt 0.060310 0.758182
vt 0.358102 0.750927
vt 0.356899 0.755305
vt 0.935287 0.091378
vt 0.930607 0.073474
vt 0.001795 0.951486
vt 0.001795 0.927160
vt 0.006100 0.928422
vt 0.006801 0.953382
vt 0.931057 0.059558
vt 0.940665 0.057433
vt 0.351832 0.826592
vt 0.341447 0.834804
vt 0.346187 0.811029
vt 0.943294 0.049780
vt 0.943767 0.042403
vt 0.708837 0.895675
vt 0.714175 0.913588
vt 0.709523 0.908838
vt 0.715981 0.920111
vt 0.820691 0.040115
vt 0.825734 0.039440
vt 0.825906 0.045326
vt 0.820801 0.046421
vt 0.716057 0.927093
vt 0.712089 0.928432
vt 0.712255 0.921867
vt 0.088853 0.646905
vt 0.085040 0.649243
vt 0.083458 0.641608
vt 0.087783 0.640389
vt 0.714950 0.933236
vt 0.710169 0.933982
vt 0.577924 0.531039
vt 0.582066 0.529498
vt 0.582915 0.536351
vt 0.578213 0.537098
vt 0.083573 0.634086
vt 0.087818 0.634038
vt 0.575460 0.525356
vt 0.579706 0.523019
vt 0.901830 0.317534
vt 0.897799 0.318123
vt 0.896577 0.308803
vt 0.900751 0.308505
vt 0.679700 0.595439
vt 0.680729 0.600218
vt 0.673691 0.602742
vt 0.671563 0.597381
vt 0.671200 0.590691
vt 0.680729 0.590977
vt 0.899483 0.329498
vt 0.892705 0.329836
vt 0.892114 0.318634
vt 0.645040 0.555603
vt 0.638326 0.556479
vt 0.900720 0.340866
vt 0.886370 0.319112
vt 0.886084 0.309426
vt 0.891407 0.309040
vt 0.885485 0.330400
vt 0.877966 0.331259
vt 0.875768 0.342989
vt 0.868060 0.344701
vt 0.868806 0.333158
vt 0.874477 0.352920
vt 0.867256 0.354296
vt 0.860109 0.335193
vt 0.851160 0.337252
vt 0.842555 0.337524
vt 0.842910 0.326930
vt 0.841282 0.348231
vt 0.835656 0.327658
vt 0.836026 0.316148
vt 0.842371 0.315870
vt 0.834909 0.337961
vt 0.828227 0.338450
vt 0.829050 0.328173
vt 0.834272 0.346950
vt 0.827880 0.346737
vt 0.821937 0.346464
vt 0.822649 0.338513
vt 0.834059 0.353103
vt 0.827867 0.353586
vt 0.821391 0.353293
vt 0.805545 0.254334
vt 0.813724 0.254169
vt 0.812837 0.259665
vt 0.805634 0.259908
vt 0.828278 0.359796
vt 0.820941 0.359821
vt 0.805367 0.249025
vt 0.814657 0.249421
vt 0.805037 0.243617
vt 0.814577 0.242782
vt 0.834857 0.358816
vt 0.757105 0.212897
vt 0.758973 0.206947
vt 0.765744 0.208727
vt 0.764797 0.213905
vt 0.811961 0.265900
vt 0.805620 0.266411
vt 0.774462 0.209959
vt 0.774130 0.214834
vt 0.811089 0.273598
vt 0.805297 0.274638
vt 0.810601 0.283253
vt 0.805171 0.284499
vt 0.823814 0.328563
vt 0.825083 0.316643
vt 0.830096 0.316436
vt 0.825700 0.303703
vt 0.830833 0.303629
vt 0.836591 0.303754
vt 0.831518 0.290896
vt 0.838070 0.291426
vt 0.844658 0.292907
vt 0.842614 0.304087
vt 0.839254 0.280571
vt 0.847012 0.282065
vt 0.832266 0.279541
vt 0.833060 0.269525
vt 0.825866 0.290423
vt 0.805833 0.294935
vt 0.806644 0.305336
vt 0.816004 0.282603
vt 0.785803 0.215454
vt 0.774699 0.204964
vt 0.766733 0.203821
vt 0.799594 0.949895
vt 0.761085 0.202307
vt 0.800377 0.955501
vt 0.795782 0.956863
vt 0.801013 0.959376
vt 0.796306 0.960905
vt 0.790541 0.964011
vt 0.617616 0.105894
vt 0.610809 0.106622
vt 0.880412 0.125003
vt 0.880848 0.118892
vt 0.886637 0.117288
vt 0.888778 0.122921
vt 0.879930 0.114265
vt 0.883574 0.113091
vt 0.893803 0.109200
vt 0.885377 0.300168
vt 0.891211 0.299605
vt 0.896823 0.299582
vt 0.891207 0.289817
vt 0.898062 0.289427
vt 0.903216 0.290034
vt 0.901091 0.299847
vt 0.898559 0.278628
vt 0.905441 0.278536
vt 0.582100 0.544932
vt 0.580942 0.554749
vt 0.572803 0.555933
vt 0.575796 0.545164
vt 0.001174 0.776685
vt 0.006363 0.764648
vt 0.570276 0.543917
vt 0.574201 0.536472
vt 0.582915 0.564451
vt 0.572974 0.565732
vt 0.008898 0.752695
vt 0.001174 0.750661
vt 0.001766 0.738570
vt 0.011366 0.740847
vt 0.022817 0.744253
vt 0.013153 0.732376
vt 0.025654 0.735583
vt 0.037772 0.739664
vt 0.034170 0.749117
vt 0.034365 0.766661
vt 0.028181 0.728290
vt 0.040995 0.731879
vt 0.051778 0.736216
vt 0.043869 0.725533
vt 0.054708 0.729434
vt 0.063524 0.732955
vt 0.061053 0.739496
vt 0.057430 0.723794
vt 0.066223 0.727218
vt 0.046461 0.720071
vt 0.048836 0.714525
vt 0.032707 0.716863
vt 0.035205 0.711657
vt 0.030352 0.722440
vt 0.016583 0.719602
vt 0.018026 0.714616
vt 0.015005 0.725115
vt 0.235608 0.785420
vt 0.235608 0.771068
vt 0.240869 0.771560
vt 0.240179 0.786015
vt 0.002289 0.729511
vt 0.003689 0.721362
vt 0.244500 0.786729
vt 0.245649 0.771596
vt 0.250130 0.771555
vt 0.249403 0.787795
vt 0.019587 0.709335
vt 0.667675 0.275212
vt 0.672068 0.291705
vt 0.668480 0.293107
vt 0.662461 0.273415
vt 0.664033 0.257452
vt 0.668728 0.259442
vt 0.349075 0.220166
vt 0.350949 0.206479
vt 0.357643 0.208261
vt 0.356200 0.221782
vt 0.665578 0.244430
vt 0.668833 0.245583
vt 0.006363 0.255168
vt 0.007616 0.239062
vt 0.015319 0.249090
vt 0.013280 0.256175
vt 0.010580 0.265056
vt 0.004602 0.266934
vt 0.021843 0.255556
vt 0.019695 0.260942
vt 0.014632 0.274922
vt 0.008666 0.276690
vt 0.360894 0.231120
vt 0.358911 0.240601
vt 0.012598 0.287453
vt 0.008352 0.287281
vt 0.358298 0.249692
vt 0.353296 0.249531
vt 0.008496 0.302022
vt 0.016613 0.289816
vt 0.603613 0.607495
vt 0.599860 0.609371
vt 0.599773 0.607629
vt 0.604064 0.606735
vt 0.603664 0.609165
vt 0.599773 0.614638
vt 0.026677 0.255253
vt 0.023260 0.253350
vt 0.024173 0.252662
vt 0.027080 0.254346
vt 0.026493 0.255560
vt 0.022400 0.253637
vt 0.388097 0.022471
vt 0.386298 0.022110
vt 0.386375 0.018454
vt 0.389932 0.016199
vt 0.388413 0.021530
vt 0.384642 0.016199
vt 0.346312 0.282855
vt 0.346312 0.288942
vt 0.345795 0.289475
vt 0.345692 0.285356
vt 0.346312 0.298728
vt 0.345402 0.296047
vt 0.346312 0.292499
vt 0.346205 0.292626
vt 0.370163 0.270970
vt 0.372372 0.265571
vt 0.372207 0.265637
vt 0.372748 0.270970
vt 0.212583 0.345455
vt 0.215454 0.348794
vt 0.212935 0.351600
vt 0.212583 0.351251
vt 0.635877 0.071234
vt 0.639585 0.078227
vt 0.639753 0.080630
vt 0.635969 0.075637
vt 0.652226 0.589544
vt 0.665209 0.580628
vt 0.670822 0.585545
vt 0.656120 0.589468
vt 0.577763 0.149358
vt 0.580272 0.152978
vt 0.579742 0.157089
vt 0.577763 0.157295
vt 0.432230 0.568375
vt 0.428469 0.555398
vt 0.428457 0.555253
vt 0.432230 0.554060
vt 0.646690 0.581819
vt 0.646975 0.573074
vt 0.671585 0.571105
vt 0.703936 0.569139
vt 0.702499 0.575751
vt 0.731862 0.568776
vt 0.731981 0.574991
vt 0.758616 0.568172
vt 0.759189 0.574405
vt 0.760260 0.580488
vt 0.761521 0.586415
vt 0.784381 0.573377
vt 0.785801 0.579600
vt 0.788078 0.585943
vt 0.383323 0.050339
vt 0.377571 0.051974
vt 0.377763 0.029339
vt 0.382965 0.026433
vt 0.804642 0.579953
vt 0.805903 0.586495
vt 0.382995 0.066090
vt 0.376720 0.065295
vt 0.803070 0.573272
vt 0.817909 0.573420
vt 0.819518 0.580664
vt 0.819306 0.586623
vt 0.939900 0.620227
vt 0.946411 0.619072
vt 0.944784 0.638313
vt 0.937845 0.639603
vt 0.929831 0.638157
vt 0.934731 0.619292
vt 0.946411 0.656936
vt 0.938939 0.655835
vt 0.929316 0.654114
vt 0.822258 0.543426
vt 0.821951 0.524232
vt 0.826949 0.523897
vt 0.828463 0.541209
vt 0.827781 0.562285
vt 0.820131 0.562044
vt 0.834940 0.538926
vt 0.835521 0.561032
vt 0.840667 0.578639
vt 0.832851 0.578950
vt 0.995318 0.811518
vt 0.372790 0.166062
vt 0.369311 0.187605
vt 0.361972 0.185109
vt 0.366193 0.163775
vt 0.366474 0.137989
vt 0.373457 0.139263
vt 0.168453 0.302243
vt 0.170271 0.324892
vt 0.162499 0.324509
vt 0.161044 0.300727
vt 0.366542 0.112351
vt 0.373751 0.113261
vt 0.172284 0.346978
vt 0.164382 0.347563
vt 0.366007 0.087324
vt 0.373510 0.088040
vt 0.175209 0.368223
vt 0.167115 0.369109
vt 0.364771 0.063751
vt 0.372611 0.064956
vt 0.178708 0.387685
vt 0.170187 0.387648
vt 0.363617 0.041354
vt 0.371452 0.042934
vt 0.182055 0.406461
vt 0.173616 0.405249
vt 0.363264 0.026233
vt 0.370857 0.027082
vt 0.184211 0.419949
vt 0.176287 0.419072
vt 0.363652 0.015335
vt 0.371203 0.015647
vt 0.185336 0.429371
vt 0.177886 0.429432
vt 0.995291 0.985393
vt 0.995030 0.994293
vt 0.988722 0.993966
vt 0.371702 0.007543
vt 0.353519 0.025579
vt 0.354299 0.040194
vt 0.355613 0.062464
vt 0.356850 0.086374
vt 0.344734 0.084972
vt 0.357689 0.111326
vt 0.346346 0.109945
vt 0.329049 0.107942
vt 0.347507 0.134980
vt 0.330628 0.132507
vt 0.303862 0.129716
vt 0.330883 0.155516
vt 0.304505 0.151705
vt 0.275725 0.150803
vt 0.275544 0.128826
vt 0.246702 0.152527
vt 0.246971 0.130255
vt 0.223196 0.156146
vt 0.223312 0.132638
vt 0.207818 0.159041
vt 0.208220 0.134447
vt 0.208994 0.109674
vt 0.198346 0.135684
vt 0.198977 0.110613
vt 0.190154 0.136828
vt 0.190454 0.111371
vt 0.197769 0.161013
vt 0.190070 0.162904
vt 0.201635 0.246997
vt 0.201549 0.224698
vt 0.209685 0.222971
vt 0.210272 0.245778
vt 0.679847 0.811072
vt 0.653230 0.811499
vt 0.651258 0.803045
vt 0.678091 0.802488
vt 0.630252 0.814163
vt 0.628560 0.804627
vt 0.628505 0.793255
vt 0.925108 0.776416
vt 0.925249 0.786608
vt 0.907041 0.789688
vt 0.909117 0.781071
vt 0.886670 0.791935
vt 0.888846 0.785699
vt 0.889953 0.780302
vt 0.477295 0.779654
vt 0.474429 0.787496
vt 0.456724 0.788506
vt 0.457885 0.781640
vt 0.434228 0.789075
vt 0.434677 0.782615
vt 0.436126 0.776236
vt 0.409913 0.782564
vt 0.409676 0.776352
vt 0.409483 0.770752
vt 0.435571 0.770200
vt 0.935825 0.909945
vt 0.942015 0.908407
vt 0.946411 0.931871
vt 0.937129 0.930216
vt 0.347525 0.420333
vt 0.347525 0.394201
vt 0.352584 0.393684
vt 0.351038 0.418206
vt 0.490224 0.369517
vt 0.493033 0.368312
vt 0.493033 0.374092
vt 0.492498 0.376714
vt 0.390174 0.457080
vt 0.393701 0.436278
vt 0.398666 0.436746
vt 0.396930 0.413816
vt 0.402420 0.414647
vt 0.407420 0.415406
vt 0.403919 0.437067
vt 0.403867 0.310276
vt 0.404755 0.291254
vt 0.410155 0.290814
vt 0.409297 0.309164
vt 0.408703 0.437219
vt 0.406057 0.454349
vt 0.408872 0.324242
vt 0.414910 0.309004
vt 0.414251 0.323455
vt 0.414730 0.336945
vt 0.409342 0.337859
vt 0.404304 0.469952
vt 0.417690 0.351889
vt 0.412016 0.352258
vt 0.405667 0.352742
vt 0.403860 0.339603
vt 0.403912 0.486619
vt 0.407959 0.486822
vt 0.411772 0.499940
vt 0.416755 0.362671
vt 0.411139 0.363496
vt 0.771779 0.094747
vt 0.770731 0.081864
vt 0.774574 0.082917
vt 0.775898 0.095170
vt 0.596226 0.774832
vt 0.596019 0.771267
vt 0.606498 0.770124
vt 0.606863 0.774803
vt 0.415147 0.510937
vt 0.615013 0.766908
vt 0.416368 0.520790
vt 0.300699 0.720638
vt 0.292235 0.721704
vt 0.292520 0.716627
vt 0.299816 0.715696
vt 0.305495 0.714817
vt 0.306658 0.719632
vt 0.621033 0.761389
vt 0.396514 0.887323
vt 0.391668 0.886080
vt 0.391882 0.879034
vt 0.397329 0.880621
vt 0.588823 0.773169
vt 0.589604 0.767154
vt 0.594811 0.766642
vt 0.592970 0.773255
vt 0.392708 0.869662
vt 0.398897 0.870570
vt 0.588291 0.757968
vt 0.594811 0.756598
vt 0.631769 0.745268
vt 0.626020 0.744569
vt 0.627645 0.730778
vt 0.633729 0.730947
vt 0.640855 0.731200
vt 0.639104 0.746126
vt 0.649537 0.731619
vt 0.650005 0.746786
vt 0.662240 0.732204
vt 0.652056 0.709860
vt 0.676092 0.732527
vt 0.689909 0.716548
vt 0.688510 0.697717
vt 0.641358 0.712958
vt 0.634460 0.713459
vt 0.634158 0.696455
vt 0.642603 0.695402
vt 0.654139 0.691976
vt 0.631755 0.683112
vt 0.641617 0.683154
vt 0.653600 0.686598
vt 0.653441 0.669918
vt 0.664684 0.691875
vt 0.627160 0.697067
vt 0.625143 0.683312
vt 0.398129 0.809304
vt 0.400506 0.823088
vt 0.394843 0.823223
vt 0.392637 0.809849
vt 0.621247 0.803543
vt 0.615688 0.803656
vt 0.389842 0.796905
vt 0.394828 0.839219
vt 0.389283 0.839360
vt 0.769149 0.002823
vt 0.775257 0.001663
vt 0.775898 0.016746
vt 0.769976 0.017355
vt 0.774951 0.032323
vt 0.769149 0.033045
vt 0.628258 0.713452
vt 0.393860 0.856596
vt 0.388086 0.854726
vt 0.399099 0.856799
vt 0.383083 0.852987
vt 0.383471 0.839720
vt 0.350525 0.876977
vt 0.347080 0.889797
vt 0.344644 0.876273
vt 0.337791 0.875246
vt 0.330405 0.874842
vt 0.321708 0.882412
vt 0.322645 0.873781
vt 0.314143 0.880753
vt 0.314596 0.872108
vt 0.316546 0.864026
vt 0.306316 0.869938
vt 0.308011 0.861535
vt 0.310088 0.855186
vt 0.319206 0.858040
vt 0.313120 0.850123
vt 0.324995 0.853731
vt 0.328623 0.856066
vt 0.299217 0.858671
vt 0.301239 0.852532
vt 0.291462 0.855577
vt 0.294556 0.849057
vt 0.518197 0.940430
vt 0.515934 0.950376
vt 0.510766 0.948920
vt 0.511852 0.938453
vt 0.297427 0.867595
vt 0.288797 0.865414
vt 0.296839 0.876940
vt 0.287750 0.875871
vt 0.305800 0.878937
vt 0.306634 0.886582
vt 0.297633 0.884383
vt 0.315462 0.888190
vt 0.299342 0.892278
vt 0.308628 0.894240
vt 0.300557 0.899671
vt 0.292232 0.899265
vt 0.309296 0.900308
vt 0.292582 0.907563
vt 0.284365 0.907697
vt 0.284629 0.899291
vt 0.301187 0.907436
vt 0.791732 0.105204
vt 0.798544 0.104942
vt 0.798633 0.113939
vt 0.791784 0.113680
vt 0.310009 0.907905
vt 0.791588 0.096390
vt 0.798277 0.095998
vt 0.002452 0.318623
vt 0.007689 0.318105
vt 0.007862 0.326041
vt 0.002725 0.326516
vt 0.791553 0.088775
vt 0.798168 0.088629
vt 0.002294 0.312171
vt 0.007595 0.311264
vt 0.791677 0.082244
vt 0.797984 0.082249
vt 0.002110 0.306537
vt 0.007226 0.305967
vt 0.791647 0.076161
vt 0.797744 0.076151
vt 0.001950 0.301076
vt 0.006386 0.301132
vt 0.831169 0.744369
vt 0.832643 0.737655
vt 0.001499 0.295700
vt 0.005672 0.296043
vt 0.317656 0.908132
vt 0.317994 0.900989
vt 0.859697 0.749276
vt 0.868721 0.751496
vt 0.007931 0.334302
vt 0.002938 0.334331
vt 0.876626 0.754022
vt 0.007540 0.341844
vt 0.002803 0.341569
vt 0.007179 0.349123
vt 0.002885 0.348310
vt 0.798536 0.122144
vt 0.798945 0.129425
vt 0.791713 0.129611
vt 0.792192 0.121704
vt 0.799879 0.134919
vt 0.795369 0.136146
vt 0.276565 0.907282
vt 0.269379 0.906831
vt 0.268837 0.903452
vt 0.276610 0.901299
vt 0.268828 0.898847
vt 0.275607 0.894018
vt 0.263659 0.908357
vt 0.263522 0.906012
vt 0.262161 0.902931
vt 0.001300 0.144667
vt 0.003689 0.146075
vt 0.003965 0.148942
vt 0.001300 0.149364
vt 0.455433 0.110743
vt 0.459987 0.110674
vt 0.459987 0.118962
vt 0.456852 0.116361
vt 0.883905 0.756810
vt 0.455260 0.712693
vt 0.456022 0.720383
vt 0.450262 0.719319
vt 0.449233 0.712300
vt 0.450425 0.702847
vt 0.456022 0.703018
vt 0.491467 0.560238
vt 0.489904 0.567054
vt 0.482306 0.563947
vt 0.482632 0.558738
vt 0.482306 0.551399
vt 0.491711 0.551335
vt 0.795342 0.052660
vt 0.803656 0.050259
vt 0.803656 0.059568
vt 0.795274 0.062125
vt 0.875224 0.714419
vt 0.875498 0.723687
vt 0.865971 0.722563
vt 0.865729 0.713735
vt 0.864074 0.704537
vt 0.873298 0.704698
vt 0.861300 0.696957
vt 0.856780 0.712977
vt 0.855363 0.704489
vt 0.848209 0.712171
vt 0.847695 0.704362
vt 0.840958 0.711555
vt 0.848145 0.719858
vt 0.840668 0.718595
vt 0.833966 0.717790
vt 0.834237 0.711064
vt 0.827382 0.710787
vt 0.821046 0.710689
vt 0.821046 0.703141
vt 0.819936 0.695061
vt 0.367781 0.832253
vt 0.367698 0.839803
vt 0.363468 0.840052
vt 0.367820 0.824190
vt 0.625718 0.866129
vt 0.626772 0.858927
vt 0.634872 0.858929
vt 0.632936 0.866162
vt 0.630194 0.873004
vt 0.624148 0.873468
vt 0.644697 0.859507
vt 0.642753 0.866694
vt 0.640765 0.873388
vt 0.659157 0.867926
vt 0.657511 0.874205
vt 0.777526 0.135612
vt 0.777656 0.121225
vt 0.782833 0.122198
vt 0.782705 0.136825
vt 0.638836 0.877663
vt 0.624660 0.880321
vt 0.777939 0.100179
vt 0.783454 0.101823
vt 0.788568 0.102877
vt 0.787749 0.123054
vt 0.787901 0.137468
vt 0.601159 0.032382
vt 0.598520 0.055793
vt 0.590755 0.053167
vt 0.593948 0.031153
vt 0.579554 0.050007
vt 0.583242 0.029789
vt 0.803410 0.119102
vt 0.805459 0.101275
vt 0.817560 0.103512
vt 0.817295 0.118385
vt 0.817460 0.129576
vt 0.803003 0.132232
vt 0.752398 0.029627
vt 0.753067 0.047257
vt 0.739747 0.046266
vt 0.738947 0.029192
vt 0.731624 0.046113
vt 0.730593 0.029324
vt 0.730190 0.015309
vt 0.723891 0.029507
vt 0.723430 0.014655
vt 0.724403 0.004007
vt 0.730494 0.005403
vt 0.718415 0.030135
vt 0.717652 0.014180
vt 0.718475 0.001666
vt 0.712766 0.031048
vt 0.711965 0.014265
vt 0.710889 0.002561
vt 0.708241 0.031950
vt 0.708171 0.014013
vt 0.602468 0.780044
vt 0.608730 0.791905
vt 0.712882 0.049011
vt 0.707834 0.048744
vt 0.451298 0.226028
vt 0.451298 0.211391
vt 0.457344 0.211524
vt 0.455649 0.224884
vt 0.535417 0.511927
vt 0.539296 0.510625
vt 0.539296 0.531365
vt 0.536386 0.529905
vt 0.919319 0.123159
vt 0.922785 0.107586
vt 0.929069 0.108591
vt 0.925981 0.122042
vt 0.936200 0.108998
vt 0.932163 0.121373
vt 0.938459 0.120233
vt 0.936305 0.135963
vt 0.941613 0.121930
vt 0.943767 0.137774
vt 0.936271 0.149081
vt 0.629174 0.074514
vt 0.633868 0.074715
vt 0.634466 0.090737
vt 0.628732 0.086922
vt 0.934305 0.285290
vt 0.935259 0.274895
vt 0.634466 0.100457
vt 0.627268 0.098648
vt 0.937773 0.265296
vt 0.929923 0.264462
vt 0.934515 0.250793
vt 0.940327 0.251855
vt 0.945887 0.253086
vt 0.423178 0.530870
vt 0.418420 0.530603
vt 0.419661 0.513032
vt 0.425116 0.513182
vt 0.430839 0.514098
vt 0.427750 0.531365
vt 0.420794 0.495693
vt 0.425628 0.496640
vt 0.430767 0.497513
vt 0.420723 0.479393
vt 0.425292 0.480349
vt 0.429774 0.481317
vt 0.420404 0.463872
vt 0.425065 0.464420
vt 0.429802 0.464931
vt 0.419763 0.446618
vt 0.424969 0.446853
vt 0.430877 0.447081
vt 0.424563 0.428006
vt 0.430849 0.427652
vt 0.438317 0.427419
vt 0.437790 0.447548
vt 0.435680 0.465489
vt 0.446447 0.427573
vt 0.444994 0.449241
vt 0.438829 0.466202
vt 0.556186 0.440191
vt 0.556451 0.461906
vt 0.550722 0.462584
vt 0.550260 0.440828
vt 0.548537 0.423002
vt 0.550914 0.422900
vt 0.178443 0.321854
vt 0.177694 0.336395
vt 0.174100 0.337060
vt 0.174100 0.320916
vt 0.643320 0.081897
vt 0.639822 0.064578
vt 0.646960 0.064974
vt 0.648629 0.081650
vt 0.648926 0.092746
vt 0.653735 0.081364
vt 0.653823 0.092347
vt 0.652838 0.102080
vt 0.647492 0.102711
vt 0.658817 0.092007
vt 0.658187 0.101553
vt 0.664065 0.091746
vt 0.658872 0.081118
vt 0.664067 0.080898
vt 0.668800 0.080708
vt 0.668832 0.091547
vt 0.663658 0.065362
vt 0.668472 0.065569
vt 0.029218 0.312624
vt 0.029115 0.297483
vt 0.033549 0.297825
vt 0.029146 0.323463
vt 0.333094 0.696590
vt 0.327868 0.695620
vt 0.327762 0.680034
vt 0.333013 0.681136
vt 0.033431 0.279649
vt 0.038588 0.280327
vt 0.038867 0.298313
vt 0.043245 0.280999
vt 0.043737 0.298964
vt 0.038841 0.261133
vt 0.043444 0.261870
vt 0.669075 0.018391
vt 0.669681 0.001563
vt 0.672798 0.001906
vt 0.672798 0.019827
vt 0.215454 0.343669
vt 0.211899 0.342778
vt 0.943143 0.793599
vt 0.943987 0.777306
vt 0.947733 0.777693
vt 0.947191 0.794404
vt 0.323572 0.709808
vt 0.320664 0.708632
vt 0.046228 0.262727
vt 0.042953 0.241642
vt 0.045989 0.241970
vt 0.943143 0.759432
vt 0.947671 0.760382
vt 0.050162 0.242408
vt 0.045529 0.220925
vt 0.051107 0.221033
vt 0.059049 0.221152
vt 0.051462 0.200398
vt 0.059372 0.199935
vt 0.069284 0.199597
vt 0.058973 0.177554
vt 0.068679 0.177128
vt 0.084515 0.177253
vt 0.085586 0.199431
vt 0.069053 0.151930
vt 0.084488 0.153739
vt 0.072355 0.124163
vt 0.086513 0.129088
vt 0.071640 0.096245
vt 0.051329 0.178244
vt 0.045480 0.179128
vt 0.045542 0.200916
vt 0.040274 0.201532
vt 0.041724 0.179936
vt 0.040413 0.220848
vt 0.034476 0.222017
vt 0.032246 0.203082
vt 0.038589 0.241801
vt 0.033536 0.242421
vt 0.028722 0.224226
vt 0.033938 0.260585
vt 0.029837 0.260003
vt 0.029174 0.242841
vt 0.333094 0.665296
vt 0.328329 0.664141
vt 0.683367 0.930359
vt 0.678627 0.931653
vt 0.673097 0.915201
vt 0.677910 0.913971
vt 0.023988 0.225954
vt 0.686016 0.945524
vt 0.680869 0.946411
vt 0.663636 0.027325
vt 0.658377 0.026288
vt 0.660679 0.009218
vt 0.665373 0.010787
vt 0.668118 0.028084
vt 0.668089 0.047057
vt 0.663307 0.046384
vt 0.657791 0.045681
vt 0.652026 0.044984
vt 0.652765 0.024536
vt 0.658286 0.065196
vt 0.652718 0.065045
vt 0.646131 0.043699
vt 0.640028 0.041358
vt 0.545275 0.463752
vt 0.545939 0.440546
vt 0.655303 0.006732
vt 0.026436 0.304015
vt 0.019881 0.301840
vt 0.019549 0.284908
vt 0.026436 0.286117
vt 0.669276 0.932613
vt 0.660755 0.917412
vt 0.667140 0.916343
vt 0.674192 0.932320
vt 0.653548 0.900820
vt 0.660157 0.898457
vt 0.666014 0.896622
vt 0.011175 0.209299
vt 0.005264 0.211435
vt 0.005915 0.187176
vt 0.012531 0.185338
vt 0.018963 0.183912
vt 0.017653 0.207317
vt 0.018774 0.227722
vt 0.026538 0.182446
vt 0.024181 0.205120
vt 0.035327 0.180976
vt 0.031544 0.156422
vt 0.039088 0.155007
vt 0.033587 0.136310
vt 0.038743 0.134851
vt 0.024169 0.282866
vt 0.025276 0.265203
vt 0.029080 0.263550
vt 0.029080 0.282040
vt 0.034934 0.116463
vt 0.039857 0.116588
vt 0.039318 0.092059
vt 0.045024 0.092863
vt 0.049561 0.093253
vt 0.051732 0.067733
vt 0.057909 0.069258
vt 0.064053 0.070701
vt 0.064971 0.052527
vt 0.070638 0.055802
vt 0.075068 0.058501
vt 0.069200 0.072161
vt 0.074851 0.044628
vt 0.079302 0.048102
vt 0.082727 0.050715
vt 0.082192 0.040363
vt 0.086355 0.042821
vt 0.085506 0.052888
vt 0.083928 0.033723
vt 0.088168 0.036370
vt 0.404472 0.474891
vt 0.403618 0.482151
vt 0.401956 0.483780
vt 0.401956 0.472825
vt 0.078695 0.030051
vt 0.077086 0.037365
vt 0.071180 0.033922
vt 0.072968 0.026357
vt 0.069093 0.041328
vt 0.061509 0.037950
vt 0.063486 0.030031
vt 0.057918 0.049639
vt 0.047784 0.046403
vt 0.050205 0.034198
vt 0.043681 0.066303
vt 0.034018 0.064848
vt 0.035387 0.043419
vt 0.031559 0.091464
vt 0.024403 0.090773
vt 0.025624 0.063874
vt 0.028485 0.116381
vt 0.022056 0.115970
vt 0.015691 0.115460
vt 0.018414 0.090248
vt 0.027322 0.136989
vt 0.020431 0.137369
vt 0.013333 0.137542
vt 0.006686 0.137824
vt 0.009432 0.115014
vt 0.017201 0.159170
vt 0.009986 0.160520
vt 0.003634 0.161964
vt 0.190209 0.466351
vt 0.183503 0.468929
vt 0.183634 0.446845
vt 0.190340 0.446059
vt 0.000791 0.190188
vt 0.190340 0.490445
vt 0.184090 0.494354
vt 0.569224 0.573060
vt 0.570791 0.581609
vt 0.541786 0.576753
vt 0.540246 0.569575
vt 0.566783 0.566966
vt 0.589203 0.568318
vt 0.589824 0.575807
vt 0.588968 0.587308
vt 0.646457 0.904314
vt 0.652975 0.919602
vt 0.543700 0.585536
vt 0.515589 0.580050
vt 0.515216 0.572476
vt 0.514800 0.566488
vt 0.571972 0.592859
vt 0.571476 0.606086
vt 0.544364 0.598120
vt 0.587575 0.599039
vt 0.586888 0.611681
vt 0.586482 0.632445
vt 0.570747 0.627652
vt 0.597500 0.606162
vt 0.596228 0.616227
vt 0.596578 0.636631
vt 0.602809 0.620599
vt 0.602707 0.639559
vt 0.603566 0.665213
vt 0.597639 0.663655
vt 0.586937 0.661600
vt 0.569690 0.658325
vt 0.587222 0.689055
vt 0.567122 0.687595
vt 0.545369 0.654532
vt 0.588954 0.713231
vt 0.564768 0.711659
vt 0.587098 0.728872
vt 0.561220 0.730260
vt 0.586748 0.744323
vt 0.559947 0.743693
vt 0.585524 0.755610
vt 0.558606 0.753842
vt 0.529632 0.752916
vt 0.501952 0.753765
vt 0.557049 0.762338
vt 0.527662 0.762079
vt 0.500862 0.762572
vt 0.475017 0.763675
vt 0.475676 0.754840
vt 0.620831 0.300456
vt 0.617820 0.277612
vt 0.627540 0.277054
vt 0.630811 0.299647
vt 0.634465 0.321158
vt 0.624406 0.322520
vt 0.193903 0.569726
vt 0.195359 0.593628
vt 0.186242 0.592450
vt 0.185519 0.568889
vt 0.192766 0.543997
vt 0.203123 0.545158
vt 0.204702 0.570882
vt 0.206932 0.594738
vt 0.208790 0.614813
vt 0.196937 0.613648
vt 0.220112 0.572374
vt 0.225056 0.594892
vt 0.228717 0.612745
vt 0.241983 0.573755
vt 0.216566 0.546718
vt 0.236727 0.548278
vt 0.265362 0.548845
vt 0.233371 0.520991
vt 0.261814 0.521330
vt 0.291880 0.518993
vt 0.293997 0.544539
vt 0.321949 0.514883
vt 0.323515 0.539225
vt 0.325249 0.562768
vt 0.330099 0.585802
vt 0.344651 0.536125
vt 0.346709 0.560356
vt 0.349390 0.584978
vt 0.361159 0.584201
vt 0.363446 0.610043
vt 0.352975 0.610687
vt 0.335953 0.610786
vt 0.358889 0.559074
vt 0.368562 0.558003
vt 0.370501 0.583351
vt 0.357128 0.534487
vt 0.366759 0.533268
vt 0.139751 0.840581
vt 0.148683 0.841418
vt 0.149149 0.862522
vt 0.139803 0.862119
vt 0.356014 0.509635
vt 0.365163 0.508262
vt 0.372722 0.507013
vt 0.374070 0.532019
vt 0.619575 0.378335
vt 0.626926 0.376889
vt 0.629307 0.402038
vt 0.621390 0.403371
vt 0.364387 0.482421
vt 0.371453 0.480146
vt 0.618890 0.351461
vt 0.625612 0.348680
vt 0.633195 0.346781
vt 0.635355 0.375090
vt 0.941124 0.756781
vt 0.936818 0.764002
vt 0.921028 0.750450
vt 0.926664 0.744269
vt 0.623173 0.326437
vt 0.631379 0.324465
vt 0.641453 0.324049
vt 0.641807 0.345284
vt 0.930695 0.736594
vt 0.906364 0.733532
vt 0.911476 0.728235
vt 0.916263 0.722223
vt 0.934231 0.728746
vt 0.918641 0.715190
vt 0.937837 0.718107
vt 0.893191 0.717654
vt 0.895958 0.711780
vt 0.897188 0.705613
vt 0.617777 0.587622
vt 0.615513 0.581351
vt 0.637650 0.581844
vt 0.644098 0.589956
vt 0.023018 0.247176
vt 0.002644 0.015231
vt 0.002644 0.019413
vt 0.002611 0.021149
vt 0.001533 0.017830
vt 0.000969 0.164887
vt 0.001022 0.165425
vt 0.001322 0.168629
vt 0.000969 0.169191
vt 0.001004 0.168803
vt 0.182352 0.010549
vt 0.182409 0.010905
vt 0.182409 0.014540
vt 0.181942 0.013091
vt 0.186673 0.105744
vt 0.186673 0.101118
vt 0.189018 0.101664
vt 0.001913 0.153947
vt 0.002644 0.154443
vt 0.001913 0.158616
vt 0.635877 0.079440
vt 0.648793 0.590846
vt 0.615177 0.573756
vt 0.634642 0.573709
vt 0.615309 0.566475
vt 0.632911 0.566267
vt 0.648421 0.565606
vt 0.632167 0.559873
vt 0.649899 0.559426
vt 0.675646 0.559013
vt 0.674682 0.564267
vt 0.491711 0.535148
vt 0.491054 0.541469
vt 0.466953 0.541622
vt 0.467146 0.535467
vt 0.704152 0.563019
vt 0.444198 0.541291
vt 0.444095 0.535236
vt 0.731360 0.562728
vt 0.421681 0.541317
vt 0.421690 0.535284
vt 0.757880 0.562151
vt 0.401297 0.541550
vt 0.401213 0.535678
vt 0.781898 0.561571
vt 0.783039 0.567237
vt 0.801400 0.561222
vt 0.802046 0.566920
vt 0.817397 0.561642
vt 0.817279 0.567034
vt 0.370912 0.535148
vt 0.384507 0.535961
vt 0.384101 0.541939
vt 0.369683 0.540560
vt 0.832399 0.522698
vt 0.837430 0.520310
vt 0.840667 0.537025
vt 0.349970 0.202598
vt 0.342389 0.218543
vt 0.336672 0.217639
vt 0.344022 0.200287
vt 0.354446 0.182633
vt 0.355036 0.204532
vt 0.336654 0.197733
vt 0.344589 0.179609
vt 0.348003 0.159333
vt 0.358179 0.161772
vt 0.358068 0.136671
vt 0.328761 0.175354
vt 0.324407 0.194584
vt 0.304384 0.192222
vt 0.304649 0.171694
vt 0.276972 0.191250
vt 0.276137 0.170705
vt 0.250049 0.192779
vt 0.247779 0.172766
vt 0.232272 0.195743
vt 0.225870 0.176324
vt 0.221892 0.198624
vt 0.210449 0.180525
vt 0.214722 0.201025
vt 0.202102 0.183084
vt 0.208110 0.203259
vt 0.193743 0.185961
vt 0.923240 0.804978
vt 0.900760 0.804978
vt 0.903821 0.797770
vt 0.925262 0.796347
vt 0.197017 0.205476
vt 0.205881 0.203381
vt 0.883281 0.804076
vt 0.885672 0.797874
vt 0.608353 0.012977
vt 0.614933 0.012756
vt 0.617527 0.027831
vt 0.611013 0.027783
vt 0.473494 0.794226
vt 0.455929 0.794981
vt 0.619654 0.046455
vt 0.613266 0.046700
vt 0.433883 0.795395
vt 0.621550 0.066191
vt 0.615252 0.067065
vt 0.410213 0.795532
vt 0.410104 0.789028
vt 0.386051 0.795211
vt 0.386018 0.788887
vt 0.385967 0.782493
vt 0.361589 0.789223
vt 0.361867 0.782847
vt 0.361967 0.777067
vt 0.385964 0.776332
vt 0.361767 0.772064
vt 0.386069 0.770613
vt 0.175816 0.467655
vt 0.177212 0.447875
vt 0.181087 0.447277
vt 0.181087 0.469240
vt 0.347674 0.370755
vt 0.352793 0.370991
vt 0.361367 0.768391
vt 0.337075 0.769772
vt 0.337339 0.766065
vt 0.830092 0.141519
vt 0.829039 0.162248
vt 0.823672 0.163904
vt 0.824050 0.141635
vt 0.823672 0.120634
vt 0.829340 0.119179
vt 0.406512 0.390806
vt 0.411699 0.366007
vt 0.416368 0.367387
vt 0.411166 0.391427
vt 0.405905 0.270379
vt 0.408485 0.248977
vt 0.414257 0.249675
vt 0.411676 0.269785
vt 0.376134 0.153329
vt 0.376172 0.129543
vt 0.380679 0.129491
vt 0.380506 0.152996
vt 0.416869 0.270224
vt 0.415559 0.291316
vt 0.355469 0.383454
vt 0.356516 0.358643
vt 0.360648 0.358884
vt 0.360100 0.383825
vt 0.199195 0.716815
vt 0.174245 0.717002
vt 0.174036 0.711557
vt 0.218951 0.716162
vt 0.150671 0.710515
vt 0.150333 0.705337
vt 0.173669 0.706351
vt 0.150812 0.716017
vt 0.124517 0.716028
vt 0.124836 0.710311
vt 0.505574 0.421768
vt 0.506251 0.440835
vt 0.501351 0.441482
vt 0.501351 0.420978
vt 0.150693 0.720192
vt 0.124509 0.721659
vt 0.101999 0.721704
vt 0.102730 0.716407
vt 0.380099 0.103201
vt 0.376134 0.103438
vt 0.771933 0.875640
vt 0.767665 0.877677
vt 0.761257 0.857429
vt 0.765403 0.858056
vt 0.757387 0.837649
vt 0.763278 0.838973
vt 0.596837 0.330793
vt 0.600099 0.354404
vt 0.595874 0.355565
vt 0.591331 0.330316
vt 0.596960 0.307954
vt 0.600099 0.310881
vt 0.618433 0.712854
vt 0.610986 0.691515
vt 0.752842 0.835928
vt 0.758261 0.816351
vt 0.761199 0.819924
vt 0.096382 0.054908
vt 0.097813 0.076216
vt 0.614699 0.692148
vt 0.609314 0.666607
vt 0.614060 0.668112
vt 0.888137 0.400738
vt 0.864114 0.401680
vt 0.866142 0.396684
vt 0.888362 0.394489
vt 0.766666 0.822747
vt 0.771933 0.826626
vt 0.768392 0.840975
vt 0.903659 0.385331
vt 0.904204 0.378480
vt 0.087052 0.718832
vt 0.087604 0.711958
vt 0.104126 0.710068
vt 0.770162 0.858913
vt 0.089617 0.703120
vt 0.105097 0.701711
vt 0.124957 0.703430
vt 0.127012 0.696436
vt 0.150468 0.700049
vt 0.131079 0.690175
vt 0.151616 0.695176
vt 0.172967 0.697582
vt 0.173279 0.701806
vt 0.196614 0.698003
vt 0.195267 0.691690
vt 0.218125 0.692547
vt 0.197193 0.683102
vt 0.218017 0.685598
vt 0.242622 0.688500
vt 0.239900 0.694352
vt 0.263730 0.689583
vt 0.260893 0.695855
vt 0.257052 0.700307
vt 0.275634 0.695968
vt 0.274633 0.701221
vt 0.273111 0.706123
vt 0.253780 0.705447
vt 0.284771 0.700803
vt 0.284366 0.706315
vt 0.283642 0.711579
vt 0.271291 0.710605
vt 0.251037 0.709746
vt 0.282586 0.716622
vt 0.269826 0.714959
vt 0.256150 0.713183
vt 0.634466 0.116492
vt 0.634188 0.126893
vt 0.631655 0.126247
vt 0.631655 0.112448
vt 0.281674 0.719999
vt 0.268746 0.716526
vt 0.292670 0.711260
vt 0.292755 0.705672
vt 0.299334 0.704535
vt 0.299566 0.710288
vt 0.667511 0.589892
vt 0.667103 0.594431
vt 0.658673 0.595078
vt 0.659856 0.590305
vt 0.305149 0.709053
vt 0.292475 0.699812
vt 0.298700 0.698697
vt 0.667157 0.599029
vt 0.658873 0.599421
vt 0.291568 0.693484
vt 0.297692 0.692233
vt 0.667511 0.604064
vt 0.659033 0.603711
vt 0.368553 0.890671
vt 0.284652 0.694900
vt 0.276693 0.689136
vt 0.266249 0.681709
vt 0.278070 0.680421
vt 0.268863 0.671537
vt 0.279860 0.671217
vt 0.594642 0.129275
vt 0.593590 0.145803
vt 0.583019 0.141145
vt 0.583970 0.125480
vt 0.585445 0.116014
vt 0.594811 0.119799
vt 0.245249 0.681511
vt 0.249322 0.672261
vt 0.217409 0.675913
vt 0.286831 0.910011
vt 0.286752 0.928436
vt 0.272229 0.927234
vt 0.268892 0.908640
vt 0.714061 0.831351
vt 0.735304 0.829500
vt 0.732682 0.843231
vt 0.712416 0.845483
vt 0.690712 0.844341
vt 0.695861 0.830786
vt 0.588692 0.173156
vt 0.583495 0.161254
vt 0.592916 0.165491
vt 0.594811 0.170588
vt 0.697686 0.822498
vt 0.669863 0.833904
vt 0.674354 0.823233
vt 0.666358 0.844558
vt 0.649634 0.843842
vt 0.652740 0.834213
vt 0.656123 0.822870
vt 0.639071 0.843135
vt 0.646871 0.851443
vt 0.636874 0.850841
vt 0.628690 0.850462
vt 0.663424 0.852938
vt 0.661107 0.860928
vt 0.687894 0.853990
vt 0.685836 0.862017
vt 0.683914 0.869227
vt 0.708918 0.863367
vt 0.707458 0.870705
vt 0.706014 0.877027
vt 0.682006 0.875472
vt 0.726911 0.872779
vt 0.725481 0.878020
vt 0.778962 0.079754
vt 0.779105 0.062988
vt 0.784203 0.064066
vt 0.783979 0.081283
vt 0.600816 0.082238
vt 0.598637 0.101917
vt 0.592907 0.100288
vt 0.595365 0.080543
vt 0.602742 0.057800
vt 0.584044 0.098906
vt 0.586884 0.078233
vt 0.574670 0.097032
vt 0.575145 0.073371
vt 0.584400 0.113675
vt 0.574768 0.113214
vt 0.807209 0.061178
vt 0.805592 0.047559
vt 0.816494 0.048432
vt 0.817079 0.062321
vt 0.818515 0.077704
vt 0.808737 0.081114
vt 0.754191 0.096148
vt 0.754090 0.112477
vt 0.742260 0.110614
vt 0.742568 0.094864
vt 0.733652 0.109477
vt 0.733631 0.093821
vt 0.733712 0.081113
vt 0.726938 0.092867
vt 0.733529 0.070497
vt 0.732864 0.059962
vt 0.724940 0.046715
vt 0.719055 0.047631
vt 0.714761 0.070340
vt 0.726725 0.108593
vt 0.721735 0.107824
vt 0.721892 0.091761
vt 0.728178 0.127306
vt 0.723046 0.126695
vt 0.717953 0.126070
vt 0.717106 0.107172
vt 0.712907 0.125457
vt 0.712537 0.106754
vt 0.414923 0.407666
vt 0.414529 0.423684
vt 0.410888 0.422639
vt 0.410579 0.407276
vt 0.412493 0.392634
vt 0.416368 0.393006
vt 0.258104 0.800021
vt 0.240415 0.795833
vt 0.241976 0.792056
vt 0.258928 0.795865
vt 0.414225 0.437468
vt 0.410222 0.436955
vt 0.932295 0.689528
vt 0.932295 0.675417
vt 0.937106 0.676085
vt 0.937158 0.689981
vt 0.414950 0.450524
vt 0.410335 0.450511
vt 0.932307 0.662418
vt 0.937141 0.662648
vt 0.416368 0.465275
vt 0.410549 0.465261
vt 0.687976 0.609810
vt 0.671291 0.610803
vt 0.671441 0.605479
vt 0.688659 0.605445
vt 0.710971 0.173453
vt 0.715539 0.173650
vt 0.716612 0.190888
vt 0.711375 0.191213
vt 0.653531 0.611370
vt 0.653215 0.606168
vt 0.640672 0.612107
vt 0.639610 0.607065
vt 0.183762 0.022208
vt 0.184549 0.010486
vt 0.190340 0.011168
vt 0.189639 0.023792
vt 0.419221 0.428364
vt 0.183762 0.002263
vt 0.189325 0.001513
vt 0.423253 0.413701
vt 0.429995 0.412755
vt 0.437702 0.401372
vt 0.437999 0.411921
vt 0.449413 0.398476
vt 0.446917 0.410767
vt 0.555990 0.478708
vt 0.411927 0.797257
vt 0.415046 0.806583
vt 0.411014 0.808943
vt 0.411014 0.800151
vt 0.436918 0.395285
vt 0.446342 0.396797
vt 0.428365 0.386291
vt 0.436588 0.390595
vt 0.557801 0.491114
vt 0.554633 0.492618
vt 0.631733 0.613576
vt 0.813936 0.220926
vt 0.813907 0.226404
vt 0.806696 0.225935
vt 0.806674 0.220145
vt 0.625426 0.617150
vt 0.821902 0.222598
vt 0.822162 0.228015
vt 0.717374 0.203040
vt 0.723314 0.202279
vt 0.722954 0.211017
vt 0.717173 0.211517
vt 0.711962 0.204067
vt 0.722673 0.190276
vt 0.729037 0.189593
vt 0.729815 0.201708
vt 0.721411 0.173492
vt 0.727478 0.173109
vt 0.733761 0.172412
vt 0.736005 0.188677
vt 0.720612 0.157440
vt 0.726291 0.157729
vt 0.732262 0.157899
vt 0.739080 0.158067
vt 0.740361 0.171311
vt 0.724592 0.143005
vt 0.730074 0.143803
vt 0.737001 0.145149
vt 0.734940 0.128166
vt 0.743131 0.129284
vt 0.752949 0.130216
vt 0.816895 0.032180
vt 0.806664 0.033196
vt 0.794404 0.866605
vt 0.786385 0.869746
vt 0.795805 0.049560
vt 0.796211 0.034398
vt 0.789897 0.035901
vt 0.795366 0.012696
vt 0.801051 0.011911
vt 0.788451 0.051409
vt 0.782472 0.050896
vt 0.784706 0.037223
vt 0.591246 0.113140
vt 0.790664 0.064339
vt 0.786541 0.014336
vt 0.790564 0.013478
vt 0.776123 0.849943
vt 0.773461 0.851238
vt 0.774191 0.828473
vt 0.779346 0.825959
vt 0.784259 0.823070
vt 0.780207 0.847818
vt 0.714457 0.751684
vt 0.718306 0.752628
vt 0.717667 0.763126
vt 0.712746 0.762710
vt 0.757089 0.001045
vt 0.766646 0.022314
vt 0.761192 0.023530
vt 0.756024 0.003583
vt 0.946582 0.048563
vt 0.949174 0.049543
vt 0.940188 0.066329
vt 0.761666 0.046877
vt 0.756024 0.047585
vt 0.279673 0.815535
vt 0.713277 0.776337
vt 0.719061 0.774059
vt 0.962273 0.214077
vt 0.950647 0.221472
vt 0.957819 0.208357
vt 0.667499 0.425972
vt 0.672377 0.415035
vt 0.676575 0.416777
vt 0.674289 0.425153
vt 0.676224 0.438162
vt 0.670080 0.440458
vt 0.940681 0.233821
vt 0.684694 0.449054
vt 0.679263 0.453378
vt 0.938658 0.247998
vt 0.093832 0.868699
vt 0.952508 0.201858
vt 0.681909 0.404930
vt 0.684694 0.408764
vt 0.719299 0.142393
vt 0.714822 0.157192
vt 0.713603 0.141836
vt 0.729656 0.210928
vt 0.814354 0.237168
vt 0.805201 0.238306
vt 0.806215 0.231916
vt 0.814074 0.231664
vt 0.818448 0.380533
vt 0.798068 0.232988
vt 0.799890 0.226134
vt 0.821582 0.388130
vt 0.830044 0.390342
vt 0.791755 0.227782
vt 0.791773 0.221036
vt 0.800169 0.219850
vt 0.791755 0.214487
vt 0.800357 0.214094
vt 0.806466 0.215521
vt 0.614749 0.626242
vt 0.609616 0.623513
vt 0.822221 0.400026
vt 0.825959 0.395147
vt 0.842904 0.397312
vt 0.840353 0.401828
vt 0.613915 0.644350
vt 0.608603 0.642002
vt 0.846929 0.392445
vt 0.737566 0.875869
vt 0.737554 0.880321
vt 0.774855 0.063584
vt 0.769712 0.064910
vt 0.728006 0.866339
vt 0.761365 0.067001
vt 0.757980 0.057396
vt 0.710612 0.854412
vt 0.729884 0.855858
vt 0.242964 0.927157
vt 0.240168 0.933545
vt 0.755661 0.050786
vt 0.247346 0.918004
vt 0.260210 0.922024
vt 0.956985 0.368578
vt 0.954146 0.364892
vt 0.281895 0.859172
vt 0.278389 0.854750
vt 0.948342 0.361561
vt 0.272457 0.849701
vt 0.937183 0.357115
vt 0.192148 0.676476
vt 0.699234 0.352238
vt 0.699234 0.339132
vt 0.707165 0.343021
vt 0.706265 0.356887
vt 0.906757 0.369688
vt 0.899196 0.360408
vt 0.889525 0.359919
vt 0.901179 0.350101
vt 0.512354 0.542079
vt 0.519469 0.545916
vt 0.519469 0.563088
vt 0.510050 0.555858
vt 0.416622 0.203990
vt 0.412906 0.226633
vt 0.407056 0.227017
vt 0.412147 0.203181
vt 0.402997 0.249026
vt 0.184456 0.070309
vt 0.184335 0.045384
vt 0.189099 0.044116
vt 0.190340 0.069767
vt 0.187265 0.097813
vt 0.184335 0.097504
vt 0.602894 0.126900
vt 0.597710 0.104776
vt 0.600958 0.104963
vt 0.607259 0.125483
vt 0.310873 0.766931
vt 0.336394 0.775815
vt 0.311061 0.773463
vt 0.283693 0.764318
vt 0.336191 0.782055
vt 0.311401 0.780934
vt 0.336145 0.788754
vt 0.311417 0.788444
vt 0.287695 0.788258
vt 0.265741 0.788700
vt 0.311448 0.795425
vt 0.288347 0.795725
vt 0.268296 0.795725
vt 0.627788 0.188212
vt 0.621159 0.208389
vt 0.612219 0.208524
vt 0.621921 0.188978
vt 0.626736 0.170611
vt 0.633912 0.169464
vt 0.634466 0.187596
vt 0.629527 0.207954
vt 0.623096 0.229973
vt 0.615035 0.229683
vt 0.204930 0.442216
vt 0.215864 0.424213
vt 0.222587 0.424936
vt 0.213067 0.445123
vt 0.203093 0.465183
vt 0.193485 0.462509
vt 0.201339 0.490797
vt 0.192248 0.489173
vt 0.221902 0.447643
vt 0.214356 0.468198
vt 0.212976 0.492599
vt 0.214304 0.519575
vt 0.202075 0.518293
vt 0.232487 0.471979
vt 0.231744 0.495095
vt 0.259067 0.474816
vt 0.260015 0.496935
vt 0.289205 0.474378
vt 0.290410 0.495729
vt 0.318321 0.470957
vt 0.320492 0.491668
vt 0.338986 0.466219
vt 0.342250 0.487401
vt 0.343352 0.511584
vt 0.355498 0.484540
vt 0.351763 0.462288
vt 0.360326 0.459408
vt 0.367969 0.456984
vt 0.341146 0.443328
vt 0.348004 0.440370
vt 0.354080 0.437913
vt 0.900637 0.738591
vt 0.339505 0.423020
vt 0.345332 0.421737
vt 0.885594 0.728313
vt 0.889992 0.723017
vt 0.338688 0.404630
vt 0.344960 0.404332
vt 0.614764 0.560165
vt 0.333102 0.424302
vt 0.331439 0.404813
vt 0.331377 0.384421
vt 0.338434 0.385401
vt 0.344687 0.386602
vt 0.330819 0.359519
vt 0.337579 0.360137
vt 0.343612 0.360847
vt 0.330666 0.332706
vt 0.337277 0.332600
vt 0.343349 0.332445
vt 0.330548 0.306246
vt 0.337217 0.305957
vt 0.343425 0.305601
vt 0.330227 0.280511
vt 0.336849 0.279916
vt 0.342958 0.279298
vt 0.329834 0.257116
vt 0.336235 0.256399
vt 0.342292 0.255580
vt 0.329082 0.236275
vt 0.335366 0.236017
vt 0.341554 0.235619
vt 0.330146 0.216640
vt 0.320078 0.236337
vt 0.320650 0.215404
vt 0.304775 0.236107
vt 0.304213 0.213905
vt 0.279580 0.236086
vt 0.278145 0.213263
vt 0.254730 0.237013
vt 0.253071 0.214842
vt 0.239918 0.237669
vt 0.237912 0.216630
vt 0.231007 0.237724
vt 0.229464 0.217749
vt 0.224093 0.237548
vt 0.222846 0.218605
vt 0.217687 0.237162
vt 0.216720 0.219002
vt 0.230952 0.259630
vt 0.224011 0.259343
vt 0.217600 0.259003
vt 0.231230 0.282572
vt 0.224093 0.282407
vt 0.217504 0.282310
vt 0.231723 0.306756
vt 0.224355 0.306628
vt 0.217543 0.306527
vt 0.224565 0.331380
vt 0.217626 0.331262
vt 0.623751 0.086689
vt 0.626305 0.107710
vt 0.619874 0.108354
vt 0.617391 0.087400
vt 0.628742 0.129104
vt 0.622177 0.129907
vt 0.361411 0.795412
vt 0.336095 0.795434
vt 0.631285 0.150037
vt 0.624377 0.150897
vt 0.217573 0.380959
vt 0.224645 0.380821
vt 0.224801 0.403599
vt 0.217736 0.403771
vt 0.217634 0.356447
vt 0.224607 0.356438
vt 0.232171 0.356391
vt 0.232140 0.380638
vt 0.232076 0.331466
vt 0.242850 0.331597
vt 0.243115 0.356425
vt 0.242287 0.306911
vt 0.257533 0.307021
vt 0.258671 0.331828
vt 0.241437 0.282775
vt 0.256248 0.282817
vt 0.282905 0.282484
vt 0.284486 0.306978
vt 0.240687 0.259794
vt 0.255450 0.259607
vt 0.281227 0.259018
vt 0.305984 0.258435
vt 0.307260 0.281867
vt 0.321555 0.281165
vt 0.322109 0.306517
vt 0.308225 0.306781
vt 0.320759 0.257818
vt 0.322633 0.332669
vt 0.308862 0.332500
vt 0.285818 0.332202
vt 0.309259 0.358395
vt 0.286655 0.357650
vt 0.259380 0.356776
vt 0.286910 0.382490
vt 0.259545 0.381209
vt 0.243227 0.380590
vt 0.259604 0.405234
vt 0.242903 0.403973
vt 0.232071 0.403556
vt 0.241081 0.427519
vt 0.229971 0.425945
vt 0.236038 0.450802
vt 0.259284 0.429423
vt 0.258848 0.453216
vt 0.287350 0.429701
vt 0.288123 0.453181
vt 0.310884 0.428111
vt 0.314764 0.450500
vt 0.331909 0.446639
vt 0.325415 0.425830
vt 0.309411 0.405796
vt 0.323684 0.405119
vt 0.309381 0.383091
vt 0.323573 0.383674
vt 0.323134 0.358982
vt 0.286967 0.406295
vt 0.192242 0.517283
vt 0.624681 0.253113
vt 0.615227 0.252713
vt 0.583817 0.764031
vt 0.605840 0.227778
vt 0.596769 0.223903
vt 0.602604 0.206601
vt 0.037010 0.883165
vt 0.037010 0.861488
vt 0.417690 0.227189
vt 0.654564 0.322758
vt 0.654791 0.343966
vt 0.637240 0.400689
vt 0.639116 0.425773
vt 0.631545 0.427215
vt 0.633672 0.452714
vt 0.624761 0.453823
vt 0.623111 0.428307
vt 0.637343 0.476986
vt 0.626492 0.479031
vt 0.618017 0.480339
vt 0.616960 0.454652
vt 0.149364 0.884012
vt 0.139751 0.884286
vt 0.627323 0.496711
vt 0.619167 0.497839
vt 0.371751 0.609022
vt 0.372738 0.626504
vt 0.619891 0.509611
vt 0.373808 0.638269
vt 0.620260 0.515869
vt 0.671538 0.052556
vt 0.676763 0.052418
vt 0.676763 0.059343
vt 0.670873 0.059481
vt 0.620678 0.522742
vt 0.210950 0.718999
vt 0.216280 0.721345
vt 0.214009 0.728610
vt 0.208907 0.725900
vt 0.220798 0.723803
vt 0.218891 0.731146
vt 0.368100 0.652886
vt 0.367657 0.659193
vt 0.358585 0.660819
vt 0.358588 0.654487
vt 0.343029 0.662195
vt 0.342493 0.655820
vt 0.319057 0.660362
vt 0.319387 0.654373
vt 0.319577 0.648165
vt 0.296541 0.652416
vt 0.297300 0.645967
vt 0.271571 0.652208
vt 0.272164 0.646069
vt 0.247302 0.652281
vt 0.248365 0.646226
vt 0.249683 0.639954
vt 0.225354 0.646423
vt 0.224753 0.652756
vt 0.208845 0.653621
vt 0.209446 0.647471
vt 0.197740 0.655261
vt 0.197865 0.648999
vt 0.189064 0.656769
vt 0.188684 0.650873
vt 0.188404 0.644052
vt 0.650166 0.598257
vt 0.650327 0.604064
vt 0.640854 0.604064
vt 0.640330 0.598679
vt 0.640498 0.591665
vt 0.650028 0.592981
vt 0.188876 0.638466
vt 0.344414 0.749462
vt 0.344455 0.739815
vt 0.354243 0.738876
vt 0.354243 0.749126
vt 0.188035 0.627167
vt 0.416749 0.766646
vt 0.418099 0.757823
vt 0.433776 0.756781
vt 0.431735 0.766032
vt 0.187398 0.612179
vt 0.452510 0.755621
vt 0.451462 0.764955
vt 0.476548 0.746399
vt 0.477607 0.738338
vt 0.459412 0.730985
vt 0.478344 0.731756
vt 0.502124 0.731865
vt 0.400897 0.846711
vt 0.400707 0.827728
vt 0.407865 0.828461
vt 0.408226 0.846543
vt 0.410124 0.868714
vt 0.415946 0.846198
vt 0.416368 0.868346
vt 0.413894 0.886627
vt 0.411008 0.886517
vt 0.861003 0.545150
vt 0.865321 0.530813
vt 0.871068 0.531348
vt 0.864343 0.545905
vt 0.934643 0.310283
vt 0.927443 0.309970
vt 0.935836 0.288191
vt 0.413303 0.829826
vt 0.420052 0.746965
vt 0.406782 0.747680
vt 0.408234 0.732651
vt 0.424541 0.731625
vt 0.405969 0.757987
vt 0.411369 0.708428
vt 0.401645 0.692134
vt 0.412361 0.644824
vt 0.415739 0.677889
vt 0.398833 0.731620
vt 0.392815 0.731278
vt 0.392878 0.697191
vt 0.398145 0.748122
vt 0.391868 0.748480
vt 0.386297 0.748462
vt 0.386867 0.726268
vt 0.398469 0.758824
vt 0.391978 0.759086
vt 0.386311 0.759005
vt 0.381109 0.758457
vt 0.381213 0.749001
vt 0.495539 0.539641
vt 0.496912 0.534969
vt 0.506134 0.537512
vt 0.504219 0.542260
vt 0.502070 0.547191
vt 0.494213 0.544578
vt 0.499383 0.551817
vt 0.493404 0.549683
vt 0.190042 0.662346
vt 0.198142 0.660800
vt 0.508894 0.551066
vt 0.505593 0.555157
vt 0.208576 0.659448
vt 0.208722 0.663885
vt 0.199415 0.664867
vt 0.620465 0.823162
vt 0.615233 0.823565
vt 0.224169 0.658447
vt 0.223533 0.663136
vt 0.621849 0.837968
vt 0.616825 0.837341
vt 0.612287 0.836794
vt 0.609968 0.823797
vt 0.622417 0.859814
vt 0.617813 0.858838
vt 0.523144 0.076665
vt 0.522478 0.058821
vt 0.527460 0.059335
vt 0.528721 0.076628
vt 0.613755 0.857701
vt 0.607697 0.856609
vt 0.606111 0.836115
vt 0.522563 0.037523
vt 0.527704 0.037760
vt 0.613585 0.883140
vt 0.607246 0.882350
vt 0.598062 0.881262
vt 0.599780 0.855201
vt 0.612011 0.908878
vt 0.605165 0.908373
vt 0.594098 0.907523
vt 0.574747 0.904611
vt 0.584952 0.879198
vt 0.602299 0.934541
vt 0.588780 0.934553
vt 0.566081 0.933132
vt 0.524149 0.925287
vt 0.517994 0.889143
vt 0.583510 0.956618
vt 0.557940 0.955359
vt 0.524304 0.951172
vt 0.551807 0.967923
vt 0.515756 0.966010
vt 0.534844 0.975235
vt 0.551788 0.975713
vt 0.549361 0.983194
vt 0.524477 0.981918
vt 0.548025 0.989228
vt 0.525018 0.988437
vt 0.575964 0.982812
vt 0.574277 0.988589
vt 0.688693 0.537396
vt 0.662438 0.537258
vt 0.664544 0.532216
vt 0.689549 0.532921
vt 0.666893 0.525988
vt 0.690793 0.526805
vt 0.708381 0.527930
vt 0.718887 0.528722
vt 0.708626 0.522316
vt 0.719451 0.523777
vt 0.709266 0.515245
vt 0.719672 0.517631
vt 0.843085 0.553410
vt 0.848367 0.554225
vt 0.846296 0.560444
vt 0.842939 0.559557
vt 0.710949 0.505901
vt 0.719800 0.507918
vt 0.843233 0.543696
vt 0.848376 0.544346
vt 0.721734 0.508466
vt 0.728368 0.509067
vt 0.726389 0.519160
vt 0.720968 0.518327
vt 0.719811 0.524578
vt 0.713869 0.493184
vt 0.719983 0.493581
vt 0.708565 0.491862
vt 0.713296 0.479832
vt 0.716595 0.479930
vt 0.646756 0.531911
vt 0.648503 0.525756
vt 0.637023 0.526297
vt 0.627497 0.527343
vt 0.622203 0.534129
vt 0.620853 0.528741
vt 0.645351 0.536966
vt 0.591366 0.988578
vt 0.592652 0.983107
vt 0.577933 0.976269
vt 0.593895 0.976267
vt 0.603578 0.976859
vt 0.595547 0.968297
vt 0.605583 0.969050
vt 0.613440 0.970773
vt 0.611495 0.978626
vt 0.619316 0.972625
vt 0.617361 0.981029
vt 0.231316 0.733894
vt 0.224928 0.732817
vt 0.224903 0.741430
vt 0.218608 0.740194
vt 0.615843 0.957419
vt 0.620708 0.957555
vt 0.223036 0.754357
vt 0.218464 0.754452
vt 0.616197 0.933880
vt 0.621042 0.933495
vt 0.221916 0.774577
vt 0.216639 0.774284
vt 0.617013 0.909193
vt 0.621894 0.909851
vt 0.319053 0.664485
vt 0.295414 0.663566
vt 0.295918 0.658425
vt 0.270066 0.663020
vt 0.270863 0.657975
vt 0.245382 0.662715
vt 0.246331 0.657808
vt 0.622569 0.884499
vt 0.617719 0.883921
vt 0.523031 0.015812
vt 0.528721 0.015294
vt 0.611091 0.934167
vt 0.608953 0.957067
vt 0.598519 0.956868
vt 0.580339 0.968555
vt 0.496224 0.862369
vt 0.515600 0.865268
vt 0.556994 0.872901
vt 0.472213 0.908262
vt 0.456323 0.882566
vt 0.434270 0.860388
vt 0.451866 0.862482
vt 0.456290 0.854594
vt 0.480745 0.838658
vt 0.492164 0.839779
vt 0.454723 0.849805
vt 0.474687 0.838089
vt 0.432341 0.843300
vt 0.436565 0.841744
vt 0.451605 0.838062
vt 0.475024 0.825940
vt 0.483014 0.825743
vt 0.459409 0.840956
vt 0.431730 0.830558
vt 0.436796 0.829807
vt 0.271416 0.035689
vt 0.274313 0.010647
vt 0.276251 0.009129
vt 0.280222 0.028669
vt 0.448735 0.844546
vt 0.470346 0.826657
vt 0.475290 0.825684
vt 0.455527 0.837958
vt 0.470054 0.825550
vt 0.434469 0.830611
vt 0.437688 0.829310
vt 0.437474 0.828979
vt 0.451971 0.834315
vt 0.464521 0.826182
vt 0.449561 0.825877
vt 0.466488 0.816835
vt 0.471612 0.816097
vt 0.659720 0.293683
vt 0.664867 0.298628
vt 0.663668 0.313661
vt 0.663274 0.312545
vt 0.456639 0.826793
vt 0.435532 0.820636
vt 0.438965 0.819749
vt 0.175107 0.240568
vt 0.175107 0.221543
vt 0.175672 0.221117
vt 0.182409 0.235490
vt 0.449220 0.831696
vt 0.464409 0.817593
vt 0.467605 0.816444
vt 0.447388 0.437035
vt 0.449413 0.445339
vt 0.447388 0.458666
vt 0.447778 0.457761
vt 0.456602 0.827391
vt 0.438361 0.820117
vt 0.441280 0.819297
vt 0.442457 0.818454
vt 0.453078 0.823007
vt 0.460937 0.816945
vt 0.464789 0.816685
vt 0.450923 0.816393
vt 0.460255 0.810480
vt 0.464574 0.810379
vt 0.233280 0.719844
vt 0.240697 0.717666
vt 0.243212 0.728144
vt 0.241001 0.727755
vt 0.457636 0.820227
vt 0.440675 0.810778
vt 0.443868 0.810692
vt 0.707336 0.080630
vt 0.707336 0.063884
vt 0.707786 0.063901
vt 0.708486 0.073716
vt 0.594546 0.776664
vt 0.589927 0.786490
vt 0.587540 0.787625
vt 0.587540 0.776853
vt 0.458710 0.713484
vt 0.462631 0.718620
vt 0.459884 0.724013
vt 0.458710 0.724348
vt 0.457759 0.817165
vt 0.451297 0.817236
vt 0.443628 0.811072
vt 0.444353 0.812230
vt 0.708045 0.220741
vt 0.713774 0.207644
vt 0.710660 0.208907
vt 0.713774 0.219634
vt 0.264361 0.731773
vt 0.264361 0.744175
vt 0.264071 0.743257
vt 0.262693 0.737365
vt 0.001165 0.382812
vt 0.003965 0.386773
vt 0.002934 0.393929
vt 0.001165 0.395219
vt 0.556479 0.507572
vt 0.552143 0.505398
vt 0.554689 0.494519
vt 0.556479 0.497529
vt 0.578362 0.137468
vt 0.579145 0.127457
vt 0.578362 0.128183
vt 0.580272 0.135385
vt 0.590705 0.776943
vt 0.588425 0.784377
vt 0.587621 0.785035
vt 0.588019 0.777817
vt 0.591054 0.781085
vt 0.589399 0.785294
vt 0.596470 0.781666
vt 0.595969 0.781940
vt 0.595768 0.782050
vt 0.596345 0.782543
vt 0.594020 0.788074
vt 0.589003 0.785689
vt 0.593874 0.793082
vt 0.597783 0.782159
vt 0.598777 0.781674
vt 0.598646 0.791419
vt 0.233280 0.734414
vt 0.238310 0.734923
vt 0.454293 0.802218
vt 0.459861 0.804358
vt 0.449050 0.810846
vt 0.448302 0.810835
vt 0.455743 0.806048
vt 0.617282 0.140111
vt 0.612461 0.136585
vt 0.617282 0.128120
vt 0.616877 0.127511
vt 0.196949 0.437768
vt 0.196949 0.448091
vt 0.196514 0.447594
vt 0.193493 0.440567
vt 0.462887 0.804558
vt 0.467362 0.810139
vt 0.464803 0.810998
vt 0.449517 0.804477
vt 0.456861 0.800835
vt 0.459069 0.798085
vt 0.466262 0.803827
vt 0.594534 0.305336
vt 0.596902 0.295148
vt 0.598777 0.294296
vt 0.598777 0.303567
vt 0.593781 0.301725
vt 0.596201 0.295715
vt 0.190340 0.518726
vt 0.190340 0.532687
vt 0.188401 0.523651
vt 0.259542 0.724733
vt 0.260395 0.730077
vt 0.259820 0.741531
vt 0.259542 0.739240
vt 0.458214 0.799618
vt 0.446850 0.804658
vt 0.443504 0.803916
vt 0.447593 0.798423
vt 0.023432 0.777289
vt 0.027758 0.784960
vt 0.025325 0.793082
vt 0.023432 0.786946
vt 0.482458 0.723026
vt 0.478142 0.720834
vt 0.481869 0.711193
vt 0.482458 0.711083
vt 0.465664 0.798601
vt 0.471660 0.803549
vt 0.469130 0.803686
vt 0.468917 0.798045
vt 0.473647 0.803428
vt 0.920581 0.259814
vt 0.923712 0.250509
vt 0.926584 0.251524
vt 0.921076 0.263039
vt 0.457659 0.796447
vt 0.459496 0.796650
vt 0.471252 0.798119
vt 0.383932 0.606428
vt 0.380051 0.591847
vt 0.380749 0.587192
vt 0.385884 0.591925
vt 0.388971 0.600129
vt 0.384749 0.613388
vt 0.802334 0.087239
vt 0.800147 0.085943
vt 0.802334 0.073296
vt 0.801956 0.072130
vt 0.446066 0.798469
vt 0.441884 0.803606
vt 0.440647 0.803357
vt 0.444841 0.798436
vt 0.920581 0.240201
vt 0.920625 0.241726
vt 0.438580 0.803140
vt 0.440202 0.797942
vt 0.438154 0.811174
vt 0.436970 0.803009
vt 0.813327 0.280053
vt 0.813321 0.278586
vt 0.819279 0.278187
vt 0.819224 0.280222
vt 0.813343 0.277318
vt 0.819336 0.276623
vt 0.380985 0.584847
vt 0.381197 0.583031
vt 0.386253 0.585609
vt 0.386413 0.587983
vt 0.377784 0.733197
vt 0.378036 0.730830
vt 0.373624 0.742811
vt 0.371953 0.741888
vt 0.391908 0.596889
vt 0.385156 0.615043
vt 0.378036 0.762680
vt 0.377996 0.760294
vt 0.385027 0.617423
vt 0.379664 0.625898
vt 0.379697 0.623367
vt 0.385145 0.624035
vt 0.379567 0.629073
vt 0.390202 0.597746
vt 0.391075 0.615948
vt 0.391186 0.620893
vt 0.385067 0.627775
vt 0.395062 0.605583
vt 0.398911 0.609703
vt 0.391449 0.588601
vt 0.391811 0.586161
vt 0.391898 0.582070
vt 0.400708 0.598119
vt 0.237925 0.903167
vt 0.237740 0.927906
vt 0.237925 0.927861
vt 0.235114 0.914551
vt 0.396387 0.606675
vt 0.390722 0.627522
vt 0.391338 0.621006
vt 0.391317 0.583160
vt 0.392284 0.576854
vt 0.398722 0.586565
vt 0.403931 0.604193
vt 0.397311 0.622021
vt 0.950376 0.157295
vt 0.944349 0.149837
vt 0.949579 0.132289
vt 0.950376 0.133233
vt 0.390943 0.633342
vt 0.396211 0.630258
vt 0.390876 0.638667
vt 0.404172 0.612882
vt 0.405543 0.615299
vt 0.396555 0.636248
vt 0.399466 0.582849
vt 0.400006 0.575689
vt 0.407587 0.604028
vt 0.399200 0.584399
vt 0.392587 0.574607
vt 0.392781 0.572880
vt 0.104837 0.633317
vt 0.105744 0.662223
vt 0.104218 0.653664
vt 0.105744 0.635342
vt 0.387259 0.571547
vt 0.387448 0.570158
vt 0.393359 0.570824
vt 0.387080 0.572927
vt 0.382357 0.572951
vt 0.382613 0.571634
vt 0.386880 0.574582
vt 0.382065 0.574463
vt 0.819062 0.269474
vt 0.813338 0.271042
vt 0.813321 0.269848
vt 0.818817 0.268428
vt 0.386512 0.576737
vt 0.381881 0.576112
vt 0.819274 0.270742
vt 0.813445 0.272202
vt 0.430006 0.802295
vt 0.431858 0.811637
vt 0.430864 0.811740
vt 0.428681 0.802320
vt 0.819518 0.272125
vt 0.813509 0.273396
vt 0.431343 0.802333
vt 0.432855 0.811553
vt 0.433134 0.821919
vt 0.432753 0.802478
vt 0.434264 0.811362
vt 0.434182 0.802708
vt 0.435288 0.811296
vt 0.435586 0.802870
vt 0.436815 0.811213
vt 0.813384 0.276026
vt 0.813482 0.274689
vt 0.819495 0.273608
vt 0.819351 0.275096
vt 0.381321 0.581295
vt 0.381597 0.579568
vt 0.386461 0.580588
vt 0.386364 0.582666
vt 0.381797 0.577828
vt 0.386630 0.578355
vt 0.103101 0.637087
vt 0.102516 0.635999
vt 0.103101 0.643718
vt 0.102369 0.643495
vt 0.432248 0.822145
vt 0.430893 0.822550
vt 0.429877 0.812035
vt 0.430288 0.822635
vt 0.429051 0.812301
vt 0.425912 0.802366
vt 0.427340 0.802262
vt 0.428244 0.812664
vt 0.424733 0.802892
vt 0.378005 0.573012
vt 0.378205 0.571841
vt 0.382878 0.570380
vt 0.377783 0.574440
vt 0.378499 0.570706
vt 0.383119 0.569132
vt 0.387665 0.568806
vt 0.383349 0.567916
vt 0.387881 0.567439
vt 0.151613 0.852580
vt 0.153275 0.852312
vt 0.154051 0.857307
vt 0.152100 0.857570
vt 0.393658 0.569154
vt 0.154114 0.864240
vt 0.151613 0.864764
vt 0.401195 0.571361
vt 0.401374 0.569290
vt 0.414041 0.573183
vt 0.412476 0.580617
vt 0.436306 0.587742
vt 0.435054 0.616959
vt 0.457829 0.610063
vt 0.437845 0.577446
vt 0.462915 0.593397
vt 0.488695 0.627144
vt 0.520370 0.645861
vt 0.490140 0.593523
vt 0.517166 0.607203
vt 0.545347 0.619074
vt 0.515877 0.589671
vt 0.490646 0.582406
vt 0.490833 0.574977
vt 0.465088 0.574891
vt 0.465399 0.569488
vt 0.465689 0.565391
vt 0.491021 0.568877
vt 0.557718 0.544297
vt 0.558736 0.522464
vt 0.564202 0.522468
vt 0.564167 0.543592
vt 0.564410 0.563585
vt 0.557718 0.565732
vt 0.003848 0.114670
vt 0.007288 0.089449
vt 0.012658 0.089858
vt 0.001244 0.138204
vt 0.010930 0.063162
vt 0.015409 0.063392
vt 0.020208 0.063571
vt 0.017203 0.039592
vt 0.021371 0.039988
vt 0.026865 0.040955
vt 0.022124 0.026657
vt 0.027885 0.027988
vt 0.037172 0.030807
vt 0.028218 0.021209
vt 0.037687 0.022955
vt 0.051315 0.025898
vt 0.037308 0.017633
vt 0.051966 0.019201
vt 0.065095 0.022845
vt 0.052236 0.013563
vt 0.037091 0.013336
vt 0.038945 0.008346
vt 0.051907 0.007896
vt 0.770151 0.101726
vt 0.775898 0.098586
vt 0.775898 0.114997
vt 0.774705 0.114267
vt 0.799080 0.878768
vt 0.795126 0.869969
vt 0.797362 0.869428
vt 0.799560 0.878999
vt 0.799502 0.869410
vt 0.801013 0.878994
vt 0.418480 0.846404
vt 0.419298 0.846380
vt 0.420348 0.861924
vt 0.418261 0.862023
vt 0.046309 0.001736
vt 0.061923 0.001195
vt 0.046040 0.002154
vt 0.422083 0.875933
vt 0.419108 0.875007
vt 0.074864 0.001529
vt 0.423139 0.895938
vt 0.419200 0.894242
vt 0.094080 0.001674
vt 0.423613 0.919273
vt 0.418482 0.917980
vt 0.117825 0.000839
vt 0.116626 0.005013
vt 0.617818 0.001265
vt 0.622569 0.001873
vt 0.622569 0.019827
vt 0.617782 0.018176
vt 0.138631 0.003625
vt 0.137629 0.009269
vt 0.137002 0.015323
vt 0.156857 0.002129
vt 0.155942 0.006862
vt 0.154935 0.012805
vt 0.154002 0.019614
vt 0.136725 0.022170
vt 0.169508 0.005049
vt 0.168855 0.010627
vt 0.168321 0.016423
vt 0.179536 0.009356
vt 0.178817 0.014790
vt 0.135713 0.889852
vt 0.140577 0.890823
vt 0.141433 0.900649
vt 0.136480 0.899598
vt 0.816123 0.526795
vt 0.815028 0.532571
vt 0.805335 0.531493
vt 0.805674 0.524824
vt 0.816874 0.520978
vt 0.792749 0.529854
vt 0.793016 0.522288
vt 0.793402 0.513890
vt 0.793979 0.511241
vt 0.794271 0.500918
vt 0.805712 0.501185
vt 0.814351 0.501355
vt 0.795093 0.485776
vt 0.805753 0.486341
vt 0.814614 0.486803
vt 0.189926 0.412762
vt 0.199057 0.411817
vt 0.199592 0.425150
vt 0.191258 0.425577
vt 0.805932 0.462708
vt 0.815019 0.463134
vt 0.187944 0.391796
vt 0.197306 0.390893
vt 0.182130 0.078364
vt 0.182593 0.054855
vt 0.184910 0.367169
vt 0.194141 0.366787
vt 0.182580 0.105725
vt 0.181936 0.342503
vt 0.190649 0.341909
vt 0.183423 0.134148
vt 0.179782 0.318114
vt 0.187720 0.317709
vt 0.183794 0.161650
vt 0.178103 0.294922
vt 0.185304 0.295154
vt 0.183801 0.187157
vt 0.179650 0.274581
vt 0.186669 0.274979
vt 0.180662 0.209039
vt 0.186489 0.252654
vt 0.193083 0.252408
vt 0.168170 0.228936
vt 0.189735 0.233999
vt 0.194749 0.233895
vt 0.199592 0.233129
vt 0.198322 0.252195
vt 0.702855 0.212993
vt 0.698027 0.213387
vt 0.697167 0.195506
vt 0.702437 0.194767
vt 0.692955 0.214683
vt 0.691709 0.196474
vt 0.690655 0.175791
vt 0.686348 0.198875
vt 0.685090 0.176634
vt 0.684100 0.158339
vt 0.689801 0.156807
vt 0.689156 0.135713
vt 0.688334 0.114470
vt 0.680495 0.092784
vt 0.687554 0.093185
vt 0.679625 0.070799
vt 0.686661 0.072455
vt 0.757827 0.129073
vt 0.763122 0.131986
vt 0.758837 0.150331
vt 0.679525 0.179832
vt 0.678352 0.162362
vt 0.680523 0.203359
vt 0.687142 0.217734
vt 0.679184 0.224707
vt 0.849175 0.759846
vt 0.854051 0.755836
vt 0.859172 0.775474
vt 0.854865 0.779659
vt 0.173566 0.254704
vt 0.180058 0.253595
vt 0.172518 0.274232
vt 0.165293 0.272905
vt 0.859172 0.799183
vt 0.850577 0.802334
vt 0.795277 0.331769
vt 0.805486 0.330233
vt 0.802293 0.351285
vt 0.792318 0.351890
vt 0.778998 0.352871
vt 0.781944 0.335423
vt 0.783263 0.322825
vt 0.796477 0.318699
vt 0.763267 0.355060
vt 0.765992 0.336333
vt 0.768088 0.324449
vt 0.741427 0.356078
vt 0.744415 0.336450
vt 0.745946 0.322971
vt 0.721301 0.332003
vt 0.721339 0.321339
vt 0.722071 0.315502
vt 0.746708 0.317400
vt 0.769183 0.318292
vt 0.722694 0.310704
vt 0.746716 0.312953
vt 0.723142 0.306036
vt 0.745665 0.307136
vt 0.723375 0.301898
vt 0.744857 0.303016
vt 0.839207 0.215082
vt 0.860694 0.215682
vt 0.860472 0.220404
vt 0.840073 0.219552
vt 0.638589 0.300049
vt 0.634238 0.297088
vt 0.642837 0.286491
vt 0.649632 0.287775
vt 0.824800 0.220873
vt 0.841202 0.224217
vt 0.826950 0.225733
vt 0.637609 0.285163
vt 0.640690 0.275698
vt 0.645377 0.276786
vt 0.650327 0.277504
vt 0.641783 0.266655
vt 0.645880 0.267646
vt 0.650327 0.267962
vt 0.774794 0.284657
vt 0.778951 0.285647
vt 0.644712 0.259207
vt 0.649301 0.258769
vt 0.776056 0.274120
vt 0.780133 0.274229
vt 0.379450 0.492298
vt 0.384202 0.491799
vt 0.382938 0.502684
vt 0.378347 0.502427
vt 0.776474 0.261142
vt 0.780592 0.260765
vt 0.379674 0.480273
vt 0.384731 0.479079
vt 0.492565 0.474102
vt 0.496848 0.488541
vt 0.492406 0.488374
vt 0.380696 0.465260
vt 0.385793 0.464591
vt 0.493196 0.457937
vt 0.382004 0.450239
vt 0.386790 0.450621
vt 0.494282 0.442679
vt 0.382558 0.432487
vt 0.387288 0.432516
vt 0.494876 0.422724
vt 0.498971 0.424079
vt 0.490298 0.421792
vt 0.490027 0.401991
vt 0.496410 0.403221
vt 0.502450 0.406960
vt 0.382900 0.414972
vt 0.376950 0.432044
vt 0.376748 0.414669
vt 0.375687 0.402183
vt 0.383000 0.404250
vt 0.940758 0.691712
vt 0.940535 0.677739
vt 0.945012 0.678890
vt 0.945089 0.693947
vt 0.185052 0.647684
vt 0.180754 0.645802
vt 0.181156 0.634553
vt 0.185052 0.636358
vt 0.375255 0.389603
vt 0.382347 0.393744
vt 0.875910 0.094233
vt 0.876643 0.109263
vt 0.871500 0.108147
vt 0.869811 0.091309
vt 0.868703 0.082012
vt 0.873044 0.082423
vt 0.876213 0.129288
vt 0.871027 0.128593
vt 0.865710 0.127732
vt 0.870607 0.149400
vt 0.865458 0.149375
vt 0.872121 0.169483
vt 0.866928 0.170596
vt 0.872362 0.185806
vt 0.866931 0.186489
vt 0.872535 0.197296
vt 0.867112 0.197416
vt 0.873145 0.206631
vt 0.867955 0.206557
vt 0.637607 0.265532
vt 0.635979 0.274450
vt 0.631442 0.272627
vt 0.632757 0.263413
vt 0.632800 0.284053
vt 0.819664 0.232971
vt 0.877677 0.197304
vt 0.877585 0.207133
vt 0.877585 0.185027
vt 0.642383 0.249143
vt 0.646777 0.247857
vt 0.877146 0.168433
vt 0.639022 0.235448
vt 0.643900 0.233652
vt 0.375419 0.465420
vt 0.375255 0.480103
vt 0.636720 0.218250
vt 0.639411 0.218162
vt 0.377383 0.449414
vt 0.632853 0.201919
vt 0.636534 0.201322
vt 0.875874 0.149688
vt 0.945089 0.658859
vt 0.941741 0.657938
vt 0.500926 0.500736
vt 0.496077 0.500689
vt 0.491475 0.500426
vt 0.495290 0.511206
vt 0.490035 0.511509
vt 0.506530 0.500855
vt 0.513055 0.499716
vt 0.511759 0.508052
vt 0.381328 0.512860
vt 0.375498 0.511560
vt 0.882069 0.216184
vt 0.880285 0.221324
vt 0.899517 0.219059
vt 0.896745 0.223396
vt 0.243051 0.758752
vt 0.248523 0.758046
vt 0.237368 0.758815
vt 0.945039 0.122850
vt 0.946800 0.107459
vt 0.951698 0.107679
vt 0.949560 0.124249
vt 0.253303 0.756555
vt 0.253786 0.772015
vt 0.681893 0.302500
vt 0.700595 0.305049
vt 0.699347 0.309863
vt 0.678846 0.306253
vt 0.663915 0.294638
vt 0.945039 0.089391
vt 0.949897 0.089394
vt 0.694625 0.361154
vt 0.716361 0.357528
vt 0.712883 0.380105
vt 0.739484 0.375344
vt 0.730500 0.404493
vt 0.709047 0.404590
vt 0.723635 0.431227
vt 0.706787 0.430916
vt 0.695921 0.430752
vt 0.688161 0.431037
vt 0.215454 0.401699
vt 0.214218 0.423073
vt 0.209336 0.422212
vt 0.210290 0.401839
vt 0.209052 0.379766
vt 0.214527 0.378501
vt 0.203319 0.402331
vt 0.203275 0.381156
vt 0.204075 0.366089
vt 0.208108 0.366399
vt 0.471884 0.065668
vt 0.470407 0.079308
vt 0.466238 0.079157
vt 0.466238 0.065796
vt 0.493545 0.765910
vt 0.497467 0.766953
vt 0.497033 0.778049
vt 0.492267 0.777489
vt 0.487016 0.775762
vt 0.489591 0.764284
vt 0.498320 0.788548
vt 0.492021 0.790438
vt 0.487016 0.789187
vt 0.118909 0.906757
vt 0.112746 0.905451
vt 0.114407 0.889039
vt 0.120239 0.888537
vt 0.548464 0.417182
vt 0.546406 0.395562
vt 0.116013 0.870733
vt 0.122429 0.869516
vt 0.546297 0.373961
vt 0.552458 0.371192
vt 0.546598 0.359575
vt 0.551929 0.356213
vt 0.557478 0.352750
vt 0.557801 0.368458
vt 0.132300 0.862378
vt 0.132145 0.847661
vt 0.134898 0.844057
vt 0.137468 0.861416
vt 0.135860 0.884696
vt 0.129164 0.884341
vt 0.128034 0.852260
vt 0.123705 0.844090
vt 0.127141 0.841402
vt 0.130019 0.837113
vt 0.224999 0.780263
vt 0.228655 0.773280
vt 0.233959 0.774253
vt 0.229665 0.782507
vt 0.031515 0.436143
vt 0.026140 0.436863
vt 0.026516 0.427294
vt 0.031723 0.426350
vt 0.026192 0.418528
vt 0.031475 0.417251
vt 0.020963 0.438839
vt 0.021026 0.428696
vt 0.020963 0.420129
vt 0.229440 0.763985
vt 0.233922 0.762882
vt 0.208430 0.433551
vt 0.203275 0.433053
vt 0.203371 0.421305
vt 0.224999 0.754007
vt 0.230107 0.752056
vt 0.767968 0.102336
vt 0.765100 0.113675
vt 0.760355 0.112148
vt 0.761755 0.100937
vt 0.761243 0.086348
vt 0.767521 0.085913
vt 0.897648 0.417476
vt 0.904478 0.416012
vt 0.760355 0.070340
vt 0.766826 0.067671
vt 0.911422 0.414110
vt 0.918738 0.411753
vt 0.745133 0.431441
vt 0.753073 0.404665
vt 0.768798 0.405315
vt 0.764285 0.432259
vt 0.759612 0.377450
vt 0.774195 0.377607
vt 0.786797 0.378383
vt 0.782112 0.405980
vt 0.795430 0.406531
vt 0.795342 0.434270
vt 0.780848 0.433293
vt 0.798872 0.378706
vt 0.808047 0.379145
vt 0.806088 0.407153
vt 0.810395 0.351918
vt 0.816874 0.353363
vt 0.815751 0.379705
vt 0.813781 0.330235
vt 0.171087 0.293317
vt 0.814775 0.407500
vt 0.814619 0.435515
vt 0.805614 0.434955
vt 0.795587 0.462011
vt 0.778901 0.484688
vt 0.780756 0.460598
vt 0.757592 0.482494
vt 0.760931 0.458143
vt 0.185845 0.234147
vt 0.199085 0.433551
vt 0.192306 0.433099
vt 0.774174 0.528656
vt 0.792415 0.536593
vt 0.773879 0.535720
vt 0.748059 0.535574
vt 0.753801 0.528544
vt 0.734187 0.534766
vt 0.739021 0.528268
vt 0.569419 0.144518
vt 0.570015 0.129395
vt 0.576137 0.129038
vt 0.576306 0.146628
vt 0.575508 0.177122
vt 0.569419 0.165954
vt 0.465864 0.986355
vt 0.444536 0.986480
vt 0.444644 0.979271
vt 0.463158 0.979710
vt 0.494275 0.980018
vt 0.502805 0.986925
vt 0.444502 0.971340
vt 0.461855 0.972619
vt 0.491152 0.972925
vt 0.460020 0.962054
vt 0.491305 0.963167
vt 0.483643 0.929624
vt 0.450520 0.925225
vt 0.442249 0.901070
vt 0.490038 0.950443
vt 0.456777 0.947832
vt 0.440008 0.945272
vt 0.436571 0.922402
vt 0.442906 0.960460
vt 0.433313 0.959312
vt 0.431338 0.943100
vt 0.435191 0.969924
vt 0.427073 0.958671
vt 0.435375 0.978002
vt 0.433806 0.985321
vt 0.444347 0.991352
vt 0.431821 0.990701
vt 0.646362 0.901296
vt 0.640798 0.903487
vt 0.639239 0.894607
vt 0.645224 0.894490
vt 0.639925 0.885713
vt 0.645028 0.887708
vt 0.634825 0.904113
vt 0.633629 0.894148
vt 0.634680 0.884425
vt 0.179321 0.003957
vt 0.642073 0.876956
vt 0.646362 0.879330
vt 0.804915 0.537907
vt 0.421255 0.957891
vt 0.419610 0.939981
vt 0.425240 0.941415
vt 0.429386 0.920701
vt 0.427710 0.897449
vt 0.432843 0.898913
vt 0.425201 0.876788
vt 0.428842 0.877601
vt 0.434484 0.878629
vt 0.425511 0.861556
vt 0.428271 0.861283
vt 0.422799 0.846139
vt 0.424575 0.845923
vt 0.426620 0.845547
vt 0.422356 0.833690
vt 0.423937 0.833356
vt 0.425552 0.833060
vt 0.430090 0.844305
vt 0.427035 0.832780
vt 0.425098 0.824078
vt 0.426461 0.823724
vt 0.427583 0.823427
vt 0.428640 0.832268
vt 0.428738 0.823124
vt 0.427439 0.813000
vt 0.426444 0.813523
vt 0.422435 0.803821
vt 0.423592 0.803364
vt 0.425348 0.814606
vt 0.421174 0.804413
vt 0.378905 0.569553
vt 0.379384 0.568299
vt 0.383582 0.566595
vt 0.379732 0.566778
vt 0.383794 0.565183
vt 0.154047 0.848681
vt 0.155828 0.848417
vt 0.157053 0.851935
vt 0.155045 0.852015
vt 0.388089 0.565991
vt 0.158251 0.857023
vt 0.156097 0.857131
vt 0.158833 0.863602
vt 0.156412 0.863879
vt 0.158753 0.874309
vt 0.155465 0.875034
vt 0.401522 0.567570
vt 0.414615 0.569615
vt 0.414815 0.566882
vt 0.438531 0.572273
vt 0.385145 0.413724
vt 0.387539 0.392316
vt 0.390693 0.392189
vt 0.389624 0.412585
vt 0.438871 0.568063
vt 0.464606 0.581594
vt 0.393897 0.392277
vt 0.393897 0.412325
vt 0.439174 0.565183
vt 0.003144 0.062589
vt 0.006521 0.038655
vt 0.009823 0.038925
vt 0.006760 0.062876
vt 0.955328 0.001009
vt 0.959629 0.000907
vt 0.959629 0.023006
vt 0.954012 0.023792
vt 0.013380 0.039254
vt 0.002726 0.089101
vt 0.011136 0.025535
vt 0.014264 0.025759
vt 0.017877 0.026109
vt 0.013805 0.018770
vt 0.017449 0.019199
vt 0.022031 0.019937
vt 0.021695 0.015335
vt 0.028064 0.016583
vt 0.017060 0.014349
vt 0.016712 0.010592
vt 0.021448 0.011731
vt 0.013362 0.013718
vt 0.012976 0.009614
vt 0.012616 0.006043
vt 0.016368 0.007376
vt 0.010325 0.013125
vt 0.009958 0.008780
vt 0.009821 0.004963
vt 0.013024 0.001380
vt 0.012472 0.002839
vt 0.007459 0.008091
vt 0.007601 0.003985
vt 0.415778 0.809769
vt 0.417069 0.807602
vt 0.420087 0.810630
vt 0.418487 0.813094
vt 0.669005 0.307626
vt 0.669430 0.302529
vt 0.670154 0.302568
vt 0.670154 0.313267
vt 0.423479 0.815314
vt 0.422160 0.824765
vt 0.420411 0.825080
vt 0.418729 0.825439
vt 0.416938 0.825826
vt 0.417218 0.818176
vt 0.617687 0.629622
vt 0.618604 0.634031
vt 0.618604 0.637109
vt 0.616706 0.634771
vt 0.140394 0.335738
vt 0.140851 0.334240
vt 0.140394 0.330796
vt 0.141433 0.332821
vt 0.630529 0.219652
vt 0.631175 0.216055
vt 0.632924 0.214592
vt 0.633144 0.218260
vt 0.015949 0.004320
vt 0.015261 0.001869
vt 0.020003 0.003470
vt 0.020689 0.005755
vt 0.021051 0.008600
vt 0.026830 0.006643
vt 0.027304 0.009390
vt 0.027715 0.012799
vt 0.035841 0.005656
vt 0.026411 0.004372
vt 0.035137 0.003805
vt 0.797372 0.862377
vt 0.799688 0.862295
vt 0.799087 0.857347
vt 0.801013 0.856203
vt 0.630788 0.211086
vt 0.629443 0.217665
vt 0.630349 0.213265
vt 0.418993 0.834387
vt 0.417366 0.834756
vt 0.420685 0.834020
vt 0.421043 0.846279
vt 0.422898 0.861731
vt 0.424148 0.816002
vt 0.423609 0.824395
vt 0.418300 0.806532
vt 0.419638 0.805432
vt 0.006481 0.003570
vt 0.005511 0.007590
vt 0.003813 0.007213
vt 0.005327 0.003176
vt 0.007761 0.012576
vt 0.005581 0.012097
vt 0.003843 0.011779
vt 0.008110 0.018287
vt 0.005899 0.018058
vt 0.159217 0.851958
vt 0.160548 0.856992
vt 0.008417 0.025308
vt 0.006032 0.025167
vt 0.161260 0.863487
vt 0.003716 0.038443
vt 0.001244 0.038218
vt 0.003957 0.025058
vt 0.010741 0.018525
vt 0.415853 0.956933
vt 0.415778 0.938686
vt 0.169721 0.001064
vt 0.271816 0.001293
vt 0.271416 0.001755
vt 0.398584 0.643559
vt 0.391672 0.656012
vt 0.391031 0.644876
vt 0.386650 0.686733
vt 0.386184 0.656052
vt 0.381652 0.731682
vt 0.381141 0.698106
vt 0.469758 0.543957
vt 0.472751 0.549137
vt 0.440079 0.552127
vt 0.439842 0.545961
vt 0.484960 0.543384
vt 0.486115 0.549110
vt 0.602231 0.801810
vt 0.600720 0.810268
vt 0.597384 0.808968
vt 0.596744 0.810080
vt 0.563501 0.811640
vt 0.557479 0.807313
vt 0.550150 0.802030
vt 0.587349 0.801053
vt 0.522877 0.806075
vt 0.522107 0.807803
vt 0.510620 0.807797
vt 0.514258 0.801668
vt 0.408178 0.553815
vt 0.406971 0.548660
vt 0.400741 0.554673
vt 0.398623 0.549514
vt 0.380654 0.660847
vt 0.380453 0.651338
vt 0.385517 0.648595
vt 0.380096 0.646517
vt 0.385225 0.643400
vt 0.379881 0.642499
vt 0.385081 0.638894
vt 0.379729 0.638783
vt 0.385018 0.634775
vt 0.379599 0.635302
vt 0.385046 0.630752
vt 0.379580 0.632085
vt 0.485092 0.797767
vt 0.488256 0.802929
vt 0.485374 0.803012
vt 0.482079 0.797778
vt 0.488310 0.797698
vt 0.491368 0.802817
vt 0.493803 0.808905
vt 0.490783 0.808987
vt 0.494622 0.802627
vt 0.496888 0.808730
vt 0.491795 0.797633
vt 0.499499 0.815535
vt 0.496197 0.815517
vt 0.499979 0.808533
vt 0.502971 0.815287
vt 0.497974 0.802506
vt 0.501488 0.802425
vt 0.503005 0.808289
vt 0.495513 0.797599
vt 0.499533 0.797595
vt 0.505197 0.815139
vt 0.506113 0.807980
vt 0.507807 0.815199
vt 0.505653 0.802188
vt 0.511412 0.815254
vt 0.514755 0.821371
vt 0.513271 0.824670
vt 0.511734 0.823528
vt 0.696590 0.777108
vt 0.695493 0.778542
vt 0.696154 0.765085
vt 0.695493 0.766586
vt 0.514058 0.823139
vt 0.525777 0.816471
vt 0.529446 0.816783
vt 0.538023 0.818152
vt 0.532977 0.826556
vt 0.519041 0.833252
vt 0.505522 0.824787
vt 0.500706 0.824980
vt 0.518620 0.836603
vt 0.500306 0.839603
vt 0.495512 0.825786
vt 0.547800 0.844568
vt 0.540730 0.827572
vt 0.559014 0.829804
vt 0.578435 0.831727
vt 0.573011 0.849868
vt 0.589886 0.833329
vt 0.588954 0.853137
vt 0.598416 0.834982
vt 0.589872 0.820335
vt 0.595813 0.821684
vt 0.602790 0.823589
vt 0.596413 0.814184
vt 0.598723 0.816644
vt 0.592073 0.811348
vt 0.583333 0.819820
vt 0.561942 0.819140
vt 0.546119 0.818559
vt 0.542891 0.810571
vt 0.538533 0.810481
vt 0.533252 0.810566
vt 0.529464 0.810628
vt 0.523593 0.816616
vt 0.526392 0.810686
vt 0.521570 0.816841
vt 0.523702 0.810731
vt 0.518215 0.814407
vt 0.520883 0.810707
vt 0.253786 0.777068
vt 0.252602 0.784649
vt 0.252097 0.786473
vt 0.252097 0.774487
vt 0.372712 0.439501
vt 0.375392 0.438870
vt 0.374540 0.443826
vt 0.375392 0.444126
vt 0.515270 0.815323
vt 0.518476 0.811048
vt 0.517856 0.816267
vt 0.524046 0.810671
vt 0.343871 0.223643
vt 0.344013 0.223805
vt 0.344991 0.223643
vt 0.344975 0.228672
vt 0.783391 0.266365
vt 0.784366 0.268326
vt 0.783391 0.252639
vt 0.785151 0.253389
vt 0.492993 0.815686
vt 0.491531 0.825876
vt 0.489948 0.815680
vt 0.487903 0.809019
vt 0.486939 0.815652
vt 0.485133 0.809073
vt 0.487270 0.825746
vt 0.484032 0.815680
vt 0.482563 0.809151
vt 0.480720 0.815568
vt 0.480122 0.809212
vt 0.478710 0.815721
vt 0.477971 0.809299
vt 0.477809 0.803257
vt 0.480138 0.803224
vt 0.475638 0.803335
vt 0.475955 0.809450
vt 0.474054 0.798011
vt 0.476370 0.798016
vt 0.379660 0.621052
vt 0.379706 0.618252
vt 0.476218 0.815727
vt 0.474427 0.815974
vt 0.474082 0.809556
vt 0.472314 0.809688
vt 0.470218 0.809786
vt 0.660122 0.319876
vt 0.659720 0.319190
vt 0.469432 0.809902
vt 0.482640 0.803045
vt 0.478905 0.797778
vt 0.397109 0.555157
vt 0.394256 0.550025
vt 0.445606 0.811686
vt 0.446404 0.803937
vt 0.446280 0.811394
vt 0.448494 0.804497
vt 0.447022 0.811072
vt 0.447586 0.810827
vt 0.616105 0.543929
vt 0.616105 0.532934
vt 0.625213 0.538762
vt 0.623504 0.552514
vt 0.637369 0.495297
vt 0.623004 0.938906
vt 0.623017 0.930676
vt 0.650547 0.881652
vt 0.656536 0.878221
vt 0.024596 0.157773
vt 0.662440 0.933015
vt 0.709410 0.064711
vt 0.840245 0.724749
vt 0.833568 0.723708
vt 0.839819 0.729984
vt 0.833170 0.728950
vt 0.400736 0.006499
vt 0.400736 0.001215
vt 0.405794 0.000916
vt 0.405314 0.006609
vt 0.833029 0.733034
vt 0.847333 0.726142
vt 0.856832 0.721343
vt 0.856258 0.727892
vt 0.857107 0.689560
vt 0.852837 0.681772
vt 0.848860 0.673803
vt 0.858424 0.672123
vt 0.840666 0.676410
vt 0.376368 0.709028
vt 0.371341 0.710251
vt 0.371062 0.701217
vt 0.376051 0.700735
vt 0.833426 0.677931
vt 0.376245 0.716306
vt 0.371204 0.717306
vt 0.366059 0.718689
vt 0.366267 0.711477
vt 0.376141 0.722161
vt 0.370863 0.722710
vt 0.162741 0.454052
vt 0.167869 0.453258
vt 0.167869 0.458666
vt 0.164531 0.458505
vt 0.365928 0.721615
vt 0.827600 0.679631
vt 0.365849 0.702179
vt 0.365357 0.691347
vt 0.370841 0.691361
vt 0.376669 0.691176
vt 0.365151 0.681815
vt 0.370836 0.682013
vt 0.376714 0.682004
vt 0.370977 0.672987
vt 0.376714 0.672769
vt 0.867535 0.669262
vt 0.876703 0.666672
vt 0.371280 0.662391
vt 0.374977 0.660030
vt 0.366152 0.672355
vt 0.367219 0.662984
vt 0.303570 0.823396
vt 0.291669 0.822159
vt 0.295234 0.817913
vt 0.312292 0.827676
vt 0.286949 0.826863
vt 0.282237 0.817730
vt 0.320922 0.831933
vt 0.330755 0.836530
vt 0.880968 0.704399
vt 0.321778 0.890599
vt 0.770767 0.067432
vt 0.775898 0.067943
vt 0.370179 0.264361
vt 0.364129 0.262715
vt 0.376720 0.004082
vt 0.382203 0.001051
vt 0.657914 0.272081
vt 0.904929 0.253993
vt 0.894396 0.255887
vt 0.905440 0.266066
vt 0.897178 0.266665
vt 0.890386 0.279512
vt 0.888364 0.268168
vt 0.882388 0.280773
vt 0.880418 0.269294
vt 0.884119 0.290816
vt 0.873236 0.270305
vt 0.866443 0.271008
vt 0.866665 0.258278
vt 0.872862 0.257836
vt 0.877717 0.258608
vt 0.860121 0.258809
vt 0.859749 0.247109
vt 0.867621 0.246879
vt 0.774741 0.604223
vt 0.774741 0.594865
vt 0.860035 0.271340
vt 0.855383 0.247249
vt 0.084418 0.661363
vt 0.826127 0.054194
vt 0.819919 0.054194
vt 0.777991 0.921673
vt 0.770926 0.911147
vt 0.778789 0.908615
vt 0.785932 0.906973
vt 0.780093 0.896666
vt 0.787635 0.895651
vt 0.781589 0.887085
vt 0.790185 0.886836
vt 0.783037 0.879133
vt 0.791532 0.879900
vt 0.187151 0.040976
vt 0.185859 0.033097
vt 0.192594 0.032228
vt 0.192531 0.037965
vt 0.020550 0.782176
vt 0.021910 0.790754
vt 0.014024 0.790741
vt 0.012558 0.782058
vt 0.185859 0.024803
vt 0.192983 0.026084
vt 0.890704 0.195369
vt 0.897632 0.193144
vt 0.901470 0.201436
vt 0.893551 0.203499
vt 0.883842 0.207023
vt 0.883842 0.197962
vt 0.884913 0.191247
vt 0.888384 0.190487
vt 0.897272 0.212848
vt 0.886801 0.215454
vt 0.005469 0.793188
vt 0.003381 0.784553
vt 0.022471 0.802259
vt 0.770996 0.889983
vt 0.771618 0.881592
vt 0.770600 0.899792
vt 0.762950 0.915776
vt 0.833962 0.260416
vt 0.836967 0.247952
vt 0.832253 0.413436
vt 0.847786 0.415748
vt 0.863210 0.412968
vt 0.872283 0.410242
vt 0.878623 0.408340
vt 0.162722 0.757764
vt 0.178691 0.759639
vt 0.177576 0.753069
vt 0.176624 0.746754
vt 0.191462 0.748464
vt 0.175800 0.740770
vt 0.191844 0.742514
vt 0.201960 0.743316
vt 0.192360 0.736578
vt 0.175259 0.734732
vt 0.175272 0.729223
vt 0.192951 0.730983
vt 0.600099 0.529637
vt 0.594710 0.530043
vt 0.594710 0.519093
vt 0.599735 0.519167
vt 0.359242 0.308712
vt 0.352616 0.311302
vt 0.828219 0.062314
vt 0.826389 0.060389
vt 0.829699 0.050411
vt 0.769265 0.133844
vt 0.775688 0.136491
vt 0.120165 0.059568
vt 0.113233 0.062567
vt 0.108815 0.064715
vt 0.942446 0.157594
vt 0.942446 0.163415
vt 0.933781 0.159964
vt 0.933513 0.154234
vt 0.926059 0.495611
vt 0.935837 0.497292
vt 0.935717 0.502647
vt 0.927219 0.501415
vt 0.935837 0.508730
vt 0.927968 0.508000
vt 0.927361 0.006922
vt 0.926445 0.001482
vt 0.936101 0.003028
vt 0.935638 0.007887
vt 0.934782 0.013822
vt 0.927165 0.012993
vt 0.933901 0.019932
vt 0.926605 0.019285
vt 0.943288 0.008666
vt 0.942585 0.014550
vt 0.941709 0.020639
vt 0.940686 0.026735
vt 0.933199 0.026084
vt 0.772131 0.544357
vt 0.772131 0.539106
vt 0.779864 0.538532
vt 0.779864 0.543496
vt 0.779565 0.548976
vt 0.772397 0.549846
vt 0.778905 0.554528
vt 0.772504 0.555157
vt 0.919976 0.482638
vt 0.920152 0.476292
vt 0.927744 0.476207
vt 0.927103 0.482843
vt 0.934499 0.475963
vt 0.933706 0.482707
vt 0.932773 0.489921
vt 0.888699 0.592803
vt 0.888952 0.586067
vt 0.895633 0.585720
vt 0.895037 0.592464
vt 0.888728 0.599997
vt 0.902792 0.585232
vt 0.902792 0.591992
vt 0.927429 0.178859
vt 0.927956 0.173082
vt 0.935475 0.172813
vt 0.935226 0.178633
vt 0.926299 0.184892
vt 0.920255 0.520904
vt 0.920364 0.514109
vt 0.927777 0.514594
vt 0.927785 0.521234
vt 0.920433 0.527524
vt 0.935153 0.515019
vt 0.934378 0.521365
vt 0.926612 0.025684
vt 0.932565 0.031975
vt 0.926445 0.032067
vt 0.608807 0.231374
vt 0.613317 0.232304
vt 0.613317 0.239246
vt 0.608894 0.238226
vt 0.931670 0.036711
vt 0.920319 0.507007
vt 0.935336 0.166833
vt 0.927521 0.166472
vt 0.921455 0.153962
vt 0.919178 0.498914
vt 0.928348 0.470068
vt 0.935037 0.469688
vt 0.920426 0.470191
vt 0.921112 0.464491
vt 0.929081 0.464515
vt 0.935837 0.463414
vt 0.592168 0.557801
vt 0.588308 0.556671
vt 0.453378 0.307980
vt 0.448499 0.307543
vt 0.448499 0.299791
vt 0.453170 0.300328
vt 0.404324 0.199184
vt 0.404555 0.191463
vt 0.943562 0.003313
vt 0.600195 0.734236
vt 0.602757 0.719055
vt 0.610625 0.720611
vt 0.750118 0.588419
vt 0.756071 0.589217
vt 0.755828 0.603118
vt 0.751060 0.602219
vt 0.746172 0.600360
vt 0.743581 0.588621
vt 0.832436 0.804978
vt 0.753505 0.617154
vt 0.748822 0.616982
vt 0.756071 0.617282
vt 0.746381 0.616376
vt 0.740873 0.596151
vt 0.906865 0.461559
vt 0.911497 0.462565
vt 0.913324 0.482288
vt 0.904509 0.460352
vt 0.914032 0.462679
vt 0.917331 0.482541
vt 0.081185 0.677625
vt 0.085752 0.678623
vt 0.087239 0.695201
vt 0.081379 0.695249
vt 0.242611 0.847119
vt 0.249995 0.846853
vt 0.086707 0.707004
vt 0.081185 0.707165
vt 0.255991 0.828626
vt 0.258042 0.847275
vt 0.264316 0.828998
vt 0.266164 0.848108
vt 0.270970 0.828320
vt 0.270970 0.849380
vt 0.546239 0.794328
vt 0.805092 0.815552
vt 0.064768 0.711130
vt 0.059338 0.710153
vt 0.768423 0.729313
vt 0.762780 0.721229
vt 0.811382 0.667786
vt 0.806576 0.639673
vt 0.813485 0.639784
vt 0.251787 0.743918
vt 0.250691 0.721075
vt 0.257752 0.719250
vt 0.257752 0.745497
vt 0.816238 0.670139
vt 0.207815 0.781016
vt 0.209020 0.773629
vt 0.229367 0.784425
vt 0.231135 0.792916
vt 0.237728 0.790127
vt 0.237669 0.794109
vt 0.237667 0.800180
vt 0.231816 0.799424
vt 0.237700 0.808420
vt 0.031908 0.664603
vt 0.023675 0.664402
vt 0.022930 0.656018
vt 0.032187 0.655989
vt 0.021665 0.645439
vt 0.032218 0.645017
vt 0.043640 0.644801
vt 0.031396 0.629491
vt 0.041969 0.627922
vt 0.050629 0.626680
vt 0.040142 0.606879
vt 0.048769 0.605399
vt 0.038757 0.584539
vt 0.047598 0.582153
vt 0.033931 0.565225
vt 0.042172 0.561968
vt 0.026815 0.550327
vt 0.034829 0.549631
vt 0.021460 0.533316
vt 0.027198 0.533598
vt 0.015256 0.532624
vt 0.019199 0.550498
vt 0.011291 0.550009
vt 0.024557 0.567731
vt 0.014388 0.568585
vt 0.005424 0.568767
vt 0.003846 0.549384
vt 0.028273 0.586808
vt 0.017010 0.588382
vt 0.007048 0.589451
vt 0.483695 0.076899
vt 0.474522 0.076058
vt 0.474795 0.057892
vt 0.483506 0.058958
vt 0.019024 0.610317
vt 0.008979 0.611853
vt 0.483780 0.096492
vt 0.474413 0.095505
vt 0.764245 0.618875
vt 0.765503 0.628355
vt 0.741311 0.620282
vt 0.000791 0.613278
vt 0.011067 0.632742
vt 0.002420 0.633721
vt 0.784677 0.617044
vt 0.785107 0.626557
vt 0.462873 0.716034
vt 0.462306 0.705495
vt 0.798135 0.623117
vt 0.013712 0.646132
vt 0.005123 0.646864
vt 0.020381 0.631297
vt 0.016285 0.656482
vt 0.010485 0.657912
vt 0.017610 0.664234
vt 0.013634 0.664171
vt 0.029848 0.608603
vt 0.489828 0.729635
vt 0.483927 0.728986
vt 0.491711 0.707156
vt 0.810657 0.617911
vt 0.762562 0.719395
vt 0.762532 0.711371
vt 0.763331 0.707058
vt 0.547227 0.434873
vt 0.546557 0.430371
vt 0.547156 0.427498
vt 0.547227 0.426850
vt 0.001860 0.270362
vt 0.006609 0.270620
vt 0.006609 0.288153
vt 0.001567 0.285357
vt 0.545159 0.214132
vt 0.541059 0.211000
vt 0.541059 0.193994
vt 0.545905 0.196583
vt 0.059605 0.537296
vt 0.068578 0.555188
vt 0.652704 0.441661
vt 0.651291 0.425309
vt 0.355454 0.709808
vt 0.355751 0.695224
vt 0.362174 0.695236
vt 0.361992 0.708775
vt 0.666158 0.454216
vt 0.660467 0.456357
vt 0.355260 0.679455
vt 0.361774 0.679227
vt 0.671476 0.465173
vt 0.666520 0.467918
vt 0.458725 0.531526
vt 0.463162 0.518004
vt 0.468723 0.519684
vt 0.463821 0.534008
vt 0.124910 0.917331
vt 0.126100 0.910492
vt 0.139578 0.909651
vt 0.141132 0.915734
vt 0.152367 0.903063
vt 0.155527 0.907688
vt 0.555951 0.518328
vt 0.545265 0.513794
vt 0.547929 0.509296
vt 0.557681 0.513538
vt 0.570576 0.515881
vt 0.569895 0.520790
vt 0.583192 0.514930
vt 0.583727 0.519972
vt 0.583412 0.506327
vt 0.451098 0.453398
vt 0.463350 0.453090
vt 0.463467 0.462782
vt 0.450673 0.463126
vt 0.451521 0.435672
vt 0.463434 0.435563
vt 0.475778 0.435574
vt 0.475756 0.452749
vt 0.475994 0.409876
vt 0.487190 0.409872
vt 0.487268 0.435483
vt 0.487388 0.380848
vt 0.521971 0.461755
vt 0.534726 0.462270
vt 0.534094 0.487816
vt 0.521694 0.487523
vt 0.487745 0.351741
vt 0.534936 0.436365
vt 0.453295 0.117570
vt 0.441499 0.117559
vt 0.441588 0.088347
vt 0.453218 0.088398
vt 0.450776 0.145453
vt 0.440494 0.145375
vt 0.428781 0.144671
vt 0.428578 0.117589
vt 0.415899 0.117445
vt 0.416404 0.088362
vt 0.428942 0.088268
vt 0.417528 0.145145
vt 0.613942 0.383854
vt 0.602696 0.382985
vt 0.602557 0.357393
vt 0.615532 0.358232
vt 0.613551 0.409426
vt 0.603100 0.408882
vt 0.592817 0.409801
vt 0.591522 0.384267
vt 0.593315 0.434588
vt 0.380867 0.187988
vt 0.391792 0.188401
vt 0.379873 0.217138
vt 0.382003 0.158960
vt 0.392981 0.159432
vt 0.403589 0.159845
vt 0.402411 0.188797
vt 0.404275 0.130757
vt 0.566838 0.229664
vt 0.557216 0.229315
vt 0.566329 0.204572
vt 0.567820 0.254499
vt 0.557950 0.254139
vt 0.548496 0.254660
vt 0.548212 0.229434
vt 0.515545 0.286605
vt 0.589543 0.358726
vt 0.442201 0.059609
vt 0.453378 0.033912
vt 0.453378 0.059586
vt 0.533900 0.510654
vt 0.533820 0.525385
vt 0.522098 0.525023
vt 0.521892 0.510229
vt 0.487145 0.452329
vt 0.487373 0.462152
vt 0.476396 0.462364
vt 0.510286 0.532247
vt 0.509188 0.538349
vt 0.477503 0.467918
vt 0.463448 0.467354
vt 0.166330 0.879186
vt 0.171834 0.880029
vt 0.166669 0.896066
vt 0.161626 0.892645
vt 0.596133 0.516583
vt 0.594899 0.511768
vt 0.463958 0.485778
vt 0.458725 0.471593
vt 0.464052 0.469310
vt 0.469529 0.484130
vt 0.471250 0.501895
vt 0.465085 0.501769
vt 0.475514 0.483327
vt 0.475849 0.502035
vt 0.474597 0.520304
vt 0.355460 0.662948
vt 0.362174 0.663234
vt 0.078448 0.876540
vt 0.063865 0.876876
vt 0.488129 0.344294
vt 0.569404 0.216081
vt 0.573415 0.196495
vt 0.580018 0.198635
vt 0.576547 0.181888
vt 0.581361 0.172727
vt 0.421397 0.367617
vt 0.423119 0.381777
vt 0.540496 0.282890
vt 0.547226 0.283121
vt 0.615960 0.593787
vt 0.612610 0.603317
vt 0.333560 0.964497
vt 0.460937 0.486219
vt 0.090285 0.961914
vt 0.910446 0.968448
vt 0.027752 0.847276
vt 0.022489 0.845829
vt 0.695268 0.285463
vt 0.695268 0.302693
vt 0.690214 0.300695
vt 0.691273 0.283855
vt 0.685244 0.281906
vt 0.686707 0.261001
vt 0.692878 0.260818
vt 0.684282 0.298726
vt 0.680889 0.261111
vt 0.682181 0.245637
vt 0.687903 0.244130
vt 0.692928 0.242446
vt 0.679168 0.280386
vt 0.791426 0.166254
vt 0.798593 0.167772
vt 0.678750 0.296169
vt 0.806215 0.169509
vt 0.713872 0.619926
vt 0.708059 0.619879
vt 0.707998 0.610173
vt 0.718606 0.618289
vt 0.521859 0.122928
vt 0.530043 0.122928
vt 0.815974 0.646105
vt 0.658226 0.546484
vt 0.658951 0.541259
vt 0.663545 0.540289
vt 0.663545 0.549870
vt 0.887357 0.043431
vt 0.886361 0.034405
vt 0.881307 0.034503
vt 0.880648 0.022826
vt 0.885962 0.024469
vt 0.876695 0.034819
vt 0.876695 0.019670
vt 0.037602 0.677439
vt 0.036585 0.683262
vt 0.190340 0.558227
vt 0.186580 0.559123
vt 0.186580 0.540586
vt 0.190337 0.544370
vt 0.847607 0.804519
vt 0.901691 0.631396
vt 0.907740 0.633595
vt 0.906215 0.643730
vt 0.901500 0.641899
vt 0.642257 0.964903
vt 0.635055 0.971525
vt 0.677064 0.420869
vt 0.683372 0.421882
vt 0.683372 0.430642
vt 0.677909 0.429727
vt 0.513837 0.530386
vt 0.519469 0.531365
vt 0.905325 0.653548
vt 0.912702 0.645361
vt 0.911362 0.654961
vt 0.910111 0.663336
vt 0.904344 0.662708
vt 0.683191 0.438839
vt 0.678970 0.437774
vt 0.908694 0.670998
vt 0.903466 0.670957
vt 0.669865 0.029601
vt 0.669884 0.022721
vt 0.674120 0.021810
vt 0.674120 0.030401
vt 0.626535 0.781678
vt 0.622649 0.781823
vt 0.916428 0.664627
vt 0.914138 0.671497
vt 0.911224 0.679429
vt 0.908394 0.686524
vt 0.917915 0.656644
vt 0.919318 0.647113
vt 0.925802 0.648922
vt 0.161768 0.283244
vt 0.161933 0.274303
vt 0.169191 0.275422
vt 0.169075 0.284716
vt 0.169191 0.293440
vt 0.162157 0.291420
vt 0.877660 0.776456
vt 0.914396 0.635349
vt 0.908599 0.623961
vt 0.917085 0.625130
vt 0.625444 0.243212
vt 0.630904 0.239435
vt 0.703965 0.193924
vt 0.708486 0.193924
vt 0.708043 0.210438
vt 0.705563 0.211488
vt 0.588319 0.482458
vt 0.588864 0.466723
vt 0.592168 0.462624
vt 0.592168 0.481990
vt 0.790438 0.190780
vt 0.783974 0.194305
vt 0.786283 0.193833
vt 0.783974 0.178559
vt 0.897598 0.967333
vt 0.898409 0.951540
vt 0.907208 0.954420
vt 0.676710 0.246485
vt 0.671508 0.253814
vt 0.569328 0.243212
vt 0.568951 0.238470
vt 0.568816 0.233678
vt 0.573663 0.233678
vt 0.896643 0.940239
vt 0.906677 0.939148
vt 0.905006 0.913648
vt 0.914328 0.917407
vt 0.915998 0.938886
vt 0.915410 0.955502
vt 0.920405 0.960439
vt 0.932264 0.896319
vt 0.932207 0.880102
vt 0.800807 0.284853
vt 0.800819 0.301071
vt 0.795265 0.300943
vt 0.796027 0.284492
vt 0.405793 0.334416
vt 0.402153 0.333276
vt 0.399760 0.316527
vt 0.405793 0.312667
vt 0.801013 0.313223
vt 0.795473 0.313124
vt 0.897128 0.915015
vt 0.886012 0.944969
vt 0.881793 0.946965
vt 0.576306 0.040822
vt 0.576306 0.049429
vt 0.575828 0.041873
vt 0.576159 0.049533
vt 0.575588 0.042401
vt 0.575968 0.049668
vt 0.575348 0.042929
vt 0.575770 0.049808
vt 0.575108 0.043457
vt 0.575572 0.049948
vt 0.574867 0.043985
vt 0.575375 0.050088
vt 0.574653 0.044456
vt 0.575177 0.050229
vt 0.574545 0.044693
vt 0.001215 0.413162
vt 0.001128 0.413272
vt 0.001322 0.418883
vt 0.001128 0.419012
vt 0.385967 0.023905
vt 0.385948 0.028864
vt 0.385967 0.029080
vt 0.384722 0.027877
vt 0.192983 0.001284
vt 0.192742 0.003740
vt 0.192684 0.003965
vt 0.192684 0.000754
vt 0.105580 0.061007
vt 0.105744 0.061683
vt 0.105580 0.063379
vt 0.105661 0.063447
vt 0.187696 0.112154
vt 0.187610 0.112353
vt 0.185898 0.109672
vt 0.187696 0.107858
vt 0.187667 0.108364
vt 0.376192 0.532127
vt 0.379357 0.519705
vt 0.378596 0.531626
vt 0.379357 0.534008
vt 0.289475 0.600530
vt 0.282599 0.592580
vt 0.289330 0.592996
vt 0.289475 0.607539
vt 0.954320 0.047585
vt 0.626763 0.971298
vt 0.624798 0.966902
vt 0.628497 0.252915
vt 0.629134 0.243288
vt 0.936997 0.321952
vt 0.936997 0.314924
vt 0.688569 0.942608
vt 0.688509 0.935580
vt 0.309302 0.692602
vt 0.306094 0.697912
vt 0.300012 0.689945
vt 0.305594 0.687584
vt 0.807622 0.590430
vt 0.470480 0.560764
vt 0.470480 0.552134
vt 0.515568 0.390709
vt 0.512919 0.383858
vt 0.518147 0.385314
vt 0.938843 0.428887
vt 0.932490 0.434679
vt 0.933794 0.426707
vt 0.659089 0.614083
vt 0.664867 0.612479
vt 0.664867 0.620623
vt 0.658809 0.621247
vt 0.942865 0.456307
vt 0.937541 0.458586
vt 0.930727 0.442856
vt 0.885973 0.576122
vt 0.363979 0.749497
vt 0.369473 0.748297
vt 0.369995 0.756994
vt 0.363453 0.759114
vt 0.589678 0.241258
vt 0.589427 0.231609
vt 0.595673 0.229930
vt 0.596649 0.239295
vt 0.595515 0.248956
vt 0.589336 0.250054
vt 0.370105 0.764670
vt 0.363709 0.766646
vt 0.595519 0.258195
vt 0.589594 0.258963
vt 0.923969 0.536294
vt 0.932694 0.538658
vt 0.596606 0.267748
vt 0.589757 0.268358
vt 0.941873 0.541249
vt 0.597343 0.276750
vt 0.590104 0.277542
vt 0.950881 0.543692
vt 0.825081 0.587378
vt 0.833715 0.584055
vt 0.842965 0.580768
vt 0.588893 0.222501
vt 0.593878 0.221114
vt 0.945089 0.463331
vt 0.939823 0.463953
vt 0.446769 0.483088
vt 0.446769 0.503607
vt 0.442596 0.493845
vt 0.441858 0.482340
vt 0.762335 0.115137
vt 0.773476 0.121353
vt 0.626163 0.602251
vt 0.629194 0.592299
vt 0.720565 0.557801
vt 0.716388 0.555382
vt 0.729549 0.549572
vt 0.730957 0.555476
vt 0.719410 0.542314
vt 0.730957 0.540698
vt 0.674166 0.218132
vt 0.674900 0.186439
vt 0.619926 0.411081
vt 0.615623 0.407729
vt 0.615630 0.403729
vt 0.619926 0.403827
vt 0.601233 0.099897
vt 0.601202 0.095886
vt 0.603509 0.080887
vt 0.603108 0.074300
vt 0.926772 0.191097
vt 0.959440 0.226499
vt 0.960951 0.238581
vt 0.759723 0.590456
vt 0.370053 0.814729
vt 0.376168 0.815255
vt 0.379357 0.826127
vt 0.370053 0.823422
vt 0.394393 0.891496
vt 0.377273 0.888405
vt 0.303834 0.703494
vt 0.314158 0.702060
vt 0.945255 0.495339
vt 0.949055 0.500453
vt 0.350278 0.259073
vt 0.344644 0.258074
vt 0.343558 0.245933
vt 0.350278 0.243147
vt 0.335412 0.830988
vt 0.187696 0.211668
vt 0.183310 0.206538
vt 0.378036 0.220794
vt 0.371997 0.222063
vt 0.372047 0.212435
vt 0.378036 0.211953
vt 0.022418 0.774625
vt 0.036761 0.774047
vt 0.032855 0.776043
vt 0.679577 0.487863
vt 0.690533 0.483673
vt 0.695025 0.495128
vt 0.706969 0.480257
vt 0.921376 0.403986
vt 0.938405 0.406196
vt 0.930318 0.409458
vt 0.921342 0.412453
vt 0.018449 0.905635
vt 0.018505 0.913861
vt 0.010854 0.907915
vt 0.960123 0.763156
vt 0.951272 0.765324
vt 0.950630 0.758606
vt 0.959877 0.755723
vt 0.929945 0.417979
vt 0.921650 0.420675
vt 0.929285 0.425877
vt 0.921342 0.428264
vt 0.938480 0.414633
vt 0.938398 0.422911
vt 0.775873 0.864033
vt 0.783829 0.867434
vt 0.777379 0.878999
vt 0.773292 0.872595
vt 0.322892 0.945471
vt 0.323534 0.937241
vt 0.332582 0.934035
vt 0.331687 0.941952
vt 0.773292 0.853736
vt 0.779723 0.855509
vt 0.341025 0.931296
vt 0.340499 0.938653
vt 0.340239 0.944936
vt 0.330263 0.949055
vt 0.725027 0.782096
vt 0.725435 0.775785
vt 0.734233 0.773034
vt 0.783280 0.150196
vt 0.782306 0.140637
vt 0.786347 0.142326
vt 0.789116 0.153534
vt 0.785218 0.169191
vt 0.782306 0.160133
vt 0.725128 0.768477
vt 0.734882 0.765537
vt 0.743420 0.762607
vt 0.744004 0.770444
vt 0.001438 0.910258
vt 0.001279 0.902394
vt 0.010739 0.899618
vt 0.735178 0.757504
vt 0.742756 0.754442
vt 0.725027 0.760400
vt 0.541671 0.177596
vt 0.532654 0.179765
vt 0.726211 0.752464
vt 0.735956 0.750248
vt 0.340831 0.923235
vt 0.332785 0.925787
vt 0.323541 0.928863
vt 0.163904 0.676763
vt 0.156940 0.676541
vt 0.156940 0.668188
vt 0.163517 0.668285
vt 0.708259 0.600833
vt 0.767968 0.554704
vt 0.759376 0.555157
vt 0.655557 0.245374
vt 0.656557 0.232312
vt 0.662223 0.232758
vt 0.661731 0.244759
vt 0.662223 0.255721
vt 0.656609 0.257752
vt 0.648943 0.246424
vt 0.651745 0.232702
vt 0.171791 0.318555
vt 0.171791 0.302383
vt 0.177122 0.302659
vt 0.176809 0.315937
vt 0.790841 0.249447
vt 0.713142 0.590681
vt 0.707998 0.592735
vt 0.895964 0.808366
vt 0.899211 0.807772
vt 0.676763 0.172317
vt 0.675292 0.179765
vt 0.669615 0.179092
vt 0.669615 0.172650
vt 0.399985 0.378987
vt 0.405113 0.378959
vt 0.405793 0.386099
vt 0.400535 0.384635
vt 0.740210 0.590492
vt 0.739179 0.596684
vt 0.733337 0.596054
vt 0.735599 0.588882
vt 0.751522 0.773255
vt 0.746723 0.773207
vt 0.404178 0.392575
vt 0.399985 0.391427
vt 0.737198 0.604467
vt 0.732491 0.604492
vt 0.758715 0.025588
vt 0.754395 0.027758
vt 0.892413 0.653011
vt 0.890928 0.657831
vt 0.889813 0.662223
vt 0.634228 0.069897
vt 0.515684 0.477171
vt 0.514711 0.465321
vt 0.519385 0.465134
vt 0.519469 0.475641
vt 0.634770 0.005570
vt 0.898826 0.655718
vt 0.896839 0.659977
vt 0.519469 0.458843
vt 0.514581 0.458760
vt 0.898826 0.509556
vt 0.799427 0.602939
vt 0.804978 0.606939
vt 0.804978 0.618604
vt 0.798028 0.614914
vt 0.914144 0.380311
vt 0.919197 0.375631
vt 0.279655 0.001948
vt 0.286831 0.005268
vt 0.286781 0.021149
vt 0.279655 0.017402
vt 0.889760 0.773747
vt 0.896053 0.766791
vt 0.027716 0.696003
vt 0.029080 0.697345
vt 0.029080 0.708486
vt 0.024586 0.701630
vt 0.235899 0.714770
vt 0.110527 0.668087
vt 0.124773 0.673822
vt 0.503607 0.700794
vt 0.501810 0.716105
vt 0.493963 0.710805
vt 0.496781 0.697327
vt 0.905549 0.219097
vt 0.503607 0.730957
vt 0.494327 0.724002
vt 0.335093 0.709139
vt 0.335128 0.684516
vt 0.340032 0.726992
vt 0.371295 0.568375
vt 0.960241 0.429186
vt 0.954859 0.428989
vt 0.933547 0.203577
vt 0.947333 0.194945
vt 0.105332 0.845097
vt 0.111031 0.849162
vt 0.018343 0.672081
vt 0.027003 0.667133
vt 0.341168 0.666813
vt 0.868026 0.519071
vt 0.955664 0.051863
vt 0.478344 0.794404
vt 0.479125 0.781839
vt 0.483780 0.778611
vt 0.483780 0.793638
vt 0.640674 0.301080
vt 0.600099 0.162582
vt 0.595557 0.159646
vt 0.595651 0.152984
vt 0.600099 0.154185
vt 0.959629 0.718427
vt 0.959447 0.723750
vt 0.959629 0.731884
vt 0.001852 0.372748
vt 0.000772 0.363980
vt 0.006609 0.366055
vt 0.006184 0.372748
vt 0.652971 0.312377
vt 0.089126 0.025957
vt 0.186821 0.157695
vt 0.187696 0.159547
vt 0.186821 0.159938
vt 0.092862 0.036316
vt 0.584635 0.556298
vt 0.634466 0.109710
vt 0.628084 0.108201
vt 0.628084 0.101250
vt 0.633866 0.102610
vt 0.100507 0.327894
vt 0.068962 0.327505
vt 0.046335 0.332659
vt 0.635347 0.164846
vt 0.749848 0.289209
vt 0.748393 0.281445
vt 0.753356 0.269515
vt 0.756071 0.273630
vt 0.943767 0.106935
vt 0.803051 0.539488
vt 0.803656 0.549458
vt 0.799403 0.547850
vt 0.799139 0.539986
vt 0.803656 0.555157
vt 0.798826 0.553383
vt 0.357592 0.806030
vt 0.357557 0.797558
vt 0.351249 0.805396
vt 0.135216 0.799482
vt 0.134721 0.797276
vt 0.132387 0.822701
vt 0.763163 0.706412
vt 0.762602 0.712023
vt 0.763220 0.714884
vt 0.508894 0.410447
vt 0.508894 0.417690
vt 0.504425 0.412673
vt 0.507799 0.407371
vt 0.795725 0.232033
vt 0.795183 0.243212
vt 0.792427 0.237362
vt 0.792427 0.229736
vt 0.370527 0.395836
vt 0.364742 0.401828
vt 0.364033 0.390146
vt 0.369631 0.390861
vt 0.371427 0.389184
vt 0.364033 0.385997
vt 0.491711 0.697027
vt 0.167482 0.411189
vt 0.171834 0.409449
vt 0.171834 0.417690
vt 0.479676 0.256278
vt 0.482503 0.260395
vt 0.712130 0.555468
vt 0.705654 0.557801
vt 0.018505 0.421855
vt 0.018505 0.435703
vt 0.014055 0.436195
vt 0.010354 0.432047
vt 0.688659 0.595129
vt 0.688659 0.602742
vt 0.681529 0.602592
vt 0.683932 0.597802
vt 0.629443 0.220741
vt 0.142602 0.581593
vt 0.151385 0.568749
vt 0.152007 0.581593
vt 0.150446 0.579370
vt 0.586807 0.488050
vt 0.591198 0.486163
vt 0.251310 0.715203
vt 0.396506 0.943349
vt 0.407620 0.940048
vt 0.033795 0.667454
vt 0.035689 0.674074
vt 0.033795 0.680729
vt 0.026535 0.322520
vt 0.026535 0.316031
vt 0.027758 0.320383
vt 0.100457 0.634949
vt 0.100457 0.647683
vt 0.099552 0.637751
vt 0.942806 0.148992
vt 0.297406 0.033553
vt 0.290409 0.034367
vt 0.290409 0.025686
vt 0.095952 0.034137
vt 0.088407 0.024881
vt 0.257994 0.908270
vt 0.260076 0.909400
vt 0.352921 0.414780
vt 0.023667 0.249594
vt 0.651649 0.321198
vt 0.647897 0.320130
vt 0.651649 0.314084
vt 0.384587 0.013110
vt 0.383691 0.001050
vt 0.391254 0.001050
vt 0.388878 0.013218
vt 0.827065 0.180340
vt 0.514365 0.488488
vt 0.619429 0.593255
vt 0.620382 0.593246
vt 0.623891 0.604064
vt 0.614060 0.604064
vt 0.881643 0.855936
vt 0.029609 0.353903
vt 0.030401 0.361882
vt 0.029609 0.368783
vt 0.030401 0.343947
vt 0.030401 0.348956
vt 0.028393 0.345627
vt 0.188623 0.306658
vt 0.188623 0.297643
vt 0.189018 0.301730
vt 0.517677 0.177122
vt 0.517677 0.169174
vt 0.519469 0.175298
vt 0.226069 0.672721
vt 0.576988 0.019068
vt 0.581593 0.016766
vt 0.581593 0.025114
vt 0.010574 0.313267
vt 0.010128 0.309680
vt 0.010574 0.307046
vt 0.720890 0.752250
vt 0.721704 0.750673
vt 0.721704 0.766646
vt 0.179099 0.633144
vt 0.818268 0.093049
vt 0.819518 0.089692
vt 0.373404 0.810573
vt 0.673627 0.131767
vt 0.657779 0.693774
vt 0.401563 0.257752
vt 0.405461 0.252391
vt 0.405793 0.257752
vt 0.937868 0.102082
vt 0.633144 0.556237
vt 0.625745 0.557801
vt 0.625745 0.547437
vt 0.009253 0.720383
vt 0.001000 0.712356
vt 0.009253 0.708082
vt 0.623891 0.168511
vt 0.623891 0.181087
vt 0.620282 0.178332
vt 0.001322 0.007931
vt 0.000953 0.007815
vt 0.000977 0.007553
vt 0.001322 0.007179
vt 0.087239 0.061110
vt 0.087112 0.061195
vt 0.085571 0.062125
vt 0.085571 0.057443
vt 0.140111 0.091204
vt 0.140100 0.091062
vt 0.140057 0.090253
vt 0.140009 0.090065
vt 0.140111 0.089491
vt 0.139529 0.075343
vt 0.069130 0.328294
vt 0.182409 0.024293
vt 0.181060 0.025138
vt 0.179462 0.026165
vt 0.178848 0.023086
vt 0.178848 0.027758
vt 0.347634 0.330451
vt 0.346872 0.329870
vt 0.345895 0.327394
vt 0.347634 0.324258
vt 0.245236 0.740210
vt 0.247372 0.737455
vt 0.248895 0.738624
vt 0.249821 0.738296
vt 0.245236 0.723538
vt 0.048344 0.330426
vt 0.046960 0.328322
vt 0.211271 0.292037
vt 0.210810 0.292086
vt 0.213820 0.286682
vt 0.051201 0.002417
vt 0.030401 0.337060
vt 0.029100 0.336649
vt 0.030401 0.330556
vt 0.725822 0.347568
vt 0.732383 0.351600
vt 0.096295 0.047594
vt 0.925134 0.153164
vt 0.002733 0.256759
vt 0.003965 0.258158
vt 0.002733 0.265682
vt 0.699694 0.219014
vt 0.701107 0.215365
vt 0.703199 0.217292
vt 0.703199 0.226028
vt 0.945906 0.927729
vt 0.946411 0.906794
vt 0.417690 0.501871
vt 0.415267 0.503607
vt 0.414269 0.499361
vt 0.417690 0.489394
vt 0.388300 0.484306
vt 0.193855 0.337398
vt 0.193855 0.334019
vt 0.195627 0.336268
vt 0.194780 0.341025
vt 0.804978 0.012052
vt 0.804978 0.027758
vt 0.800399 0.023883
vt 0.802621 0.012020
vt 0.368394 0.192157
vt 0.375392 0.184337
vt 0.375392 0.207777
vt 0.921355 0.961655
vt 0.001862 0.216478
vt 0.007967 0.217951
vt 0.013423 0.233234
vt 0.027359 0.242144
vt 0.024763 0.257315
vt 0.024185 0.260202
vt 0.528721 0.097813
vt 0.524095 0.085537
vt 0.528721 0.079382
vt 0.617282 0.672208
vt 0.617282 0.689981
vt 0.615781 0.678563
vt 0.023797 0.260991
vt 0.042413 0.768147
vt 0.032909 0.776042
vt 0.049948 0.773395
vt 0.208845 0.339703
vt 0.207896 0.335288
vt 0.208845 0.330715
vt 0.142330 0.609843
vt 0.144076 0.601387
vt 0.144076 0.614638
vt 0.615825 0.547469
vt 0.719953 0.480347
vt 0.363297 0.425063
vt 0.366139 0.425875
vt 0.363297 0.438839
vt 0.828963 0.189848
vt 0.613317 0.099723
vt 0.673040 0.229806
vt 0.740952 0.541462
vt 0.734487 0.543089
vt 0.744175 0.537024
vt 0.744175 0.551917
vt 0.732618 0.553835
vt 0.076519 0.428638
vt 0.186671 0.137468
vt 0.186671 0.133735
vt 0.187696 0.136534
vt 0.187119 0.137336
vt 0.002039 0.693947
vt 0.001940 0.693560
vt 0.001940 0.684801
vt 0.002644 0.689960
vt 0.789451 0.145108
vt 0.789347 0.133179
vt 0.793082 0.137279
vt 0.789347 0.145398
vt 0.486141 0.518981
vt 0.483769 0.514250
vt 0.487745 0.510376
vt 0.487745 0.518550
vt 0.487115 0.523434
vt 0.486914 0.523130
vt 0.951698 0.026436
vt 0.489802 0.347024
vt 0.493033 0.366288
vt 0.489802 0.367461
vt 0.001148 0.255108
vt 0.001148 0.237297
vt 0.003965 0.241778
vt 0.418691 0.366139
vt 0.418691 0.360887
vt 0.419012 0.361377
vt 0.077367 0.967887
vt 0.056360 0.970203
vt 0.672246 0.042296
vt 0.674645 0.033690
vt 0.073183 0.255846
vt 0.080241 0.256388
vt 0.828804 0.062250
vt 0.715110 0.815939
vt 0.710561 0.817698
vt 0.212759 0.673731
vt 0.589106 0.786647
vt 0.059481 0.005693
vt 0.059178 0.006609
vt 0.059178 0.005221
vt 0.616648 0.778247
vt 0.621247 0.778683
vt 0.905089 0.701686
vt 0.855338 0.548986
vt 0.856528 0.547008
vt 0.856528 0.573663
vt 0.851261 0.569464
vt 0.407871 0.212810
vt 0.405921 0.211109
vt 0.408437 0.210188
vt 0.404321 0.208926
vt 0.408340 0.208301
vt 0.403615 0.205551
vt 0.408361 0.205267
vt 0.406086 0.204449
vt 0.408437 0.202840
vt 0.416368 0.924423
vt 0.412621 0.926584
vt 0.411142 0.922145
vt 0.414981 0.920902
vt 0.416368 0.890634
vt 0.415917 0.895651
vt 0.412162 0.895161
vt 0.412353 0.888685
vt 0.415704 0.900525
vt 0.411244 0.900767
vt 0.414838 0.904958
vt 0.412886 0.904894
vt 0.413724 0.909093
vt 0.413188 0.908942
vt 0.414631 0.913121
vt 0.413729 0.913089
vt 0.414917 0.917178
vt 0.411392 0.916939
vt 0.704521 0.595648
vt 0.704310 0.597251
vt 0.700318 0.596830
vt 0.700237 0.593083
vt 0.703886 0.610673
vt 0.700237 0.607351
vt 0.700606 0.605693
vt 0.703680 0.606643
vt 0.701098 0.603486
vt 0.703690 0.603864
vt 0.701062 0.601590
vt 0.703823 0.601426
vt 0.700603 0.599486
vt 0.704026 0.599414
vt 0.474826 0.477134
vt 0.474826 0.471555
vt 0.476889 0.472579
vt 0.476143 0.477144
vt 0.479815 0.477171
vt 0.477865 0.477157
vt 0.478414 0.473336
vt 0.479241 0.473499
vt 0.652480 0.264644
vt 0.655756 0.264513
vt 0.655220 0.268054
vt 0.654009 0.266885
vt 0.653282 0.260864
vt 0.656087 0.260148
vt 0.659580 0.269648
vt 0.657011 0.268709
vt 0.657804 0.265043
vt 0.658899 0.265318
vt 0.659580 0.261383
vt 0.658335 0.260853
vt 0.190088 0.217697
vt 0.188610 0.218098
vt 0.188610 0.216044
vt 0.190340 0.216902
vt 0.486424 0.199635
vt 0.486424 0.204880
vt 0.485391 0.204816
vt 0.484929 0.200376
vt 0.484023 0.204733
vt 0.483730 0.200971
vt 0.482625 0.204648
vt 0.482588 0.201537
vt 0.195015 0.194305
vt 0.195015 0.191346
vt 0.196949 0.192380
vt 0.196213 0.194132
vt 0.523884 0.154149
vt 0.521719 0.153594
vt 0.525951 0.151942
vt 0.526078 0.154651
vt 0.521844 0.149070
vt 0.524202 0.148892
vt 0.521719 0.146321
vt 0.198211 0.202236
vt 0.196142 0.198106
vt 0.199592 0.198106
vt 0.198836 0.201963
vt 0.184761 0.195157
vt 0.186374 0.195141
vt 0.186374 0.199230
vt 0.184304 0.199592
vt 0.361192 0.222493
vt 0.361801 0.224224
vt 0.360861 0.224502
vt 0.360297 0.222963
vt 0.358684 0.223810
vt 0.359509 0.223377
vt 0.359818 0.224751
vt 0.358659 0.224816
vt 0.358605 0.226895
vt 0.358631 0.225898
vt 0.359843 0.225958
vt 0.359831 0.227505
vt 0.362174 0.228672
vt 0.361013 0.228094
vt 0.361030 0.226101
vt 0.362174 0.226191
vt 0.419290 0.412663
vt 0.418393 0.411778
vt 0.419536 0.409508
vt 0.420050 0.412182
vt 0.420314 0.414446
vt 0.419365 0.414508
vt 0.418472 0.414313
vt 0.419336 0.416448
vt 0.418280 0.416376
vt 0.419288 0.418350
vt 0.418000 0.418174
vt 0.419309 0.420557
vt 0.417683 0.419931
vt 0.418784 0.422530
vt 0.417482 0.421043
vt 0.420333 0.421053
vt 0.420333 0.424299
vt 0.420333 0.418457
vt 0.420323 0.416427
vt 0.625094 0.926584
vt 0.625351 0.922783
vt 0.627474 0.922589
vt 0.627754 0.924831
vt 0.624407 0.904644
vt 0.627342 0.903241
vt 0.627856 0.907303
vt 0.623993 0.906851
vt 0.627336 0.909942
vt 0.623599 0.909286
vt 0.626913 0.912375
vt 0.624052 0.912009
vt 0.626578 0.914603
vt 0.624317 0.914858
vt 0.627856 0.916992
vt 0.624345 0.917804
vt 0.627654 0.920075
vt 0.624818 0.920067
vt 0.268973 0.876334
vt 0.266897 0.879822
vt 0.266473 0.875220
vt 0.268557 0.870629
vt 0.270962 0.878902
vt 0.267852 0.881910
vt 0.273613 0.874493
vt 0.265941 0.884173
vt 0.264644 0.881944
vt 0.272130 0.881012
vt 0.269334 0.884254
vt 0.267084 0.886782
vt 0.264087 0.889666
vt 0.263193 0.887101
vt 0.271300 0.886531
vt 0.268528 0.888610
vt 0.265550 0.891286
vt 0.269927 0.890164
vt 0.266874 0.892753
vt 0.271576 0.891433
vt 0.269641 0.893426
vt 0.268214 0.894861
vt 0.266352 0.894272
vt 0.272429 0.887813
vt 0.273613 0.889158
vt 0.273015 0.882611
vt 0.263002 0.883492
vt 0.456430 0.467117
vt 0.456776 0.466154
vt 0.458129 0.466443
vt 0.457231 0.467937
vt 0.455542 0.468767
vt 0.455429 0.467363
vt 0.455474 0.466028
vt 0.454511 0.467588
vt 0.454511 0.466192
vt 0.454511 0.464916
vt 0.455755 0.465082
vt 0.457109 0.465263
vt 0.458478 0.465445
vt 0.459987 0.465647
vt 0.459118 0.467219
vt 0.458121 0.469021
vt 0.456183 0.469860
vt 0.454511 0.470562
vt 0.454511 0.468999
vt 0.460670 0.562206
vt 0.463111 0.563239
vt 0.462550 0.566613
vt 0.461666 0.567054
vt 0.461583 0.558891
vt 0.465742 0.560159
vt 0.202236 0.376167
vt 0.200475 0.381332
vt 0.198013 0.382001
vt 0.198013 0.376870
vt 0.465461 0.556152
vt 0.467918 0.557402
vt 0.461086 0.557003
vt 0.463642 0.555040
vt 0.175471 0.358209
vt 0.175912 0.353133
vt 0.178124 0.353133
vt 0.178443 0.357425
vt 0.463118 0.552922
vt 0.465945 0.553082
vt 0.462237 0.553823
vt 0.460670 0.555423
vt 0.467621 0.553105
vt 0.640666 0.083961
vt 0.640870 0.085712
vt 0.639483 0.085937
vt 0.639261 0.084287
vt 0.636561 0.084914
vt 0.637918 0.084599
vt 0.638065 0.086137
vt 0.636561 0.086194
vt 0.636561 0.090167
vt 0.636561 0.088909
vt 0.638029 0.089033
vt 0.637973 0.090974
vt 0.640691 0.092526
vt 0.639367 0.091770
vt 0.639488 0.089457
vt 0.640940 0.089726
vt 0.638071 0.087503
vt 0.639551 0.087515
vt 0.641074 0.087467
vt 0.636561 0.087517
vt 0.182922 0.660287
vt 0.185229 0.659644
vt 0.185377 0.662100
vt 0.182632 0.662075
vt 0.184608 0.675441
vt 0.184087 0.671544
vt 0.185634 0.671153
vt 0.185993 0.674170
vt 0.187696 0.658956
vt 0.187696 0.661927
vt 0.187336 0.672937
vt 0.187210 0.670906
vt 0.185419 0.668859
vt 0.187125 0.668835
vt 0.185308 0.666621
vt 0.187420 0.666671
vt 0.185251 0.664453
vt 0.187696 0.664512
vt 0.183611 0.669054
vt 0.183097 0.666674
vt 0.182496 0.664304
vt 0.160942 0.347568
vt 0.162529 0.350328
vt 0.158797 0.350193
vt 0.162582 0.353135
vt 0.158469 0.353092
vt 0.161323 0.355565
vt 0.158910 0.355565
vt 0.016012 0.695127
vt 0.011047 0.705843
vt 0.007921 0.704427
vt 0.017647 0.691950
vt 0.010737 0.683740
vt 0.018505 0.688621
vt 0.002644 0.070094
vt 0.000899 0.076665
vt 0.000899 0.063633
vt 0.001838 0.062978
vt 0.006803 0.675974
vt 0.014228 0.674420
vt 0.003629 0.667306
vt 0.008705 0.659112
vt 0.002860 0.682827
vt 0.002027 0.675083
vt 0.012877 0.695740
vt 0.002027 0.700803
vt 0.626804 0.810729
vt 0.627856 0.820210
vt 0.622878 0.820840
vt 0.622878 0.809178
vt 0.001322 0.589524
vt 0.001028 0.577709
vt 0.001322 0.570743
vt 0.374773 0.485772
vt 0.376714 0.492233
vt 0.374773 0.499642
vt 0.376714 0.231818
vt 0.376714 0.233688
vt 0.375559 0.233476
vt 0.375498 0.231819
vt 0.372826 0.231821
vt 0.374208 0.231820
vt 0.374289 0.233286
vt 0.372755 0.233038
vt 0.376714 0.237925
vt 0.375269 0.236889
vt 0.375648 0.235262
vt 0.376714 0.235644
vt 0.372641 0.235004
vt 0.372686 0.234234
vt 0.374338 0.234708
vt 0.373961 0.235950
vt 0.160530 0.343475
vt 0.158110 0.346312
vt 0.158406 0.342929
vt 0.160327 0.342219
vt 0.158124 0.340698
vt 0.160093 0.340773
vt 0.158508 0.338667
vt 0.160717 0.339150
vt 0.158728 0.337415
vt 0.161260 0.337078
vt 0.158815 0.335646
vt 0.160425 0.335365
vt 0.158900 0.333941
vt 0.160009 0.333807
vt 0.158536 0.332439
vt 0.159708 0.332182
vt 0.158110 0.330854
vt 0.159566 0.330620
vt 0.159547 0.330126
vt 0.092526 0.081952
vt 0.091905 0.081482
vt 0.092000 0.081114
vt 0.092526 0.081272
vt 0.092131 0.080606
vt 0.092526 0.080717
vt 0.092177 0.080430
vt 0.188272 0.179027
vt 0.187845 0.179765
vt 0.187016 0.179516
vt 0.187588 0.177475
vt 0.188758 0.177475
vt 0.189018 0.179323
vt 0.023792 0.002470
vt 0.023109 0.002644
vt 0.023174 0.001645
vt 0.023792 0.001582
vt 0.636766 0.192983
vt 0.637226 0.191269
vt 0.638533 0.191688
vt 0.638704 0.190282
vt 0.639148 0.188306
vt 0.641104 0.189094
vt 0.640095 0.190542
vt 0.637661 0.189609
vt 0.637354 0.187615
vt 0.637061 0.185714
vt 0.639477 0.186690
vt 0.639786 0.185026
vt 0.642396 0.186083
vt 0.641742 0.187606
vt 0.636766 0.183804
vt 0.604293 0.109658
vt 0.604104 0.108132
vt 0.605597 0.108665
vt 0.605299 0.110384
vt 0.603683 0.104717
vt 0.605260 0.105281
vt 0.605405 0.107002
vt 0.603932 0.106731
vt 0.608029 0.112353
vt 0.606557 0.111291
vt 0.606838 0.109637
vt 0.608029 0.110179
vt 0.608029 0.106273
vt 0.608029 0.108016
vt 0.606824 0.107576
vt 0.606733 0.105809
vt 0.082906 0.761229
vt 0.084872 0.763080
vt 0.084784 0.766987
vt 0.082115 0.766857
vt 0.085460 0.773255
vt 0.083369 0.770570
vt 0.085326 0.769769
vt 0.086427 0.771955
vt 0.087239 0.770863
vt 0.087239 0.768821
vt 0.087239 0.765309
vt 0.087239 0.766807
vt 0.179147 0.378278
vt 0.179426 0.377496
vt 0.181024 0.378424
vt 0.180556 0.379422
vt 0.183731 0.382001
vt 0.182049 0.380635
vt 0.182487 0.379542
vt 0.183731 0.379987
vt 0.179994 0.375903
vt 0.181482 0.375914
vt 0.181319 0.377367
vt 0.179746 0.376598
vt 0.183731 0.375932
vt 0.183731 0.377916
vt 0.182669 0.377798
vt 0.182533 0.375922
vt 0.186374 0.129327
vt 0.186029 0.130859
vt 0.185678 0.130520
vt 0.185678 0.127097
vt 0.180077 0.359500
vt 0.181446 0.360216
vt 0.181306 0.362103
vt 0.179266 0.360955
vt 0.178140 0.364808
vt 0.178221 0.362830
vt 0.182409 0.365071
vt 0.178593 0.367149
vt 0.182367 0.368432
vt 0.178452 0.369104
vt 0.181929 0.371075
vt 0.178140 0.371015
vt 0.181483 0.373026
vt 0.178599 0.374070
vt 0.185052 0.103101
vt 0.184571 0.101611
vt 0.185052 0.099325
vt 0.003082 0.195951
vt 0.003852 0.196504
vt 0.003762 0.196671
vt 0.002918 0.196308
vt 0.002122 0.195898
vt 0.001920 0.195120
vt 0.001754 0.193941
vt 0.002849 0.195144
vt 0.000966 0.010281
vt 0.001268 0.010270
vt 0.001322 0.010330
vt 0.001320 0.010574
vt 0.000966 0.010574
vt 0.185945 0.146772
vt 0.186342 0.147497
vt 0.186335 0.147766
vt 0.185909 0.147553
vt 0.186374 0.148307
vt 0.185878 0.148229
vt 0.001675 0.194491
vt 0.001568 0.195300
vt 0.002117 0.196503
vt 0.001436 0.196307
vt 0.002853 0.196714
vt 0.003531 0.196909
vt 0.003965 0.196800
vt 0.003671 0.196949
vt 0.001436 0.192478
vt 0.002652 0.193947
vt 0.001739 0.193607
vt 0.003631 0.194874
vt 0.003427 0.195600
vt 0.001322 0.026413
vt 0.000995 0.026436
vt 0.001103 0.026221
vt 0.000942 0.026123
vt 0.001322 0.025255
vt 0.026083 0.002643
vt 0.026080 0.002400
vt 0.026134 0.002341
vt 0.026436 0.001942
vt 0.026436 0.002644
vt 0.185990 0.145788
vt 0.817182 0.141790
vt 0.816693 0.140217
vt 0.818700 0.140474
vt 0.818540 0.142858
vt 0.820089 0.144076
vt 0.821209 0.141309
vt 0.816346 0.132495
vt 0.819303 0.134702
vt 0.818760 0.136670
vt 0.816346 0.136079
vt 0.822161 0.136835
vt 0.822007 0.137668
vt 0.821678 0.139439
vt 0.818757 0.138855
vt 0.816443 0.138598
vt 0.001770 0.210264
vt 0.002244 0.211569
vt 0.002644 0.212810
vt 0.001256 0.211496
vt 0.120284 0.001496
vt 0.120220 0.002597
vt 0.120121 0.002644
vt 0.120121 0.001027
vt 0.001231 0.047585
vt 0.001335 0.047061
vt 0.002644 0.046080
vt 0.002644 0.046959
vt 0.001126 0.046187
vt 0.002644 0.045087
vt 0.000950 0.045329
vt 0.002644 0.043991
vt 0.000759 0.044663
vt 0.002644 0.042691
vt 0.139170 0.129794
vt 0.139836 0.129966
vt 0.140042 0.132180
vt 0.139378 0.132180
vt 0.140645 0.130252
vt 0.140795 0.132180
vt 0.141433 0.130524
vt 0.141374 0.132180
vt 0.002644 0.208996
vt 0.674119 0.617355
vt 0.671972 0.618133
vt 0.671682 0.616265
vt 0.674119 0.615745
vt 0.667024 0.619926
vt 0.667400 0.617380
vt 0.669394 0.617142
vt 0.669634 0.618980
vt 0.674119 0.612304
vt 0.674119 0.614189
vt 0.671729 0.614476
vt 0.671942 0.612374
vt 0.668122 0.612497
vt 0.669995 0.612437
vt 0.669642 0.614720
vt 0.667784 0.614787
vt 0.521144 0.719061
vt 0.519599 0.716905
vt 0.522112 0.716517
vt 0.519347 0.714792
vt 0.521899 0.714244
vt 0.519386 0.712548
vt 0.520889 0.712193
vt 0.518593 0.709435
vt 0.520228 0.709628
vt 0.514928 0.709689
vt 0.515637 0.708222
vt 0.516588 0.706252
vt 0.518674 0.707164
vt 0.519363 0.705226
vt 0.521351 0.706500
vt 0.520477 0.708041
vt 0.517677 0.704137
vt 0.519013 0.701608
vt 0.520607 0.703434
vt 0.522112 0.705158
vt 0.344082 0.219197
vt 0.344611 0.218062
vt 0.345269 0.218988
vt 0.344521 0.219936
vt 0.345788 0.222063
vt 0.345095 0.220898
vt 0.345763 0.220049
vt 0.346312 0.221057
vt 0.345825 0.215461
vt 0.346312 0.216882
vt 0.345770 0.217827
vt 0.345138 0.216932
vt 0.140111 0.078734
vt 0.140111 0.079490
vt 0.139076 0.079322
vt 0.139145 0.078313
vt 0.140111 0.080630
vt 0.139131 0.080464
vt 0.346257 0.219011
vt 0.138070 0.078981
vt 0.138103 0.077858
vt 0.444891 0.477956
vt 0.445060 0.478925
vt 0.443679 0.478870
vt 0.444038 0.477432
vt 0.444721 0.476074
vt 0.445441 0.477388
vt 0.446095 0.478583
vt 0.446769 0.479814
vt 0.445180 0.479814
vt 0.443666 0.479814
vt 0.442141 0.479814
vt 0.442622 0.478422
vt 0.443173 0.476830
vt 0.443904 0.474584
vt 0.361928 0.380679
vt 0.362325 0.378571
vt 0.364114 0.379767
vt 0.365138 0.376340
vt 0.366642 0.377882
vt 0.361899 0.375757
vt 0.363554 0.373898
vt 0.140111 0.063447
vt 0.137811 0.063426
vt 0.137811 0.060560
vt 0.139601 0.061076
vt 0.367461 0.373898
vt 0.173133 0.451756
vt 0.173092 0.455355
vt 0.172869 0.455354
vt 0.173156 0.459555
vt 0.172302 0.459027
vt 0.172266 0.466088
vt 0.171768 0.466200
vt 0.170008 0.466597
vt 0.170008 0.458572
vt 0.168113 0.404465
vt 0.167184 0.404912
vt 0.167031 0.403454
vt 0.168348 0.403418
vt 0.169885 0.403475
vt 0.169004 0.404944
vt 0.168060 0.405984
vt 0.169921 0.405490
vt 0.168985 0.407115
vt 0.170856 0.403869
vt 0.170105 0.402171
vt 0.171834 0.402171
vt 0.168508 0.402171
vt 0.167007 0.402171
vt 0.508072 0.566210
vt 0.508072 0.564133
vt 0.510401 0.564502
vt 0.510424 0.567300
vt 0.512744 0.568375
vt 0.512860 0.564614
vt 0.508078 0.558042
vt 0.510149 0.559474
vt 0.510274 0.562131
vt 0.508072 0.561666
vt 0.512244 0.560922
vt 0.512489 0.562358
vt 0.649005 0.224707
vt 0.646565 0.224664
vt 0.646625 0.224061
vt 0.649005 0.224039
vt 0.644060 0.224621
vt 0.644109 0.223991
vt 0.000958 0.112121
vt 0.001322 0.112017
vt 0.001177 0.114997
vt 0.001322 0.114829
vt 0.644620 0.218213
vt 0.646753 0.217028
vt 0.646706 0.217244
vt 0.644600 0.218420
vt 0.646813 0.218113
vt 0.644540 0.219052
vt 0.646875 0.218960
vt 0.644487 0.219604
vt 0.646895 0.219652
vt 0.644434 0.220163
vt 0.646899 0.220298
vt 0.644381 0.220717
vt 0.646887 0.220917
vt 0.644339 0.221155
vt 0.646836 0.221526
vt 0.644288 0.221695
vt 0.646797 0.222170
vt 0.644244 0.222245
vt 0.646766 0.222796
vt 0.644197 0.222853
vt 0.646714 0.223439
vt 0.644156 0.223385
vt 0.649005 0.223378
vt 0.649005 0.222633
vt 0.649004 0.221971
vt 0.649004 0.221306
vt 0.649004 0.220647
vt 0.649004 0.219871
vt 0.648965 0.219113
vt 0.648912 0.218211
vt 0.648842 0.217044
vt 0.649005 0.215348
vt 0.572705 0.533214
vt 0.571743 0.534874
vt 0.570623 0.532591
vt 0.573663 0.530682
vt 0.569421 0.537974
vt 0.566347 0.537673
vt 0.568238 0.534799
vt 0.570456 0.536591
vt 0.566319 0.529486
vt 0.569604 0.526833
vt 0.570043 0.529446
vt 0.567257 0.532082
vt 0.573663 0.527000
vt 0.451121 0.330809
vt 0.450063 0.331111
vt 0.450126 0.329433
vt 0.451393 0.329450
vt 0.452057 0.326126
vt 0.451705 0.327887
vt 0.450483 0.327875
vt 0.450543 0.326440
vt 0.447744 0.331773
vt 0.447744 0.330080
vt 0.448978 0.329756
vt 0.449083 0.331391
vt 0.447744 0.327021
vt 0.449010 0.326758
vt 0.449022 0.328166
vt 0.447744 0.328483
vt 0.448547 0.371761
vt 0.447080 0.374753
vt 0.445955 0.373961
vt 0.446179 0.370844
vt 0.449413 0.374932
vt 0.448301 0.376252
vt 0.446097 0.367243
vt 0.448883 0.368392
vt 0.449413 0.366482
vt 0.445404 0.362862
vt 0.445992 0.356547
vt 0.448341 0.359025
vt 0.446935 0.360862
vt 0.444836 0.359870
vt 0.446799 0.378036
vt 0.446055 0.377224
vt 0.444607 0.375169
vt 0.444608 0.373686
vt 0.445396 0.376505
vt 0.444588 0.367023
vt 0.444609 0.363092
vt 0.444595 0.370709
vt 0.704288 0.189018
vt 0.703462 0.184356
vt 0.704122 0.184339
vt 0.703610 0.179145
vt 0.706438 0.174976
vt 0.704430 0.169297
vt 0.704998 0.168902
vt 0.706948 0.174963
vt 0.709623 0.181845
vt 0.703462 0.165076
vt 0.704713 0.165056
vt 0.704224 0.162131
vt 0.705069 0.161688
vt 0.705899 0.164905
vt 0.706274 0.168293
vt 0.703732 0.162390
vt 0.707024 0.164635
vt 0.707612 0.167656
vt 0.708005 0.164284
vt 0.708764 0.167106
vt 0.709062 0.163730
vt 0.710093 0.166473
vt 0.709939 0.163122
vt 0.711226 0.165933
vt 0.710242 0.162175
vt 0.712452 0.165348
vt 0.708889 0.159680
vt 0.707748 0.160280
vt 0.706815 0.160770
vt 0.705949 0.161225
vt 0.949997 0.710358
vt 0.951265 0.711603
vt 0.949232 0.711836
vt 0.948695 0.710154
vt 0.948679 0.708348
vt 0.949997 0.708587
vt 0.947377 0.710158
vt 0.946915 0.708393
vt 0.946490 0.706409
vt 0.948968 0.706638
vt 0.950847 0.707798
vt 0.949383 0.704533
vt 0.952431 0.705310
vt 0.950256 0.702395
vt 0.953512 0.703864
vt 0.952816 0.699242
vt 0.954342 0.702754
vt 0.945691 0.701239
vt 0.945992 0.698368
vt 0.947652 0.692879
vt 0.953870 0.696058
vt 0.951915 0.690145
vt 0.954342 0.694733
vt 0.946026 0.703977
vt 0.947872 0.711953
vt 0.950281 0.713547
vt 0.948374 0.713774
vt 0.952515 0.713281
vt 0.192828 0.009048
vt 0.192378 0.007047
vt 0.192983 0.007202
vt 0.192378 0.009253
vt 0.001322 0.002644
vt 0.001093 0.001854
vt 0.001322 0.001495
vt 0.950902 0.712384
vt 0.191007 0.041401
vt 0.191661 0.041966
vt 0.191007 0.043620
vt 0.195627 0.662873
vt 0.195516 0.664871
vt 0.193242 0.663979
vt 0.194110 0.666145
vt 0.192193 0.665409
vt 0.195431 0.666442
vt 0.195498 0.668180
vt 0.193360 0.667916
vt 0.191253 0.666988
vt 0.192941 0.669832
vt 0.190566 0.669207
vt 0.192812 0.671472
vt 0.189930 0.671476
vt 0.195562 0.669804
vt 0.195627 0.671469
vt 0.422977 0.384920
vt 0.422977 0.386334
vt 0.422302 0.385711
vt 0.422354 0.387352
vt 0.421637 0.386489
vt 0.422977 0.387492
vt 0.421797 0.388091
vt 0.421142 0.387069
vt 0.420783 0.388752
vt 0.420679 0.387612
vt 0.422276 0.388691
vt 0.420898 0.390018
vt 0.422977 0.389103
vt 0.421011 0.391254
vt 0.192701 0.259767
vt 0.196450 0.263595
vt 0.196266 0.268286
vt 0.190591 0.267709
vt 0.191045 0.333094
vt 0.190676 0.326142
vt 0.195996 0.325965
vt 0.194992 0.331692
vt 0.190731 0.320433
vt 0.195458 0.320237
vt 0.190677 0.314631
vt 0.195661 0.314409
vt 0.190591 0.308255
vt 0.195043 0.309015
vt 0.192745 0.302458
vt 0.196173 0.304029
vt 0.193065 0.297295
vt 0.196186 0.297138
vt 0.192548 0.291447
vt 0.196170 0.291293
vt 0.192352 0.285641
vt 0.196213 0.285462
vt 0.191710 0.280113
vt 0.196949 0.279191
vt 0.191149 0.274094
vt 0.196248 0.273868
vt 0.344852 0.278594
vt 0.344852 0.276517
vt 0.346947 0.276869
vt 0.346127 0.279327
vt 0.347683 0.280222
vt 0.348376 0.277685
vt 0.344852 0.274300
vt 0.347729 0.273641
vt 0.348956 0.275563
vt 0.445264 0.514506
vt 0.443493 0.515610
vt 0.443743 0.513189
vt 0.445311 0.512993
vt 0.441546 0.516825
vt 0.442211 0.513494
vt 0.441546 0.505899
vt 0.443588 0.506124
vt 0.443743 0.507947
vt 0.442311 0.508081
vt 0.445448 0.506329
vt 0.445425 0.507916
vt 0.445399 0.509662
vt 0.443876 0.509692
vt 0.445364 0.511305
vt 0.443861 0.511316
vt 0.442435 0.511339
vt 0.442484 0.509730
vt 0.486424 0.174809
vt 0.485481 0.175097
vt 0.485555 0.173859
vt 0.486423 0.173535
vt 0.486424 0.170492
vt 0.486423 0.172020
vt 0.485545 0.172455
vt 0.485259 0.171417
vt 0.483189 0.175800
vt 0.483323 0.174566
vt 0.484506 0.174295
vt 0.484392 0.175431
vt 0.483515 0.172802
vt 0.484285 0.172191
vt 0.484599 0.173238
vt 0.483415 0.173723
vt 0.172873 0.000860
vt 0.173156 0.002381
vt 0.172873 0.002644
vt 0.187564 0.139117
vt 0.187696 0.139503
vt 0.187564 0.142755
vt 0.690434 0.752167
vt 0.696590 0.757768
vt 0.690434 0.778542
vt 0.187396 0.152507
vt 0.187696 0.155595
vt 0.187396 0.155973
vt 0.025388 0.255571
vt 0.000966 0.009867
vt 0.185878 0.149364
vt 0.373244 0.244041
vt 0.372312 0.249821
vt 0.372086 0.249821
s 1
usemtl tripo_mat_8b4abba0-da4c-4c73-9803-1cd8a10223af
f 1/1 398/2 399/3 395/4
f 2/5 400/6 4/7 401/8
f 3/9 402/10 403/11 404/12
f 3/13 404/14 405/15 406/16
f 4/17 407/18 408/19 401/20
f 4/21 409/22 410/23 411/24
f 4/21 400/25 3/9 409/22
f 5/26 412/27 413/28 7/29
f 6/30 414/31 415/32 416/33
f 6/30 417/34 418/35 414/31
f 7/29 419/36 420/37 421/38
f 8/39 422/40 423/41 424/42
f 8/39 424/42 425/43 426/44
f 9/45 427/46 428/47 429/48
f 9/45 429/48 430/49 431/50
f 9/45 431/50 432/51 427/46
f 10/52 433/53 434/54 435/55
f 10/52 436/56 437/57 433/53
f 10/52 435/55 438/58 436/56
f 11/59 439/60 440/61 441/62
f 443/63 444/64 439/65 11/66
f 11/59 441/62 442/67 443/68
f 12/69 445/70 446/71 447/72
f 12/73 447/74 448/75 449/76
f 12/77 449/78 450/79 445/80
f 13/81 451/82 452/83 453/84
f 13/85 445/80 450/79 451/86
f 13/87 453/88 446/71 445/70
f 14/89 454/90 455/91 444/92
f 14/93 444/94 443/68 457/95
f 14/96 457/97 458/98 459/99
f 15/100 460/101 461/102 16/103
f 15/100 16/103 462/104 463/105
f 15/100 464/106 465/107 460/101
f 15/100 463/105 466/108 464/106
f 467/109 468/110 17/111 469/112
f 17/111 468/110 470/113 471/114
f 17/111 471/114 472/115 473/116
f 17/111 474/117 475/118 469/112
f 17/111 473/116 476/119 474/117
f 18/120 477/121 478/122 479/123
f 18/120 479/123 480/124 481/125
f 18/120 481/125 482/126 477/121
f 16/103 480/124 479/123 462/104
f 16/103 461/102 483/127 480/124
f 19/128 484/129 485/130 486/131
f 19/128 22/132 487/133 488/134
f 19/128 486/131 22/132
f 19/128 489/135 490/136 484/129
f 19/128 488/134 491/137 489/135
f 20/138 485/130 492/139 493/140
f 20/141 496/142 497/143 498/144
f 20/145 498/146 499/147 496/148
f 23/149 500/150 501/151 502/152
f 23/149 502/152 503/153 504/154
f 24/155 505/156 506/157 507/158
f 24/155 508/159 509/160 505/156
f 25/161 510/162 511/163 512/164
f 25/165 512/166 513/167 514/168
f 25/169 514/170 515/171 510/172
f 26/173 516/174 517/175 27/176
f 26/177 27/178 518/179 519/180
f 26/181 519/182 520/183 516/184
f 27/176 517/175 521/185 522/186
f 27/176 522/186 523/187 524/188
f 28/189 29/190 525/191 526/192
f 28/189 526/192 527/193 528/194
f 28/195 528/196 529/197 29/198
f 29/199 530/200 531/201 532/202
f 29/198 529/197 30/203 530/204
f 29/205 532/206 533/207 525/208
f 30/209 534/210 44/211 535/212
f 30/213 536/214 537/215 530/216
f 30/213 535/217 538/218 536/214
f 31/219 539/220 540/221 541/222
f 31/223 542/224 543/225 544/226
f 31/227 545/228 546/229 539/230
f 31/223 544/226 547/231 545/232
f 32/233 548/234 549/235 550/236
f 32/237 541/222 540/221 548/238
f 32/239 550/240 521/185 551/241
f 32/239 551/241 552/242 553/243
f 33/244 554/245 555/246 556/247
f 33/248 556/249 557/250 558/251
f 33/252 558/253 559/254 560/255
f 34/256 561/257 562/258 563/259
f 34/256 563/259 564/260 40/261
f 34/256 40/261 565/262 561/257
f 35/263 566/264 567/265 36/266
f 35/267 568/268 549/235 566/269
f 35/270 36/271 558/253 557/272
f 35/267 557/273 569/274 570/275
f 35/267 570/275 571/276 568/268
f 36/277 572/278 40/279 41/280
f 36/271 41/281 559/254 558/253
f 37/282 573/283 574/284 575/285
f 37/286 575/287 576/288 577/289
f 37/282 578/290 579/291 573/283
f 38/292 580/293 581/294 582/295
f 38/292 583/296 584/297 580/293
f 38/292 585/298 586/299 583/296
f 38/300 587/301 588/302 585/303
f 38/304 582/305 39/306 587/307
f 39/308 589/309 590/310 591/311
f 39/308 591/311 592/312 587/313
f 40/261 564/260 593/314 594/315
f 40/316 594/317 559/318 41/319
f 36/320 567/321 595/322 554/245
f 36/323 560/324 596/325 597/326
f 36/327 597/328 598/329 572/330
f 42/331 45/332 599/333 600/334
f 43/335 602/336 603/337 604/338
f 43/335 604/338 605/339 606/340
f 43/341 607/342 44/343 602/344
f 44/345 534/346 608/347 602/348
f 42/349 609/350 48/351 46/352
f 45/353 601/354 47/355 610/356
f 46/352 48/351 47/357 601/358
f 47/355 611/359 612/360 613/361
f 47/355 613/361 614/362 610/356
f 47/363 48/364 615/365 611/366
f 48/364 616/367 49/368 615/365
f 48/351 609/350 617/369 616/370
f 49/371 616/372 618/373 619/374
f 49/368 620/375 621/376 615/365
f 50/377 49/371 619/374 622/378
f 50/379 623/380 620/381 49/382
f 50/383 622/384 625/385 624/386
f 51/387 626/388 627/389 628/390
f 51/391 629/392 630/393 623/380
f 51/387 628/390 631/394 629/395
f 632/396 633/397 52/398 634/399
f 52/398 633/397 635/400 636/401
f 52/398 636/401 637/402 638/403
f 52/398 638/403 639/404 640/405
f 52/406 640/407 641/408 634/409
f 53/410 643/411 632/396 634/399
f 53/410 642/412 644/413 643/411
f 54/414 645/415 646/416 647/417
f 54/414 647/417 648/418 649/419
f 54/414 649/419 650/420 651/421
f 53/422 634/409 641/408 652/423
f 53/422 652/423 653/424 654/425
f 55/426 655/427 656/428 657/429
f 55/430 657/431 646/432 645/433
f 55/434 645/435 658/436 659/437
f 56/438 660/439 661/440 662/441
f 56/438 662/441 663/442 664/443
f 57/444 665/445 666/446 348/447
f 57/448 348/449 667/450 668/451
f 57/444 669/452 670/453 671/454
f 58/455 59/456 672/457 673/458
f 58/455 673/458 674/459 675/460
f 58/455 675/460 676/461 677/462
f 59/456 678/463 679/464 672/457
f 59/456 62/465 680/466 681/467
f 59/456 58/455 677/462 62/465
f 60/468 682/469 683/470 684/471
f 60/468 685/472 686/473 687/474
f 60/475 687/476 688/477 682/478
f 61/479 689/480 690/481 691/482
f 61/483 691/484 692/485 693/486
f 61/487 693/488 688/477 687/476
f 62/465 677/462 694/489 680/466
f 63/490 695/491 696/492 697/493
f 63/494 697/495 698/496 699/497
f 63/498 699/499 700/500 695/501
f 64/502 701/503 702/504 703/505
f 64/506 703/507 704/508 705/509
f 64/510 705/511 706/512 701/513
f 65/514 707/515 708/516 709/517
f 65/518 709/519 710/520 77/521
f 65/522 77/523 73/524 707/525
f 66/526 711/527 712/528 713/529
f 66/530 67/531 714/532 715/533
f 66/530 715/533 716/534 711/535
f 66/536 717/537 718/538 67/539
f 66/526 713/529 719/540 717/541
f 67/542 720/543 721/544 714/545
f 67/542 718/546 722/547 720/543
f 68/548 69/549 723/550 724/551
f 68/548 724/551 725/552 726/553
f 68/554 727/555 728/556 729/557
f 68/548 726/553 730/558 731/559
f 68/548 731/559 732/560 69/549
f 69/549 732/560 733/561 723/550
f 70/562 734/563 735/564 724/551
f 70/562 736/565 737/566 734/563
f 71/567 738/568 739/569 740/570
f 71/567 740/570 741/571 742/572
f 72/573 743/574 744/575 745/576
f 72/577 746/578 747/579 743/580
f 73/581 749/582 750/583 748/584
f 73/585 75/586 751/587 749/588
f 73/589 77/590 710/591 75/592
f 74/593 76/594 752/595 753/596
f 75/597 754/598 755/599 751/600
f 76/601 756/602 710/603 709/604
f 76/605 757/606 758/607 756/608
f 76/609 74/610 759/611 757/612
f 74/593 753/596 760/613 761/614
f 74/615 761/616 762/617 759/618
f 78/619 763/620 764/621 765/622
f 78/623 766/624 767/625 763/626
f 78/627 765/628 79/629 766/630
f 79/629 765/628 768/631 83/632
f 79/629 83/632 82/633 766/630
f 80/634 769/635 770/636 771/637
f 80/638 772/639 773/640 769/641
f 80/642 771/643 774/644 772/645
f 81/646 771/637 770/636 775/647
f 81/648 86/649 774/644 771/643
f 81/650 775/651 776/652 86/653
f 82/654 777/655 767/625 766/624
f 82/656 83/657 778/658 777/659
f 83/660 768/661 96/662 779/663
f 83/664 779/665 780/666 778/667
f 84/668 781/669 782/670 783/671
f 84/672 783/673 784/674 785/675
f 84/672 785/675 786/676 96/677
f 85/678 787/679 772/680 774/681
f 85/678 774/681 86/682 788/683
f 85/684 789/685 790/686 787/687
f 86/688 776/689 791/690 792/691
f 86/688 792/691 793/692 788/693
f 87/694 794/695 795/696 796/697
f 87/698 797/699 798/700 799/701
f 87/702 799/703 800/704 260/705
f 87/694 260/706 801/707 794/695
f 88/708 799/701 798/700 802/709
f 88/710 107/711 800/704 799/703
f 88/712 803/713 804/714 805/715
f 88/712 805/715 806/716 107/717
f 89/718 807/719 90/720 808/721
f 89/722 808/723 809/724 810/725
f 89/722 810/725 811/726 807/727
f 90/728 812/729 813/730 814/731
f 90/732 814/733 815/734 808/735
f 91/736 816/737 817/738 818/739
f 91/736 818/739 819/740 820/741
f 91/736 820/741 821/742 822/743
f 91/736 822/743 823/744 824/745
f 92/746 825/747 826/748 827/749
f 92/746 827/749 828/750 829/751
f 92/752 829/753 830/754 831/755
f 92/752 831/755 832/756 833/757
f 92/752 833/757 813/758 825/759
f 93/760 834/761 835/762 836/763
f 93/760 836/763 837/764 838/765
f 93/766 838/767 839/768 834/769
f 94/770 840/771 648/772 647/773
f 94/770 841/774 842/775 840/771
f 94/776 843/777 844/778 845/779
f 94/770 845/780 846/781 841/774
f 94/782 647/417 646/416 843/783
f 95/784 847/785 780/786 779/787
f 95/784 779/787 96/677 848/788
f 95/784 849/789 850/790 847/785
f 95/784 848/788 851/791 852/792
f 96/677 786/676 98/793 848/788
f 97/794 853/795 854/796 855/797
f 97/798 577/289 576/288 853/799
f 97/798 855/800 856/801 577/289
f 98/802 786/803 857/804 858/805
f 98/806 858/807 859/808 860/809
f 98/793 860/810 99/811 861/812
f 99/813 860/814 862/815 863/816
f 99/811 864/817 865/818 866/819
f 99/811 863/820 867/821 864/817
f 859/822 868/823 862/815 860/814
f 100/824 869/825 870/826 871/827
f 100/828 859/808 858/807 869/829
f 100/830 871/831 868/823 859/822
f 101/832 872/833 873/834 874/835
f 101/836 875/837 876/838 872/839
f 101/840 874/841 877/842 875/843
f 102/844 878/845 879/846 880/847
f 102/848 881/849 882/850 878/851
f 102/848 880/852 883/853 884/854
f 103/855 869/829 858/807 857/856
f 103/857 857/858 885/859 886/860
f 103/861 886/862 870/826 869/825
f 104/863 887/864 888/865 889/866
f 104/867 889/868 890/869 891/870
f 104/863 891/871 892/872 887/864
f 105/873 893/874 894/875 895/876
f 105/877 895/878 896/879 181/880
f 105/881 897/882 898/883 899/884
f 105/881 181/885 900/886 897/882
f 105/881 899/884 901/887 893/888
f 106/889 902/890 903/891 904/892
f 106/889 905/893 906/894 902/890
f 106/889 904/892 894/875 907/895
f 106/889 907/895 908/896 909/897
f 106/898 909/899 910/900 905/901
f 126/902 911/903 108/904 912/905
f 107/906 915/907 916/908 800/909
f 107/717 917/910 918/911 915/912
f 107/717 806/716 919/913 917/910
f 108/914 920/915 921/916 912/917
f 108/918 922/919 923/920 920/921
f 109/922 924/923 925/924 913/925
f 109/926 913/927 926/928 911/929
f 109/922 911/903 126/902 924/923
f 110/930 927/931 928/932 929/933
f 110/930 930/934 931/935 927/931
f 110/936 932/937 933/938 930/939
f 110/940 929/941 113/942 934/943
f 111/944 935/945 929/946 928/947
f 111/948 928/949 868/823 871/831
f 112/950 935/951 870/826 886/862
f 112/952 886/860 885/859 113/953
f 112/954 113/955 929/946 935/945
f 113/942 784/956 936/957 934/943
f 113/942 885/958 785/959 784/956
f 114/960 937/961 938/962 939/963
f 114/964 939/965 115/966 940/967
f 114/968 940/969 941/970 937/971
f 115/972 116/973 942/974 943/975
f 115/966 943/976 944/977 940/967
f 116/978 115/979 945/980 946/981
f 117/982 944/977 943/976 947/983
f 117/984 948/985 949/986 944/987
f 117/984 950/988 951/989 948/985
f 117/984 947/990 952/991 953/992
f 954/993 945/994 115/995 939/963
f 118/996 942/997 955/998 956/999
f 118/996 947/1000 943/1001 942/997
f 118/1002 956/1003 957/1004 958/1005
f 119/1006 959/1007 960/1008 961/1009
f 119/1006 962/1010 963/1011 959/1007
f 119/1006 961/1009 964/1012 962/1010
f 120/1013 965/1014 966/1015 967/1016
f 120/1017 968/1018 969/1019 965/1020
f 120/1021 970/1022 971/1023 968/1024
f 121/1025 970/1026 120/1013 972/1027
f 974/1028 975/1029 970/1026 121/1025
f 121/1025 972/1027 973/1030 974/1028
f 122/1031 976/1032 977/1033 978/1034
f 122/1035 979/1036 980/1037 976/1038
f 122/1039 978/1040 981/1041 979/1042
f 123/1043 982/1044 983/1045 984/1046
f 123/1047 979/1042 981/1041 982/1048
f 123/1049 984/1050 980/1051 979/1052
f 124/1053 985/1054 986/1055 987/1056
f 124/1053 988/1057 989/1058 985/1054
f 124/1053 987/1056 990/1059 991/1060
f 124/1053 991/1060 992/1061 988/1057
f 125/1062 993/1063 994/1064 995/1065
f 125/1062 966/1015 965/1014 996/1066
f 125/1062 996/1066 997/1067 993/1063
f 127/1068 998/1069 922/919 999/1070
f 127/1071 1000/1072 1001/1073 998/1074
f 127/1068 1002/1075 1003/1076 1004/1077
f 127/1068 999/1070 1005/1078 1002/1075
f 128/1079 132/1080 1006/1081 1007/1082
f 128/1083 1007/1084 1008/1085 1009/1086
f 128/1087 1009/1088 1010/1089 132/1090
f 129/1091 1011/1092 1012/1093 1013/1094
f 129/1095 1013/1096 1014/1097 1015/1098
f 129/1099 1015/1100 1006/1081 132/1080
f 130/1101 1016/1102 877/842 874/841
f 130/1103 874/835 873/834 1017/1104
f 130/1105 1017/1106 1018/1107 1016/1108
f 131/1109 1019/1110 878/851 882/850
f 131/1111 1020/1112 1021/1113 1019/1114
f 131/1109 1022/1115 1023/1116 1020/1117
f 132/1090 1010/1089 1024/1118 1025/1119
f 132/1080 1025/1120 1026/1121 129/1099
f 133/1122 1027/1123 1028/1124 1029/1125
f 134/1126 1030/1127 1031/1128 1032/1129
f 133/1122 134/1130 1032/1131 1027/1123
f 1029/1125 1033/1132 1034/1133 1035/1134
f 133/1122 1029/1125 1035/1134 134/1130
f 134/1126 1035/1135 1036/1136 1030/1127
f 135/1137 1037/1138 1031/1139 1038/1140
f 135/1137 1039/1141 1040/1142 1037/1138
f 135/1137 1038/1140 1041/1143 1039/1141
f 136/1144 1042/1145 144/1146 1043/1147
f 136/1144 1044/1148 1045/1149 1034/1133
f 136/1150 1043/1151 1046/1152 1047/1153
f 136/1144 1047/1154 1048/1155 1044/1148
f 137/1156 1049/1157 1050/1158 1051/1159
f 138/1160 1053/1161 1054/1162 1055/1163
f 138/1164 178/1165 176/1166 1053/1167
f 138/1168 1056/1169 179/1170 178/1171
f 137/1156 1051/1159 1057/1172 1058/1173
f 137/1174 1059/1175 1060/1176 1052/1177
f 137/1156 1058/1173 1061/1178 1059/1179
f 139/1180 1062/1181 1063/1182 1064/1183
f 139/1180 1064/1183 1065/1184 1066/1185
f 140/1186 1067/1187 1068/1188 1069/1189
f 140/1190 1070/1191 1071/1192 1067/1193
f 140/1190 1069/1194 1072/1195 1073/1196
f 141/1197 1074/1198 1075/1199 1076/1200
f 141/1201 1076/1202 1077/1203 1078/1204
f 141/1205 1078/1206 1079/1207 1074/1208
f 142/1209 1080/1210 1081/1211 1082/1212
f 142/1213 1082/1214 1083/1215 1084/1216
f 143/1217 1085/1218 1086/1219 1087/1220
f 143/1221 1088/1222 1089/1223 1090/1224
f 143/1221 1087/1225 1091/1226 1088/1222
f 143/1221 1090/1224 1092/1227 1093/1228
f 143/1229 1093/1230 1094/1231 1085/1232
f 144/1146 1095/1233 1096/1234 1097/1235
f 144/1236 1097/1237 1098/1238 1099/1239
f 144/1146 1042/1145 1100/1240 1095/1233
f 145/1241 1101/1242 1102/1243 1103/1244
f 145/1245 1104/1246 1105/1247 1056/1248
f 1106/1249 1066/1185 1065/1184 1107/1250
f 146/1251 1108/1252 1109/1253 1110/1254
f 146/1251 177/1255 1113/1256 1108/1252
f 147/1257 1111/1258 1110/1259 151/1260
f 147/1261 151/1262 1114/1263 1115/1264
f 147/1265 1115/1266 1116/1267 1117/1268
f 148/1269 1118/1270 1119/1271 1120/1272
f 148/1269 1120/1272 1121/1273 1122/1274
f 148/1269 157/1275 1123/1276 1118/1270
f 148/1269 1122/1274 1124/1277 1125/1278
f 148/1269 1125/1278 156/1279 157/1275
f 149/1280 1126/1281 1127/1282 1128/1283
f 149/1284 1128/1285 1129/1286 1130/1287
f 149/1288 1130/1289 1131/1290 1132/1291
f 149/1292 156/1293 1125/1294 1133/1295
f 150/1296 892/1297 891/870 1134/1298
f 150/1299 1135/1300 1136/1301 892/872
f 150/1296 1134/1298 1137/1302 1135/1303
f 149/1288 1132/1291 1138/1304 1139/1305
f 149/1288 1139/1305 1140/1306 156/1307
f 149/1280 1141/1308 1142/1309 1126/1281
f 149/1310 1133/1311 1143/1312 1141/1313
f 151/1314 1144/1315 1145/1316 1146/1317
f 151/1314 1146/1317 1147/1318 1114/1319
f 151/1314 1110/1254 1109/1253 1144/1315
f 152/1320 1148/1321 1149/1322 155/1323
f 152/1324 1150/1325 1151/1326 1148/1327
f 152/1328 1152/1329 1153/1330 1150/1331
f 161/1332 160/1333 1155/1334 1152/1335
f 152/1336 1154/1337 161/1332 1152/1335
f 152/1328 155/1338 1156/1339 1154/1340
f 153/1341 1157/1342 1158/1343 1159/1344
f 153/1345 1159/1346 1160/1347 1161/1348
f 153/1341 1161/1349 1162/1350 1157/1342
f 154/1351 1163/1352 1164/1353 1165/1354
f 154/1351 1165/1354 1166/1355 1167/1356
f 154/1351 1167/1356 1168/1357 1163/1352
f 155/1358 1149/1359 1169/1360 1156/1361
f 158/1362 1170/1363 1171/1364 1172/1365
f 158/1366 1173/1367 1174/1368 1170/1369
f 158/1370 1172/1371 1175/1372 1176/1373
f 158/1370 1177/1374 1178/1375 1173/1376
f 158/1370 1176/1373 1179/1377 1177/1374
f 159/1378 1121/1273 1120/1272 1180/1379
f 159/1380 1172/1365 1171/1364 1121/1381
f 159/1382 1180/1383 1181/1384 1182/1385
f 159/1382 1183/1386 1175/1372 1172/1371
f 159/1382 1182/1385 1184/1387 1183/1386
f 160/1388 1185/1389 1186/1390 1155/1391
f 160/1392 161/1393 1154/1340 1178/1375
f 160/1392 1178/1375 1177/1374 1185/1394
f 162/1395 1187/1396 1188/1397 1189/1398
f 162/1399 1189/1400 1190/1401 1191/1402
f 162/1403 1192/1404 1193/1405 1187/1406
f 163/1407 1185/1394 1177/1374 1179/1377
f 163/1407 1179/1377 1194/1408 166/1409
f 163/1410 166/1411 1186/1390 1185/1389
f 164/1412 1195/1413 1196/1414 171/1415
f 164/1416 171/1417 1041/1143 1038/1140
f 165/1418 1197/1419 1198/1420 1199/1421
f 165/1418 1199/1421 1200/1422 1201/1423
f 165/1418 1202/1424 1203/1425 1197/1419
f 165/1418 1201/1423 1204/1426 1205/1427
f 165/1418 1205/1427 1192/1404 1202/1424
f 166/1428 1194/1429 1206/1430 174/1431
f 166/1428 174/1431 1207/1432 175/1433
f 167/1434 1208/1435 1209/1436 1210/1437
f 167/1438 1211/1439 1212/1440 1208/1441
f 167/1434 1210/1437 1213/1442 1211/1443
f 168/1444 1214/1445 1215/1446 1216/1447
f 168/1448 1216/1449 1217/1450 1218/1451
f 168/1448 1218/1451 1219/1452 1214/1453
f 169/1454 1220/1455 1221/1456 1222/1457
f 169/1458 1223/1459 1224/1460 1220/1461
f 169/1458 1225/1462 1226/1463 1223/1459
f 170/1464 1227/1465 1228/1466 1229/1467
f 170/1468 1230/1469 1231/1470 1227/1471
f 170/1472 1229/1473 1232/1474 1230/1475
f 172/1476 1233/1477 1234/1478 1235/1479
f 172/1476 173/1480 1236/1481 1233/1477
f 172/1476 1237/1482 1238/1483 1239/1484
f 172/1476 1239/1484 1240/1485 173/1480
f 173/1480 1240/1485 1039/1141 1041/1143
f 174/1431 1206/1430 1241/1486 1207/1432
f 175/1487 1242/1488 1243/1489 166/1490
f 166/1411 1243/1491 1244/1492 1186/1390
f 176/1493 1061/1494 1245/1495 1246/1496
f 176/1493 178/1497 1059/1498 1061/1494
f 176/1493 1246/1496 1247/1499 1053/1161
f 177/1255 178/1171 179/1170 1113/1256
f 177/1500 1248/1501 1059/1502 178/1503
f 177/1504 146/1505 1112/1506 1248/1507
f 179/1170 1056/1169 1105/1508 1113/1256
f 180/1509 1249/1510 1250/1511 896/879
f 180/1509 896/879 895/878 1251/1512
f 180/1513 1251/1514 1252/1515 1253/1516
f 181/880 896/879 1250/1511 900/1517
f 182/1518 1254/1519 1255/1520 1256/1521
f 182/1522 1256/1523 1257/1524 1258/1525
f 182/1522 1258/1525 1259/1526 1254/1527
f 183/1528 1260/1529 1261/1530 1262/1531
f 183/1528 1262/1531 1263/1532 1264/1533
f 183/1528 1264/1533 1265/1534 1260/1529
f 184/1535 1263/1532 1262/1531 1267/1536
f 185/1537 1268/1538 1269/1539 1270/1540
f 185/1541 1270/1542 1271/1543 1272/1544
f 185/1545 1264/1533 1263/1532 1268/1546
f 186/1547 1273/1548 1274/1549 207/1550
f 186/1551 207/1552 206/1553 208/1554
f 186/1547 208/1555 187/1556 1275/1557
f 187/1556 1276/1558 1277/1559 1275/1557
f 187/1556 1278/1560 1279/1561 1276/1558
f 187/1562 208/1563 1280/1564 1281/1565
f 187/1556 1281/1566 1282/1567 1278/1560
f 188/1568 1283/1569 1282/1567 1281/1566
f 188/1570 1281/1571 1280/1572 1284/1573
f 188/1568 215/1574 1285/1575 1283/1569
f 188/1576 1284/1577 1286/1578 1287/1579
f 188/1580 1287/1581 1288/1582 215/1583
f 189/1584 1289/1585 1290/1586 217/1587
f 189/1584 185/1588 1272/1589 1289/1585
f 189/1584 1291/1590 1292/1591 1265/1592
f 189/1584 217/1587 1293/1593 1291/1590
f 189/1594 1265/1534 1264/1533 185/1545
f 190/1595 1294/1596 1295/1597 1296/1598
f 190/1599 1297/1600 1298/1601 1299/1602
f 191/1603 1300/1604 1231/1470 1230/1469
f 191/1605 1230/1475 1232/1474 1301/1606
f 191/1607 1301/1608 1302/1609 1300/1610
f 192/1611 1303/1612 1304/1613 1305/1614
f 169/1615 1222/1616 1303/1617 192/1618
f 192/1611 1305/1614 1306/1619 169/1620
f 193/1621 1307/1622 1308/1623 1309/1624
f 193/1625 1310/1626 1311/1627 1307/1628
f 193/1621 1309/1624 1312/1629 1310/1630
f 194/1631 1187/1406 1193/1405 1313/1632
f 194/1633 1314/1634 1188/1397 1187/1396
f 194/1635 1315/1636 1316/1637 1314/1638
f 195/1639 1317/1640 1318/1641 1319/1642
f 195/1639 1320/1643 1321/1644 1322/1645
f 195/1639 1322/1645 1313/1632 1317/1640
f 196/1646 1323/1647 1324/1648 1325/1649
f 196/1650 1325/1651 197/1652 1255/1653
f 196/1654 1255/1655 1254/1656 1323/1657
f 197/1652 1325/1651 1326/1658 1327/1659
f 197/1652 1327/1659 212/1660 201/1661
f 197/1662 1328/1663 1256/1521 1255/1520
f 197/1664 201/1665 200/1666 1328/1667
f 198/1668 1329/1669 1330/1670 1331/1671
f 198/1672 1332/1673 204/1674 1329/1675
f 198/1676 1333/1677 1334/1678 1332/1679
f 199/1680 1335/1681 1336/1682 1337/1683
f 199/1684 1338/1685 1339/1686 1340/1687
f 199/1680 1340/1688 1341/1689 1335/1681
f 200/1666 1342/1690 1343/1691 1344/1692
f 200/1693 1345/1694 1346/1695 1342/1696
f 200/1666 1344/1692 1347/1697 1328/1667
f 200/1693 201/1661 212/1660 1345/1694
f 202/1698 1348/1699 1349/1700 1350/1701
f 202/1702 205/1703 1351/1704 204/1705
f 202/1706 1352/1707 1353/1708 205/1709
f 202/1710 1350/1711 1354/1712 1352/1713
f 203/1714 1355/1715 1356/1716 1357/1717
f 203/1718 211/1719 205/1720 1353/1721
f 203/1714 1353/1722 1358/1723 1355/1715
f 203/1714 1357/1717 1359/1724 1360/1725
f 203/1726 1360/1727 1361/1728 211/1729
f 204/1674 1362/1730 1348/1731 202/1732
f 204/1674 1351/1733 1363/1734 1329/1675
f 205/1735 211/1736 1361/1737 1364/1738
f 205/1735 1364/1738 1365/1739 1351/1740
f 206/1553 207/1552 1366/1741 1367/1742
f 206/1553 1367/1742 1368/1743 208/1554
f 207/1744 209/1745 1369/1746 1366/1747
f 207/1748 1274/1749 1370/1750 209/1751
f 208/1752 1368/1753 1371/1754 1280/1755
f 209/1756 1370/1757 1372/1758 1369/1759
f 210/1760 1373/1761 1374/1762 1375/1763
f 210/1760 1376/1764 1377/1765 1378/1766
f 210/1760 1378/1766 1379/1767 1373/1761
f 210/1760 1380/1768 1381/1769 1376/1764
f 210/1760 1375/1763 1382/1770 1380/1768
f 212/1660 1327/1659 1331/1771 1330/1772
f 212/1773 1383/1774 1354/1712 1345/1775
f 212/1776 1330/1777 1384/1778 1383/1779
f 213/1780 1385/1781 1386/1782 1337/1783
f 213/1784 1337/1683 1336/1682 1387/1785
f 213/1786 1387/1787 1388/1788 1385/1789
f 214/1790 1361/1791 1360/1792 1389/1793
f 214/1794 1390/1795 1391/1796 1392/1797
f 214/1794 1389/1798 1393/1799 1390/1795
f 214/1800 1394/1801 1364/1738 1361/1737
f 214/1794 1392/1797 1395/1802 1394/1803
f 215/1583 1396/1804 1397/1805 1398/1806
f 215/1583 1398/1806 1399/1807 1285/1808
f 215/1583 1288/1582 1400/1809 1396/1804
f 216/1810 1401/1811 1402/1812 1403/1813
f 216/1814 1404/1815 1405/1816 1401/1817
f 216/1810 1406/1818 1407/1819 1404/1820
f 217/1821 1408/1822 1409/1823 1293/1824
f 218/1825 1410/1826 1411/1827 1412/1828
f 218/1825 1413/1829 1414/1830 1410/1826
f 218/1825 1415/1831 1416/1832 1413/1829
f 218/1825 1417/1833 1418/1834 1415/1831
f 218/1825 1412/1828 1419/1835 1417/1833
f 219/1836 1421/1837 1422/1838 1423/1839
f 219/1836 1423/1839 1424/1840 1425/1841
f 219/1836 1425/1841 1426/1842 220/1843
f 220/1844 1427/1845 1428/1846 1420/1847
f 220/1848 1429/1849 1430/1850 1427/1851
f 221/1852 1431/1853 1432/1854 1433/1855
f 221/1856 1434/1857 1435/1858 1431/1859
f 222/1860 1436/1861 1437/1862 1438/1863
f 222/1864 1402/1865 1439/1866 1436/1867
f 222/1868 1440/1869 1441/1870 1442/1871
f 222/1868 1442/1871 1403/1813 1402/1812
f 222/1868 1438/1872 1443/1873 1440/1869
f 223/1874 1444/1875 1445/1876 1446/1877
f 223/1878 1447/1879 1448/1880 1444/1881
f 224/1882 1449/1883 1450/1884 1451/1885
f 224/1886 1452/1887 1341/1689 1449/1888
f 224/1882 1453/1889 1454/1890 1452/1891
f 225/1892 1455/1893 1456/1894 1457/1895
f 225/1892 1458/1896 1459/1897 1455/1893
f 225/1892 1457/1895 1339/1686 1458/1896
f 199/1684 1337/1783 1386/1782 1338/1685
f 226/1898 1455/1893 1459/1897 1460/1899
f 226/1900 1460/1901 1461/1902 1462/1903
f 226/1900 1462/1903 1456/1904 1455/1905
f 227/1906 1463/1907 1464/1908 1465/1909
f 227/1910 1466/1911 1467/1912 1463/1913
f 227/1910 1450/1914 1468/1915 1466/1911
f 228/1916 1469/1917 1470/1918 1471/1919
f 228/1916 1471/1919 1472/1920 1473/1921
f 228/1922 1473/1923 1474/1924 1469/1925
f 229/1926 1475/1927 1476/1928 1477/1929
f 229/1926 1478/1930 1479/1931 1475/1927
f 229/1926 1477/1929 1480/1932 1478/1930
f 230/1933 1481/1934 1482/1935 1483/1936
f 230/1933 1483/1936 1484/1937 1485/1938
f 230/1939 1485/1940 1486/1941 1487/1942
f 230/1933 1488/1943 1489/1944 1481/1934
f 230/1945 1487/1946 1490/1947 1488/1948
f 231/1949 1491/1950 1492/1951 1493/1952
f 231/1949 1494/1953 1495/1954 1491/1950
f 232/1955 1496/1956 1497/1957 1498/1958
f 232/1959 1499/1960 1500/1961 1501/1962
f 232/1963 1501/1964 1502/1965 1496/1966
f 232/1967 1498/1968 1503/1969 1499/1970
f 233/1971 1504/1972 251/1973 1505/1974
f 233/1975 1505/1976 1506/1977 240/1978
f 233/1979 1507/1980 1508/1981 1504/1982
f 234/1983 1296/1984 1295/1985 1509/1986
f 234/1987 1509/1988 1510/1989 1511/1990
f 234/1987 1511/1990 1512/1991 1513/1992
f 235/1993 1514/1994 1515/1995 1516/1996
f 235/1997 1517/1998 1518/1999 1519/2000
f 235/1993 1516/1996 1510/1989 1520/2001
f 235/1997 1520/2002 1521/2003 1517/1998
f 236/2004 1522/2005 237/2006 238/2007
f 236/2008 238/2009 1523/2010 1524/2011
f 1525/2012 1526/2013 239/2014 1527/2015
f 1527/2016 1528/2017 1529/2018 1530/2019
f 1527/2016 1531/2020 1532/2021 1528/2017
f 1527/2015 1530/2022 262/2023 1525/2012
f 237/2024 1522/2025 190/1599 1296/2026
f 237/2027 1296/1984 234/1983 1533/2028
f 238/2029 237/2030 1533/2031 1523/2032
f 240/2033 1534/2034 1535/2035 233/1971
f 241/2036 1536/2037 1537/2038 1538/2039
f 241/2040 1539/2041 1540/2042 1536/2043
f 241/2036 1538/2039 1541/2044 1539/2045
f 242/2046 1542/2047 1543/2048 1544/2049
f 242/2050 981/2051 978/2052 1542/2053
f 242/2054 1544/2055 982/1048 981/1041
f 243/2056 1545/2057 1546/2058 1547/2059
f 243/2056 1548/2060 1549/2061 1545/2057
f 243/2056 1550/2062 1551/2063 1548/2060
f 243/2056 1547/2059 1552/2064 994/1064
f 243/2056 994/1064 993/1063 1550/2062
f 244/2065 983/2066 982/1048 1544/2055
f 244/2067 1544/2068 1543/2069 1553/2070
f 244/2071 1553/2072 1554/2073 983/1045
f 245/2074 1555/2075 1556/2076 1557/2077
f 245/2074 1557/2077 1558/2078 1559/2079
f 245/2074 1559/2079 1560/2080 1561/2081
f 245/2074 1561/2081 1562/2082 1555/2075
f 246/2083 1563/2084 1564/2085 1565/2086
f 246/2087 1565/2088 1566/2089 1567/2090
f 246/2091 1567/2092 1568/2093 1563/2094
f 247/2095 1569/2096 1570/2097 1571/2098
f 247/2095 1572/2099 1573/2100 1569/2096
f 247/2095 1574/2101 1575/2102 1572/2099
f 247/2095 1571/2098 1576/2103 1574/2101
f 248/2104 1577/2105 1578/2106 1579/2107
f 248/2104 1580/2108 1581/2109 1577/2105
f 248/2104 1582/2110 1583/2111 1580/2108
f 249/2112 1584/2113 1537/2114 1536/2115
f 249/2116 1585/2117 1586/2118 1584/2119
f 249/2116 1536/2043 1540/2042 1585/2117
f 250/2120 1587/2121 1486/2122 1485/2123
f 1589/2124 1590/2125 1587/2126 250/2127
f 250/2127 1485/1938 1588/2128 1589/2124
f 251/2129 1591/2130 1592/2131 1593/2132
f 251/2129 1504/2133 1594/2134 1591/2130
f 252/2135 1595/2136 1596/2137 1597/2138
f 252/2139 1597/2140 1598/2141 1493/1952
f 252/2135 1493/2142 1492/2143 1595/2136
f 253/2144 1599/2145 1600/2146 1601/2147
f 253/2144 1602/2148 1603/2149 1599/2145
f 253/2144 1604/2150 1605/2151 1602/2148
f 254/2152 1606/2153 1607/2154 1608/2155
f 254/2152 1609/2156 1610/2157 1606/2153
f 254/2158 1611/2159 1612/2160 1609/2161
f 254/2152 1613/2162 1614/2163 1611/2164
f 255/2165 283/2166 1615/2167 1616/2168
f 257/2169 1620/2170 1621/2171 256/2172
f 257/2173 256/2174 1622/2175 1623/2176
f 258/2177 1624/2178 1625/2179 1622/2175
f 258/2177 1622/2175 256/2174 1618/2180
f 258/2181 1627/2182 1628/2183 1624/2184
f 258/2185 1629/2186 1630/2187 1627/2188
f 259/2189 1631/2190 1632/2191 1633/2192
f 259/2193 1634/2194 1635/2195 1636/2196
f 259/2197 1633/2198 1637/2199 1638/2200
f 259/2193 1638/2201 1639/2202 1634/2194
f 260/2203 800/909 916/908 1640/2204
f 260/706 1640/2205 1641/2206 1642/2207
f 260/706 1642/2207 1643/2208 801/707
f 261/2209 1644/2210 916/2211 915/2212
f 261/2213 1645/2214 1646/2215 1647/2216
f 261/2213 915/912 918/911 1648/2217
f 261/2213 1648/2217 1649/2218 1645/2214
f 262/2219 1650/2220 1526/2221 1525/2222
f 262/2223 1651/2224 1652/2225 1650/2226
f 263/2227 1653/2228 1654/2229 1655/2230
f 263/2231 1656/2232 1657/2233 1653/2234
f 263/2227 1655/2230 1658/2235 1656/2236
f 264/2237 1617/2238 1619/2239 1659/2240
f 264/2241 1626/2242 1618/2243 1617/2244
f 264/2245 1659/2246 1629/2186 1626/2247
f 265/2248 1660/2249 1661/2250 1662/2251
f 265/2252 1659/2240 1619/2239 1660/2253
f 265/2254 1630/2187 1629/2186 1659/2246
f 265/2248 1663/2255 1664/2256 1630/2257
f 265/2248 1662/2251 1665/2258 1663/2255
f 266/2259 1654/2260 1653/2234 1666/2261
f 266/2262 1666/2263 1667/2264 1668/2265
f 266/2266 1668/2267 268/2268 1654/2269
f 267/2270 1669/2271 1670/2272 1671/2273
f 267/2270 1672/2274 1673/2275 1674/2276
f 267/2270 1674/2276 1675/2277 1669/2271
f 256/2278 1621/2279 1660/2280 1619/2281
f 1660/2249 1676/2282 1677/2283 1661/2250
f 1660/2249 1621/2284 273/2285 1676/2282
f 268/2286 1678/2287 1679/2288 1680/2289
f 268/2290 1680/2291 1655/2292 1654/2293
f 268/2286 1681/2294 1682/2295 1678/2287
f 1683/2296 1684/2297 1685/2298 1686/2299
f 269/2300 1687/2301 1688/2302 1689/2303
f 269/2304 1690/2305 1691/2306 1687/2307
f 269/2300 1689/2303 1692/2308 1690/2309
f 270/2310 1693/2311 1694/2312 1695/2313
f 270/2310 1695/2313 1696/2314 1697/2315
f 270/2310 1697/2315 1698/2316 1699/2317
f 270/2310 1700/2318 1701/2319 1693/2311
f 270/2310 1699/2317 1702/2320 1700/2318
f 271/2321 1703/2322 1704/2323 1705/2324
f 271/2321 1694/2325 1706/2326 1707/2327
f 271/2321 1707/2327 1658/2328 1703/2322
f 271/2321 1705/2324 1708/2329 1709/2330
f 271/2321 1709/2330 1695/2331 1694/2325
f 272/2332 1710/2333 1711/2334 1712/2335
f 272/2336 1713/2337 1714/2338 1710/2339
f 272/2336 1715/2340 1716/2341 1713/2337
f 272/2342 1712/2343 1717/2344 1715/2345
f 273/2346 1718/2347 1719/2348 1720/2349
f 273/2350 1720/2351 1721/2352 274/2353
f 273/2285 274/2354 1722/2355 1676/2282
f 274/2356 1721/2357 1723/2358 1724/2359
f 274/2354 1725/2360 1726/2361 1722/2355
f 274/2354 1724/2362 1727/2363 1725/2360
f 275/2364 1728/2365 1729/2366 1730/2367
f 275/2364 1730/2367 1731/2368 276/2369
f 275/2370 276/2371 1644/2372 1732/2373
f 275/2374 1732/2375 798/2376 797/2377
f 275/2364 797/2378 1733/2379 1728/2365
f 276/2380 1640/2381 916/2382 1644/2383
f 276/2369 1734/2384 1641/2206 1640/2205
f 276/2369 1731/2368 1735/2385 1734/2384
f 277/2386 1736/2387 1719/2388 1737/2389
f 277/2390 1737/2391 1738/2392 1739/2393
f 277/2390 1739/2393 1740/2394 278/2395
f 277/2396 278/2397 279/2398 280/2399
f 277/2400 280/2401 1741/2402 1736/2403
f 278/2404 1740/2405 1742/2406 1743/2407
f 278/2408 1744/2409 1745/2410 279/2411
f 278/2408 1743/2412 1723/2413 1744/2409
f 281/2414 1746/2415 1747/2416 282/2417
f 281/2418 1745/2410 1744/2409 1746/2419
f 281/2420 282/2421 1741/2422 1745/2423
f 282/2424 1747/2425 1736/2403 1741/2402
f 255/2426 1748/2427 1749/2428 1750/2429
f 283/2166 1751/2430 1752/2431 1615/2167
f 284/2432 1753/2433 1750/2434 1754/2435
f 284/2436 1754/2437 1755/2438 1756/2439
f 284/2440 1756/2441 1757/2442 287/2443
f 285/2444 1758/2445 1759/2446 1760/2447
f 285/2444 1760/2447 1761/2448 286/2449
f 285/2444 1762/2450 1763/2451 1758/2445
f 286/2452 1761/2453 1764/2454 1765/2455
f 285/2444 1601/2147 1600/2146 1762/2450
f 287/2456 1757/2457 1766/2458 1752/2459
f 287/2460 1752/2461 1751/2462 284/2463
f 288/2464 1767/2465 1759/2446 1768/2466
f 288/2464 1768/2466 1769/2467 1770/2468
f 288/2464 1770/2468 1771/2469 289/2470
f 288/2464 1772/2471 1773/2472 1767/2465
f 288/2464 289/2470 1774/2473 1772/2471
f 289/2470 1771/2469 1775/2474 1774/2473
f 290/2475 1776/2476 1777/2477 1778/2478
f 290/2479 1778/2480 1779/2481 1780/2482
f 290/2483 1780/2484 1781/2485 1776/2486
f 291/2487 292/2488 1782/2489 1783/2490
f 291/2491 1778/2478 1777/2477 293/2492
f 291/2493 1783/2494 1779/2481 1778/2480
f 292/2488 1784/2495 1785/2496 1782/2489
f 293/2497 1777/2498 1787/2499 1786/2500
f 294/2501 1788/2502 1789/2503 1790/2504
f 294/2501 1791/2505 1792/2506 1788/2502
f 294/2501 1790/2504 1793/2507 1791/2505
f 295/2508 1794/2509 1785/2496 1784/2495
f 295/2508 1795/2510 1796/2511 1794/2509
f 295/2508 1797/2512 1798/2513 1795/2510
f 296/2514 704/508 698/496 1799/2515
f 296/2514 1799/2515 1800/2516 1801/2517
f 296/2518 1801/2519 705/2520 704/2521
f 297/2522 1802/2523 1803/2524 1804/2525
f 297/2526 1800/2516 1799/2515 1802/2527
f 297/2528 1804/2529 1805/2530 1800/2531
f 298/2532 299/2533 1806/2534 1807/2535
f 298/2536 1808/2537 1809/2538 299/2539
f 299/2539 1810/2540 1811/2541 1806/2542
f 299/2539 1809/2538 1812/2543 1813/2544
f 299/2539 1813/2544 1814/2545 1810/2540
f 298/2546 1807/2547 1815/2548 1808/2549
f 300/2550 1816/2551 1817/2552 1818/2553
f 300/2550 1819/2554 1820/2555 1816/2551
f 300/2550 1810/2540 1814/2545 1819/2554
f 300/2550 1818/2553 1811/2541 1810/2540
f 292/2488 1821/2556 1822/2557 1784/2495
f 292/2488 1786/2500 1823/2558 1821/2556
f 301/2559 1824/2560 1825/2561 1826/2562
f 301/2559 1826/2562 1827/2563 1828/2564
f 302/2565 1829/2566 1830/2567 1831/2568
f 302/2569 1832/2570 1833/2571 1829/2572
f 302/2573 1831/2574 1834/2575 1835/2576
f 302/2577 1835/2578 1836/2579 312/2580
f 302/2581 312/2582 311/2583 1832/2584
f 301/2559 1816/2551 1820/2555 1824/2560
f 301/2559 1828/2564 1817/2552 1816/2551
f 303/2585 1837/2586 1838/2587 1839/2588
f 304/2589 1842/2590 1843/2591 1844/2592
f 304/2589 1845/2593 1846/2594 1842/2590
f 304/2595 1847/2596 1848/2597 1849/2598
f 304/2599 1849/2600 1850/2601 1845/2602
f 304/2589 1844/2592 1851/2603 1847/2604
f 305/2605 1852/2606 1853/2607 1854/2608
f 306/2609 1855/2610 1856/2611 1857/2612
f 307/2613 1857/2612 1858/2614 1859/2615
f 308/2616 1860/2617 309/2618 1861/2619
f 308/2620 1862/2621 1863/2622 1860/2623
f 308/2624 1864/2625 1865/2626 1862/2627
f 308/2628 1861/2629 1866/2630 1864/2631
f 309/2632 1867/2633 1868/2634 316/2635
f 310/2636 309/2637 316/2638 1869/2639
f 310/2640 1869/2641 1870/2642 1871/2643
f 310/2644 1871/2645 1861/2646 309/2647
f 311/2648 312/2649 1872/2650 1873/2651
f 312/2649 1836/2652 313/2653 1874/2654
f 312/2649 1874/2654 1875/2655 1872/2650
f 313/2653 1841/2656 1876/2657 1874/2654
f 311/2658 1873/2659 1877/2660 1878/2661
f 314/2662 1879/2663 1880/2664 1833/2665
f 314/2666 1878/2661 1877/2660 1881/2667
f 315/2668 1870/2669 1869/2670 1882/2671
f 315/2668 1883/2672 1884/2673 1870/2669
f 315/2668 1885/2674 1886/2675 1883/2672
f 316/2635 1868/2634 1887/2676 1888/2677
f 316/2678 1888/2679 1889/2680 1890/2681
f 316/2678 1890/2681 1882/2682 1869/2683
f 317/2684 1891/2685 1892/2686 1893/2687
f 317/2688 1894/2689 1895/2690 1891/2691
f 317/2692 1896/2693 1897/2694 1894/2695
f 318/2696 320/2697 321/2698 1896/2699
f 319/2700 1898/2701 1899/2702 1900/2703
f 319/2704 1900/2705 1901/2706 322/2707
f 319/2704 322/2707 1902/2708 1898/2709
f 320/2697 1903/2710 1904/2711 321/2698
f 320/2712 318/2713 1905/2714 1903/2715
f 321/2716 1906/2717 1897/2694 1896/2693
f 321/2718 1907/2719 1908/2720 1906/2721
f 321/2698 1904/2711 1909/2722 1907/2723
f 322/2707 1910/2724 1911/2725 1912/2726
f 322/2707 1901/2706 1913/2727 1910/2724
f 322/2707 1912/2726 1914/2728 1902/2708
f 323/2729 1915/2730 1916/2731 1917/2732
f 323/2733 1918/2734 324/2735 1919/2736
f 323/2737 1919/2738 1920/2739 1915/2740
f 324/2741 1918/2742 1921/2743 1922/2744
f 324/2745 1922/2746 326/2747 1923/2748
f 325/2749 1922/2750 1921/2751 1924/2752
f 325/2753 1924/2754 1925/2755 1926/2756
f 325/2757 1927/2758 1928/2759 1929/2760
f 325/2761 1926/2762 1930/2763 1927/2764
f 325/2757 1929/2760 326/2765 1922/2766
f 326/2765 1929/2760 1931/2767 1923/2768
f 327/2769 1932/2770 1933/2771 1934/2772
f 327/2773 342/2774 1935/2775 1936/2776
f 327/2777 1934/2778 1937/2779 1938/2780
f 327/2777 1938/2780 1939/2781 342/2782
f 328/2783 1940/2784 1941/2785 1942/2786
f 328/2787 1942/2788 1943/2789 1944/2790
f 328/2791 1945/2792 1946/2793 1947/2794
f 328/2787 1944/2790 1948/2795 1949/2796
f 329/2797 1950/2798 1951/2799 1952/2800
f 329/2801 1932/2802 1953/2803 1950/2804
f 329/2805 1954/2806 1933/2807 1932/2808
f 329/2797 1955/2809 1956/2810 1954/2811
f 329/2797 1952/2800 1949/2812 1957/2813
f 329/2797 1957/2813 1958/2814 1955/2809
f 330/2815 1959/2816 1960/2817 1961/2818
f 330/2815 1962/2819 1963/2820 1959/2816
f 330/2815 1964/2821 1965/2822 1966/2823
f 330/2815 1961/2818 1967/2824 1964/2821
f 330/2815 1966/2823 1968/2825 1962/2819
f 331/2826 1969/2827 1970/2828 1971/2829
f 331/2830 1971/2831 1972/2832 1973/2833
f 331/2834 1973/2835 332/2836 1969/2837
f 332/2838 1974/2839 1975/2840 1969/2827
f 332/2841 1976/2842 1977/2843 1974/2844
f 333/2845 1978/2846 1979/2847 336/2848
f 333/2849 1980/2850 334/2851 1978/2852
f 333/2849 1981/2853 1982/2854 1980/2850
f 333/2855 336/2856 337/2857 334/2858
f 334/2859 1980/2860 1973/2861 1972/2862
f 335/2863 1983/2864 1984/2865 1985/2866
f 335/2867 1986/2868 1987/2869 1983/2870
f 335/2863 1985/2866 1988/2871 1989/2872
f 335/2873 339/2874 1990/2875 1986/2876
f 335/2863 1989/2872 1991/2877 339/2878
f 334/2879 1972/2832 1987/2869 1992/2880
f 334/2881 1992/2882 1993/2883 333/2884
f 334/2885 1994/2886 1995/2887 1978/2888
f 334/2885 337/2889 1996/2890 1994/2886
f 336/2891 1979/2892 1997/2893 1998/2894
f 336/2891 1998/2894 1999/2895 2000/2896
f 336/2891 2000/2896 2001/2897 337/2889
f 333/2898 1993/2899 2002/2900 2003/2901
f 333/2902 2003/2903 2004/2904 1981/2905
f 337/2889 2005/2906 2006/2907 1996/2890
f 337/2889 2001/2897 2007/2908 2005/2906
f 338/2909 2008/2910 2009/2911 2010/2912
f 338/2909 2010/2912 2011/2913 2012/2914
f 338/2909 2013/2915 2014/2916 2015/2917
f 338/2909 2012/2914 2016/2918 2013/2915
f 338/2909 2015/2917 2017/2919 2008/2910
f 339/2920 2018/2921 2007/2908 1990/2922
f 339/2878 1991/2877 2019/2923 2020/2924
f 339/2878 2020/2924 2021/2925 2018/2926
f 340/2927 2022/2928 2023/2929 341/2930
f 340/2927 2024/2931 1968/2932 2022/2928
f 340/2933 341/2934 1939/2781 1938/2780
f 340/2933 1938/2780 1937/2779 2024/2935
f 341/2936 2023/2937 2025/2938 1939/2939
f 342/2940 1939/2941 2025/2942 2026/2943
f 342/2774 2027/2944 2028/2945 1935/2775
f 343/2946 344/2947 2029/2948 2006/2907
f 343/2949 2030/2950 2031/2951 344/2952
f 343/2946 2006/2907 2005/2906 2030/2953
f 344/2954 2031/2955 2032/2956 2033/2957
f 344/2958 2033/2959 2034/2960 2035/2961
f 344/2962 2035/2963 2036/2964 2029/2965
f 345/2966 2037/2967 2019/2968 2038/2969
f 345/2970 2038/2971 346/2972 2039/2973
f 21/2974 2040/2975 2041/2976 2042/2977
f 21/2974 347/2978 2043/2979 2044/2980
f 21/2974 2044/2980 2045/2981 2040/2975
f 348/447 664/443 663/442 2046/2982
f 349/2983 2047/2984 1940/2985 328/2986
f 349/2987 328/2988 1947/2989 314/2990
f 349/2991 314/2666 1881/2667 1943/2992
f 349/2993 1943/2789 2048/2994 2047/2995
f 2049/2996 2050/2997 350/2998 2051/2999
f 350/2998 2052/3000 357/3001 351/3002
f 350/2998 2050/2997 2053/3003 2052/3000
f 350/3004 351/3005 2054/3006 2051/3007
f 351/3002 2055/3008 2056/3009 2057/3010
f 351/3002 2057/3010 2058/3011 2054/3012
f 351/3002 357/3001 2059/3013 2055/3008
f 352/3014 2060/3015 2061/3016 365/3017
f 352/3018 365/3019 2062/3020 2063/3021
f 352/3022 2063/3023 2064/3024 2065/3025
f 353/3026 356/3027 359/3028 2066/3029
f 353/3026 2066/3029 2067/3030 2068/3031
f 353/3032 2068/3033 2069/3034 2070/3035
f 353/3036 2070/3037 2071/3038 2072/3039
f 353/3040 2072/3041 2073/3042 356/3043
f 354/3044 2074/3045 362/3046 2075/3047
f 354/3044 355/3048 2076/3049 2077/3050
f 354/3044 2077/3050 2078/3051 2074/3045
f 356/3052 2073/3053 390/3054 2079/3055
f 356/3052 2079/3055 2080/3056 2081/3057
f 356/3052 2081/3057 2082/3058 359/3059
f 357/3060 2083/3061 2084/3062 2085/3063
f 357/3064 2052/3065 2086/3066 2083/3067
f 357/3001 359/3059 2082/3058 2059/3013
f 357/3001 2085/3068 2087/3069 359/3059
f 358/3070 2088/3071 389/3072 2089/3073
f 358/3074 2090/3075 2091/3076 2088/3077
f 358/3074 385/3078 364/3079 2090/3075
f 358/3070 2089/3073 2087/3069 2085/3068
f 358/3080 2085/3081 2084/3082 385/3083
f 359/3084 2087/3085 2060/3015 2066/3086
f 360/3087 2092/3088 2093/3089 2094/3090
f 360/3087 2094/3090 2082/3058 2081/3057
f 360/3087 2081/3057 2080/3056 2095/3091
f 360/3092 2095/3093 448/75 447/74
f 360/3094 447/72 446/71 2092/3095
f 361/3096 2092/3095 446/71 453/88
f 361/3097 453/84 452/83 2096/3098
f 361/3099 2096/3100 2097/3101 2098/3102
f 361/3099 2098/3102 2099/3103 2100/3104
f 361/3099 2100/3104 2093/3089 2092/3088
f 362/3105 2074/3106 2101/3107 2102/3108
f 362/3109 2102/3110 2103/3111 2075/3112
f 363/3113 2102/3108 2101/3107 2104/3114
f 363/3115 2105/3116 2103/3111 2102/3110
f 363/3117 440/3118 2106/3119 2105/3120
f 363/3113 2107/3121 441/62 440/61
f 363/3113 2104/3114 2108/3122 2107/3121
f 364/3123 2109/3124 2086/3125 2090/3126
f 364/3123 2110/3127 2111/3128 2109/3124
f 364/3123 2112/3129 2113/3130 2110/3127
f 365/3131 2061/3132 2114/3133 2115/3134
f 365/3135 2115/3136 388/3137 2116/3138
f 365/3135 2116/3138 2117/3139 2062/3140
f 352/3141 2065/3142 2118/3143 2119/3144
f 352/3145 2067/3146 2066/3147 2060/3148
f 366/3149 2120/3150 2121/3151 2122/3152
f 366/3149 388/3153 2123/3154 2120/3150
f 366/3155 2122/3156 2116/3138 388/3137
f 367/3157 2124/3158 2071/3038 2070/3037
f 367/3159 2070/3160 2069/3161 2125/3162
f 367/3163 2125/3164 2126/3165 2124/3166
f 352/3145 2119/3167 2127/3168 2067/3146
f 368/3169 2128/3170 2129/3171 369/3172
f 368/3173 369/3174 2130/3175 2131/3176
f 368/3177 2131/3178 2132/3179 2128/3180
f 370/3181 2133/3182 2134/3183 2135/3184
f 370/3181 371/3185 2136/3186 2133/3182
f 2141/3187 2142/3188 2143/3189 2140/3190
f 372/3191 1433/1855 1432/1854 2144/3192
f 2143/3189 378/3193 2145/3194 2146/3195
f 372/3191 2143/3189 2146/3195 1433/1855
f 372/3191 2144/3192 2140/3190 2143/3189
f 373/3196 2147/3197 2148/3198 2149/3199
f 374/3200 2150/3201 2133/3182 2136/3186
f 374/3202 2136/3203 2151/3204 2152/3205
f 374/3206 2152/3207 376/3208 2150/3209
f 375/3210 2153/3211 2154/3212 376/3213
f 375/3214 376/3215 2152/3216 2155/3217
f 375/3218 2155/3219 2156/3220 2153/3221
f 376/3213 2154/3212 2157/3222 2158/3223
f 377/3224 2159/3225 379/3226 380/3227
f 378/3193 2143/3189 2142/3188 2160/3228
f 378/3229 2161/3230 2162/3231 2163/3232
f 378/3193 2163/3233 2164/3234 2145/3194
f 379/3226 2165/3235 2166/3236 2167/3237
f 381/3238 2168/3239 2169/3240 2170/3241
f 2172/3242 2173/3243 2168/3239 381/3238
f 381/3238 2170/3241 2171/3244 2172/3242
f 382/3245 2174/3246 2175/3247 2176/3248
f 382/3249 1911/3250 2177/3251 2174/3252
f 382/3245 2176/3248 1912/2726 1911/2725
f 383/3253 2178/3254 2179/3255 2180/3256
f 383/3253 2180/3256 2053/3003 2050/2997
f 383/3253 2050/2997 2049/2996 2181/3257
f 384/3258 2091/3076 2090/3075 2086/3259
f 2053/3003 2182/3260 2091/3261 384/3262
f 384/3262 2086/3263 2052/3000 2053/3003
f 364/3264 385/3265 2183/3266 2184/3267
f 364/3268 2184/3269 2185/3270 2112/3271
f 385/3272 2084/3273 2063/3021 2062/3020
f 386/3274 2185/3270 2184/3269 387/3275
f 386/3276 387/3277 2186/3278 2187/3279
f 386/3280 2187/3281 2188/3282 2185/3283
f 387/3284 2184/3267 2183/3266 2186/3285
f 388/3153 2124/3166 2126/3165 2123/3154
f 388/3286 2115/3287 2071/3038 2124/3158
f 389/3072 2088/3071 2189/3288 2190/3289
f 389/3072 2190/3289 390/3054 2073/3053
f 389/3290 2073/3291 2072/3292 2114/3133
f 389/3293 2114/3294 2061/3295 2089/3296
f 390/3054 2190/3289 2191/3297 2192/3298
f 391/3299 2193/3300 6850/3301 2194/3302
f 391/3303 2195/3304 2196/3305 2193/3306
f 391/3307 2194/3308 2197/3309 2195/3310
f 392/3311 494/3312 493/140 2200/3313
f 392/3314 2200/3315 2201/3316 2202/3317
f 393/3318 2203/3319 2204/3320 2205/3321
f 393/3322 2205/3323 2206/3324 2207/3325
f 394/3326 719/540 713/529 2208/3327
f 394/3328 2208/3329 2209/3330 2210/3331
f 2211/3332 719/3333 394/3334 2210/3335
f 2212/3336 2213/3337 2214/3338 2215/3339
f 2215/3340 2214/3341 6572/3342 2216/3343
f 2217/3344 2218/3345 2219/3346 2220/3347
f 2217/3344 6572/3348 2214/3338 2218/3345
f 2222/3349 2224/3350 2225/3351 2223/3352
f 2222/3349 2221/3353 2226/3354 2224/3350
f 2226/3355 2221/3356 2220/3347 2227/3357
f 2228/3358 2229/3359 6453/3360 2230/3361
f 2235/3362 2234/3363 2236/3364 2237/3365
f 2235/3362 2237/3365 662/3366 661/3367
f 2237/3368 2236/3369 2238/3370 2239/3371
f 2237/3368 2239/3371 663/442 662/441
f 2240/3372 4331/3373 5949/3374 2241/3375
f 2240/3376 2238/3377 2236/3378 4331/3379
f 4331/3380 2236/3364 2234/3363 2233/3381
f 2241/3382 5949/3383 6453/3360 2229/3359
f 2227/3357 2220/3347 1854/2608 1853/2607
f 2220/3347 2219/3346 2242/3384 2243/3385
f 2220/3347 2243/3385 2244/3386 1854/2608
f 2244/3386 2243/3385 2245/3387 2246/3388
f 2244/3386 2246/3388 2247/3389 2248/3390
f 2244/3386 2248/3390 305/2605 1854/2608
f 2248/3390 2247/3389 2249/3391 2250/3392
f 2248/3390 2250/3392 2251/3393 305/2605
f 2250/3392 2249/3391 2252/3394 2253/3395
f 2250/3392 2253/3395 669/452 2251/3393
f 2253/3395 2252/3394 2254/3396 2255/3397
f 2253/3395 2255/3397 670/453 669/452
f 2255/3397 2254/3396 2256/3398 2257/3399
f 2255/3397 2257/3399 1855/2610 670/453
f 2257/3399 2256/3398 2258/3400 2259/3401
f 2257/3399 2259/3401 1856/2611 1855/2610
f 2259/3401 2258/3400 2260/3402 2261/3403
f 2259/3401 2261/3403 2262/3404 1856/2611
f 2262/3404 2261/3403 2263/3405 2264/3406
f 2262/3404 2264/3406 2265/3407 1858/2614
f 2262/3404 1858/2614 1857/2612 1856/2611
f 2265/3407 2264/3406 2266/3408 2267/3409
f 2265/3410 2267/3411 2268/3412 2269/3413
f 2265/3407 2269/3414 1859/2615 1858/2614
f 2269/3413 2268/3412 2270/3415 2271/3416
f 2269/3414 2271/3417 2272/3418 1859/2615
f 2272/3418 2273/3419 307/2613 1859/2615
f 2272/3418 2271/3417 2274/3420 2275/3421
f 2272/3418 2275/3421 2276/3422 2273/3419
f 2276/3422 2277/3423 2278/3424 2273/3419
f 2276/3422 2275/3421 2279/3425 2280/3426
f 2276/3422 2280/3426 2281/3427 2277/3423
f 2281/3427 2043/2979 2282/3428 2277/3423
f 2281/3427 2280/3426 2283/3429 2284/3430
f 2281/3427 2284/3430 2285/3431 2043/2979
f 2285/3431 2040/2975 2045/2981 2043/2979
f 2285/3431 2284/3430 2286/3432 2287/3433
f 2285/3431 2287/3433 2041/2976 2040/2975
f 2287/3433 2286/3432 2288/3434 2289/3435
f 2287/3433 2289/3435 2290/3436 2041/2976
f 2290/3436 2291/3437 2042/2977 2041/2976
f 2290/3436 2289/3435 1914/2728 2292/3438
f 2290/3436 2292/3438 2293/3439 2291/3437
f 2293/3439 487/133 22/132 2291/3437
f 2293/3439 2292/3438 2176/3248 2175/3247
f 2293/3439 2175/3247 2058/3011 487/133
f 2292/3438 1914/2728 1912/2726 2176/3248
f 2291/3437 22/132 20/138 2042/2977
f 2289/3435 2288/3434 1902/2708 1914/2728
f 2288/3434 2286/3432 2294/3440 2295/3441
f 2288/3434 2295/3441 1898/2709 1902/2708
f 2295/3441 2294/3440 2296/3442 2297/3443
f 2295/3441 2297/3443 1899/3444 1898/2709
f 2297/3443 2296/3442 2298/3445 2299/3446
f 2297/3443 2299/3446 2300/3447 1899/3444
f 2300/3448 2299/3449 2301/3450 2302/3451
f 2300/3448 2302/3451 2303/3452 2304/3453
f 2300/3447 2304/3454 1900/2705 1899/3444
f 2304/3453 2303/3452 2305/3455 2306/3456
f 2304/3454 2306/3457 1901/2706 1900/2705
f 2306/3458 2305/3459 2307/3460 2308/3461
f 2306/3457 2308/3462 1913/2727 1901/2706
f 2308/3462 2307/3463 2309/3464 2178/3254
f 2308/3462 2178/3254 383/3253 1913/2727
f 2309/3465 2307/3466 2310/3467 2311/3468
f 2309/3469 2311/3470 2312/3471 2313/3472
f 2309/3464 2313/3473 2179/3255 2178/3254
f 2313/3472 2312/3471 2314/3474 2315/3475
f 2313/3473 2315/3476 2316/3477 2179/3255
f 2316/3477 2315/3476 2317/3478 2318/3479
f 2316/3477 2318/3479 2319/3480 2320/3481
f 2316/3477 2320/3481 2180/3256 2179/3255
f 2320/3481 2319/3480 2189/3288 2182/3260
f 2320/3481 2182/3260 2053/3003 2180/3256
f 2319/3480 2318/3479 2321/3482 2191/3297
f 2319/3480 2191/3297 2190/3289 2189/3288
f 2321/3482 2318/3479 2317/3478 2322/3483
f 2321/3482 2322/3483 2323/3484 2324/3485
f 2321/3482 2324/3485 2192/3298 2191/3297
f 2324/3486 2323/3487 2325/3488 2326/3489
f 2324/3485 2326/3490 2327/3491 2192/3298
f 2327/3491 2326/3490 2197/3492 2328/3493
f 2327/3491 2328/3493 2077/3050 2076/3049
f 2327/3491 2076/3049 390/3054 2192/3298
f 2328/3494 2197/3309 2194/3308 2329/3495
f 2328/3493 2329/3496 2078/3051 2077/3050
f 2329/3497 2194/3302 6850/3301 2330/3498
f 2329/3497 2330/3498 2331/3499 2078/3500
f 2331/3499 2330/3498 2332/3501 2333/3502
f 2331/3499 2333/3502 2104/3114 2101/3107
f 2331/3499 2101/3107 2074/3106 2078/3500
f 2333/3502 2332/3501 2334/3503 2335/3504
f 2333/3502 2335/3504 2108/3122 2104/3114
f 2335/3504 2334/3503 2336/3505 2171/3244
f 2335/3504 2171/3244 2170/3241 2108/3122
f 2336/3505 2334/3503 2337/3506 2338/3507
f 2336/3505 2338/3507 376/3213 2158/3223
f 2336/3505 2158/3223 2172/3242 2171/3244
f 2338/3507 2337/3506 2339/3508 2340/3509
f 2338/3507 2340/3509 2150/3510 376/3213
f 2340/3511 2339/3512 2341/3513 2134/3183
f 2340/3511 2134/3183 2133/3182 2150/3201
f 2341/3513 2342/3514 2135/3184 2134/3183
f 2341/3513 2339/3512 2193/3306 2196/3305
f 2341/3513 2196/3305 2343/3515 2342/3514
f 2343/3515 2344/3516 2345/3517 2342/3514
f 2343/3515 2196/3305 2195/3304 2325/3518
f 2343/3519 2325/3488 2323/3487 2344/3520
f 2345/3517 2346/3521 2347/3522 2348/3523
f 2345/3517 2348/3523 2135/3184 2342/3514
f 2345/3517 2344/3516 2349/3524 2346/3521
f 2349/3524 2350/3525 2351/3526 2346/3521
f 2349/3527 2344/3520 2323/3487 2322/3528
f 2349/3527 2322/3528 2317/3529 2350/3530
f 2351/3526 2352/3531 2353/3532 2354/3533
f 2351/3526 2354/3533 2347/3522 2346/3521
f 2351/3526 2350/3525 2314/3534 2352/3531
f 2354/3533 2353/3532 2355/3535 2356/3536
f 2354/3533 2356/3536 2357/3537 2347/3522
f 2357/3537 2356/3536 2358/3538 2359/3539
f 2357/3537 2359/3539 2360/3540 2361/3541
f 2357/3537 2361/3541 2348/3523 2347/3522
f 2361/3541 2360/3540 2362/3542 370/3181
f 2361/3541 370/3181 2135/3184 2348/3523
f 2360/3540 2359/3539 2363/3543 2138/3544
f 2360/3540 2138/3544 2137/3545 2362/3542
f 2363/3543 2364/3546 2365/3547 2366/3548
f 2363/3543 2366/3548 2139/3549 2138/3544
f 2363/3543 2359/3539 2358/3538 2364/3546
f 2364/3546 2358/3538 2367/3550 2159/3225
f 2367/3550 2165/3235 379/3226 2159/3225
f 2367/3550 2358/3538 2356/3536 2355/3535
f 2367/3550 2355/3535 2368/3551 2165/3235
f 2368/3551 2369/3552 2166/3236 2165/3235
f 2368/3551 2355/3535 2353/3532 2370/3553
f 2368/3551 2370/3553 2371/3554 2369/3552
f 2371/3554 2372/3555 2373/3556 2374/3557
f 2371/3554 2374/3557 2375/3558 2369/3552
f 2371/3554 2370/3553 2376/3559 2372/3555
f 2376/3559 2370/3553 2353/3532 2352/3531
f 2376/3559 2352/3531 2314/3534 2312/3560
f 2376/3559 2312/3560 2311/3468 2372/3555
f 2375/3558 2374/3557 1916/3561 1915/2740
f 2375/3558 1915/2740 1920/2739 2377/3562
f 2375/3558 2377/3562 2166/3236 2369/3552
f 2377/3562 1920/2739 2378/3563 2379/3564
f 2377/3562 2379/3564 2167/3237 2166/3236
f 2379/3564 2378/3563 2146/3195 2145/3194
f 2164/3234 2380/3565 2381/3566 2382/3567
f 2381/3566 2380/3565 2383/3568 2384/3569
f 2384/3569 2383/3568 2386/3570
f 2384/3571 2386/3572 2385/3573
f 2385/3573 2386/3572 2387/3574
f 2387/3574 2386/3572 2388/3575
f 2388/3575 2386/3572 2389/3576 2390/3577
f 2390/3577 2389/3576 2391/3578
f 2391/3578 2389/3576 2392/3579 2393/3580
f 2393/3580 2392/3579 2395/3581 2394/3582
f 2394/3582 2395/3581 2396/3583
f 2396/3583 2395/3581 2397/3584
f 2397/3584 2395/3581 2398/3585 2399/3586
f 2399/3586 2398/3585 2400/3587
f 2400/3587 2398/3585 2401/3588 2402/3589
f 2402/3589 2401/3588 2404/3590 2403/3591
f 2403/3591 2404/3590 2405/3592
f 2405/3592 2404/3590 2406/3593
f 2406/3593 2404/3590 2407/3594 2408/3595
f 2231/3596 5949/3374 4331/3373 5032/3597
f 2408/3595 2407/3594 2409/3598 2410/3599
f 6453/3600 5949/3374 2231/3596 2232/3601
f 2410/3599 2409/3598 2412/3602 2411/3603
f 6572/3604 2217/3605 2223/3606
f 2411/3603 2412/3602 2415/3607
f 2415/3607 2412/3602 2416/3608
f 2415/3607 2416/3608 2417/3609
f 2417/3609 2416/3608 2418/3610 2419/3611
f 2419/3611 2418/3610 2421/3612
f 2421/3612 2418/3610 2422/3613 2423/3614
f 2423/3614 2422/3613 2428/3615 2425/3616
f 2425/3616 2428/3615 2427/3617
f 2427/3617 2428/3615 2429/3618
f 2429/3618 2428/3615 2431/3619
f 2431/3620 2428/3621 2432/3622 2423/3623
f 2423/3624 2432/3625 2414/3626 2434/3627
f 2413/3628 2437/3629 2436/3630
f 2437/3629 2413/3628 2438/3631
f 2413/3628 2440/3632 2438/3631
f 2440/3632 2413/3628 2441/3633 2442/3634
f 2441/3633 2443/3635 2442/3634
f 2443/3635 2441/3633 2444/3636 2445/3637
f 2444/3636 2447/3638 2445/3637
f 2448/3639 2447/3640 2444/3641 2160/3642
f 2448/3643 2160/3228 1440/1869 1443/1873
f 2378/3563 1920/2739 1919/2738 2449/3644
f 2378/3563 2449/3644 2450/3645 2146/3195
f 2450/3645 2449/3644 2451/3646 2452/3647
f 2450/3645 2452/3647 2453/3648 221/1852
f 2450/3645 221/1852 1433/1855 2146/3195
f 2452/3649 2451/3650 2454/3651 2455/3652
f 2452/3649 2455/3652 2456/3653 2453/3654
f 2456/3655 2455/3656 2457/3657 2458/3658
f 2456/3655 2458/3658 2459/3659 2460/3660
f 2456/3655 2460/3660 2461/3661 2453/3662
f 2460/3660 2459/3659 2462/3663 2463/3664
f 2460/3660 2463/3664 1434/3665 2461/3661
f 2463/3664 2462/3663 2464/3666 2465/3667
f 2463/3664 2465/3667 1435/3668 1434/3665
f 2465/3669 2464/3670 2466/3671 2467/3672
f 2465/3667 2467/3673 2468/3674 1435/3668
f 2468/3674 2467/3673 2469/3675 2470/3676
f 2468/3674 2470/3676 2471/3677 2472/3678
f 2468/3674 2472/3678 1431/3679 1435/3668
f 2472/3680 2471/3681 2473/3682 2474/3683
f 2472/3680 2474/3683 1432/1854 1431/1853
f 2474/3683 2473/3682 2475/3684 2476/3685
f 2474/3683 2476/3685 2144/3192 1432/1854
f 2476/3685 2475/3684 2477/3686 2141/3187
f 2476/3685 2141/3187 2140/3190 2144/3192
f 2477/3686 2475/3684 1408/1822 2478/3687
f 2477/3686 2478/3687 1442/1871 1441/1870
f 2477/3686 1441/1870 2142/3188 2141/3187
f 2478/3687 1408/1822 217/1821 2479/3688
f 2478/3687 2479/3688 1403/1813 1442/1871
f 2479/3688 217/1821 1290/3689 2480/3690
f 2479/3688 2480/3690 216/1810 1403/1813
f 2480/3690 1290/3689 2481/3691 2482/3692
f 2480/3690 2482/3692 1406/1818 216/1810
f 2482/3692 2481/3691 2483/3693 2484/3694
f 2482/3692 2484/3694 2485/3695 1406/1818
f 2485/3695 2484/3694 2486/3696 2487/3697
f 2485/3695 2487/3697 2488/3698 2489/3699
f 2485/3695 2489/3699 1407/1819 1406/1818
f 2489/3699 2488/3698 2490/3700 2491/3701
f 2489/3699 2491/3701 2492/3702 1407/1819
f 2492/3702 2493/3703 1404/1820 1407/1819
f 2492/3702 2491/3701 2494/3704 1464/1908
f 2492/3702 1464/1908 1463/1907 2493/3703
f 2494/3704 2491/3701 2490/3700 2495/3705
f 2494/3704 2495/3705 2496/3706 2497/3707
f 2494/3704 2497/3707 1465/1909 1464/1908
f 2497/3707 2496/3706 2498/3708 2499/3709
f 2497/3707 2499/3709 2500/3710 1465/1909
f 2500/3710 2501/3711 227/1906 1465/1909
f 2500/3710 2499/3709 2502/3712 2503/3713
f 2500/3710 2503/3713 2504/3714 2501/3711
f 2504/3714 1445/1876 1451/1885 2501/3711
f 2504/3714 2503/3713 2505/3715 2506/3716
f 2504/3714 2506/3716 1446/1877 1445/1876
f 2507/3717 2505/3718 2508/3719 2509/3720
f 2507/3721 2509/3722 2510/3723 2511/3724
f 2512/3725 2513/3726 2514/3727 2515/3728
f 2516/3729 2517/3730 1321/1644 1320/1643
f 2518/3731 2154/3212 2153/3211 2513/3732
f 2518/3731 2519/3733 2157/3222 2154/3212
f 2519/3733 1320/1643 195/1639 2520/3734
f 2519/3733 2520/3734 2521/3735 2157/3222
f 2521/3735 2172/3242 2158/3223 2157/3222
f 2521/3735 2520/3734 2522/3736 2523/3737
f 2521/3735 2523/3737 2173/3243 2172/3242
f 2523/3738 2522/3739 2524/3740 2525/3741
f 2523/3738 2525/3741 2526/3742 2173/3743
f 2526/3744 2527/3745 2168/3746 2173/3747
f 2526/3744 2525/3748 2528/3749 2529/3750
f 2526/3744 2529/3750 2530/3751 2527/3745
f 2530/3751 2531/3752 2532/3753 2527/3745
f 2530/3754 2529/3755 2533/3756 2534/3757
f 2530/3754 2534/3757 2535/3758 2531/3759
f 2535/3758 2536/3760 2537/3761 2531/3759
f 2535/3762 2534/3763 2538/3764 2539/3765
f 2535/3762 2539/3765 2540/3766 2536/3767
f 2540/3768 2541/3769 2542/3770 2536/3771
f 2540/3768 2539/3772 2543/3773 2544/3774
f 2540/3768 2544/3774 2545/3775 2541/3769
f 2545/3775 2546/3776 2547/3777 2541/3769
f 2545/3775 2544/3774 2548/3778 2549/3779
f 2545/3775 2549/3779 2550/3780 2546/3776
f 2550/3780 2551/3781 2552/3782 2546/3776
f 2550/3780 2549/3779 2553/3783 2554/3784
f 2550/3785 2554/3786 2555/3787 2551/3788
f 2555/3789 2556/3790 2557/3791 2551/3792
f 2555/3787 2554/3786 2558/3793 2559/3794
f 2555/3789 2559/3795 2560/3796 2556/3790
f 2560/3796 2561/3797 2562/3798 2556/3790
f 2560/3796 2559/3795 2563/3799 2564/3800
f 2560/3796 2564/3800 2565/3801 2561/3797
f 2565/3801 2566/3802 2567/3803 2561/3797
f 2565/3801 2564/3800 2568/3804 2569/3805
f 2565/3801 2569/3805 2570/3806 2566/3802
f 2570/3807 2571/3808 2572/3809 2566/3810
f 2570/3806 2569/3805 2573/3811 2574/3812
f 2570/3807 2574/3813 2575/3814 2571/3808
f 2575/3814 2576/3815 2577/3816 2571/3808
f 2575/3814 2574/3813 2578/3817 2579/3818
f 2575/3814 2579/3818 2580/3819 2576/3815
f 2580/3820 2581/3821 2582/3822 2576/3823
f 2580/3819 2579/3818 2583/3824 2584/3825
f 2580/3820 2584/3826 2585/3827 2581/3821
f 2585/3827 2586/3828 2587/3829 2581/3821
f 2585/3827 2584/3826 2588/3830 2589/3831
f 2585/3827 2589/3831 2590/3832 2586/3828
f 2590/3832 2591/3833 2592/3834 2586/3828
f 2590/3832 2589/3831 2593/3835 2594/3836
f 2590/3832 2594/3836 2595/3837 2591/3833
f 2595/3838 2596/3839 2597/3840 2591/3841
f 2595/3837 2594/3836 2598/3842 2599/3843
f 2595/3838 2599/3844 2600/3845 2596/3839
f 2600/3846 2601/3847 2602/3848 2596/3849
f 2600/3845 2599/3844 2603/3850 2604/3851
f 2600/3846 2604/3852 2605/3853 2601/3847
f 2605/3853 2606/3854 2607/3855 2601/3847
f 2605/3856 2604/3851 2608/3857 2609/3858
f 2605/3853 2609/3859 2610/3860 2606/3854
f 2610/3860 437/3861 2611/3862 2606/3854
f 2610/3860 2609/3859 1162/3863 2612/3864
f 2610/3865 2612/3866 433/53 437/57
f 2612/3866 1162/3867 1161/3868 2613/3869
f 2612/3866 2613/3869 434/54 433/53
f 2613/3870 1161/1348 1160/1347 2614/3871
f 2613/3870 2614/3871 2615/3872 434/3873
f 2615/3872 2614/3871 2616/3874 2617/3875
f 2615/3876 2617/3877 2618/3878 2619/3879
f 2615/3876 2619/3879 435/55 434/54
f 2619/3880 2618/3881 2620/3882 2621/3883
f 2619/3880 2621/3883 438/3884 435/3885
f 2621/3883 2620/3882 2622/3886 2623/3887
f 2621/3883 2623/3887 2624/3888 438/3884
f 2624/3888 2623/3887 2625/3889 2626/3890
f 2624/3891 2626/3892 2627/3893 2628/3894
f 2624/3891 2628/3894 436/56 438/58
f 2628/3894 2627/3893 2629/3895 2611/3896
f 2628/3894 2611/3896 437/57 436/56
f 2629/3895 2627/3893 2630/3897 2631/3898
f 2629/3899 2631/3900 2632/3901 2607/3855
f 2629/3899 2607/3855 2606/3854 2611/3862
f 2632/3901 2631/3900 2633/3902 2634/3903
f 2632/3901 2634/3903 2635/3904 2602/3848
f 2632/3901 2602/3848 2601/3847 2607/3855
f 2635/3904 2634/3903 2636/3905 2637/3906
f 2635/3907 2637/3908 2638/3909 2597/3840
f 2635/3904 2597/3910 2596/3849 2602/3848
f 2638/3909 2637/3908 2639/3911 2640/3912
f 2638/3909 2640/3912 2641/3913 2592/3914
f 2638/3909 2592/3914 2591/3841 2597/3840
f 2641/3913 2640/3912 2642/3915 2643/3916
f 2641/3917 2643/3918 2644/3919 2587/3829
f 2641/3917 2587/3829 2586/3828 2592/3834
f 2644/3919 2643/3918 2645/3920 2646/3921
f 2644/3919 2646/3921 2647/3922 2582/3822
f 2644/3919 2582/3822 2581/3821 2587/3829
f 2647/3922 2646/3921 2648/3923 2649/3924
f 2647/3922 2649/3924 2650/3925 2577/3926
f 2647/3922 2577/3926 2576/3823 2582/3822
f 2650/3925 2649/3924 2651/3927 2652/3928
f 2650/3929 2652/3930 2653/3931 2572/3809
f 2650/3929 2572/3809 2571/3808 2577/3816
f 2653/3931 2652/3930 2654/3932 2655/3933
f 2653/3931 2655/3933 2656/3934 2567/3935
f 2653/3931 2567/3935 2566/3810 2572/3809
f 2656/3934 2655/3933 2657/3936 2658/3937
f 2656/3938 2658/3939 2659/3940 2562/3798
f 2656/3938 2562/3798 2561/3797 2567/3803
f 2659/3940 2658/3939 2660/3941 2661/3942
f 2659/3940 2661/3942 2662/3943 2557/3791
f 2659/3940 2557/3791 2556/3790 2562/3798
f 2662/3943 2661/3942 2663/3944 2664/3945
f 2662/3946 2664/3947 2665/3948 2552/3949
f 2662/3946 2552/3949 2551/3950 2557/3951
f 2665/3948 2664/3947 2666/3952 2667/3953
f 2665/3948 2667/3953 2668/3954 2547/3955
f 2665/3956 2547/3777 2546/3776 2552/3782
f 2668/3957 2667/3958 2669/3959 2670/3960
f 2668/3957 2670/3960 2671/3961 2542/3962
f 2668/3963 2542/3770 2541/3769 2547/3777
f 2671/3964 2670/3965 2672/3966 2673/3967
f 2671/3968 2673/3969 2674/3970 2537/3971
f 2671/3961 2537/3761 2536/3760 2542/3962
f 2674/3972 2673/3973 2675/3974 2676/3975
f 2674/3972 2676/3975 2169/3976 2532/3977
f 2674/3970 2532/3753 2531/3752 2537/3971
f 2676/3978 2675/3979 2677/3980 2678/3981
f 2676/3978 2678/3981 2170/3241 2169/3240
f 2678/3981 2107/3121 2108/3122 2170/3241
f 2678/3981 2677/3980 441/62 2107/3121
f 2677/3980 2675/3979 2679/3982 2680/3983
f 2677/3980 2680/3983 442/67 441/62
f 2680/3983 424/42 423/41 442/67
f 2679/3984 2672/3985 2681/3986 425/3987
f 2679/3984 2675/3974 2673/3973 2672/3985
f 2681/3988 2682/3989 426/3990 425/3991
f 2681/3988 2672/3966 2670/3965 2669/3992
f 2681/3988 2669/3992 2683/3993 2682/3989
f 2683/3993 2684/3994 2685/3995 2682/3989
f 2683/3996 2669/3959 2667/3958 2666/3997
f 2683/3996 2666/3997 2686/3998 2684/3999
f 2686/3998 2687/4000 2688/4001 2684/3999
f 2686/4002 2666/3952 2664/3947 2663/4003
f 2686/4004 2663/3944 2689/4005 2687/4006
f 2689/4007 2690/4008 2691/4009 2687/4010
f 2689/4005 2663/3944 2661/3942 2660/3941
f 2689/4007 2660/4011 2692/4012 2690/4008
f 2692/4012 2693/4013 2694/4014 2690/4008
f 2692/4015 2660/3941 2658/3939 2657/4016
f 2692/4012 2657/3936 2695/4017 2693/4013
f 2695/4018 2696/4019 2697/4020 2693/4021
f 2695/4017 2657/3936 2655/3933 2654/3932
f 2695/4018 2654/4022 2698/4023 2696/4019
f 2698/4023 2699/4024 2700/4025 2696/4019
f 2698/4023 2654/4022 2652/3928 2651/3927
f 2698/4023 2651/3927 2701/4026 2699/4024
f 2701/4026 2702/4027 2703/4028 2699/4024
f 2701/4026 2651/3927 2649/3924 2648/3923
f 2701/4026 2648/3923 2704/4029 2702/4027
f 2704/4030 2705/4031 2706/4032 2702/4033
f 2704/4029 2648/3923 2646/3921 2645/3920
f 2704/4030 2645/4034 2707/4035 2705/4031
f 2707/4035 2708/4036 2709/4037 2705/4031
f 2707/4035 2645/4034 2643/3916 2642/3915
f 2707/4035 2642/3915 2710/4038 2708/4036
f 2710/4039 2711/4040 2712/4041 2708/4042
f 2710/4038 2642/3915 2640/3912 2639/3911
f 2710/4039 2639/4043 2713/4044 2711/4040
f 2713/4044 2714/4045 2715/4046 2711/4040
f 2713/4044 2639/4043 2637/3906 2636/3905
f 2713/4044 2636/3905 2716/4047 2714/4045
f 2716/4048 2717/4049 2718/4050 2714/4051
f 2716/4047 2636/3905 2634/3903 2633/3902
f 2716/4048 2633/4052 2719/4053 2717/4049
f 2719/4053 2720/4054 2721/4055 2717/4049
f 2719/4053 2633/4052 2631/3898 2630/3897
f 2719/4053 2630/3897 2722/4056 2720/4054
f 2722/4057 2723/4058 2724/4059 2720/4060
f 2722/4056 2630/3897 2627/3893 2626/3892
f 2722/4057 2626/3890 2625/3889 2723/4058
f 2724/4059 2725/4061 2726/4062 2727/4063
f 2724/4059 2727/4063 2721/4064 2720/4060
f 2724/4059 2723/4058 2728/4065 2725/4061
f 2728/4065 2729/4066 2730/4067 2725/4061
f 2728/4065 2723/4058 2625/3889 2731/4068
f 2728/4065 2731/4068 2732/4069 2729/4066
f 2732/4070 2733/4071 2734/4072 2729/4073
f 2732/4069 2731/4068 2622/3886 2735/4074
f 2732/4070 2735/4075 2736/4076 2733/4071
f 2736/4076 2737/4077 2738/4078 2733/4071
f 2736/4076 2735/4075 2739/4079 2740/4080
f 2736/4076 2740/4080 2741/4081 2737/4077
f 2741/4082 2742/4083 2743/4084 2737/4085
f 2741/4081 2740/4080 431/50 430/49
f 2741/4082 430/4086 2744/4087 2742/4083
f 2744/4087 1165/4088 1164/4089 2742/4083
f 2744/4087 430/4086 429/4090 2745/4091
f 2744/4092 2745/4093 1166/1355 1165/1354
f 2745/4094 2746/4095 2747/4096 1166/4097
f 2745/4094 429/4098 428/4099 2746/4095
f 2747/4100 2748/4101 2749/4102 2750/4103
f 2747/4100 2750/4103 1167/1356 1166/1355
f 2747/4096 2746/4095 2751/4104 2748/4105
f 2751/4104 1160/1347 1159/1346 2748/4105
f 2751/4104 2746/4095 428/4099 2616/3874
f 2751/4104 2616/3874 2614/3871 1160/1347
f 2750/4106 2749/4107 2752/4108 2753/4109
f 2750/4106 2753/4109 1168/4110 1167/4111
f 2753/4109 2752/4108 2754/4112 2755/4113
f 2753/4109 2755/4113 2756/4114 1168/4110
f 2756/4114 2755/4113 2757/4115 2758/4116
f 2756/4117 2758/4118 2759/4119 2760/4120
f 2756/4117 2760/4120 1163/1352 1168/1357
f 2760/4120 2759/4119 2761/4121 2762/4122
f 2760/4120 2762/4122 1164/1353 1163/1352
f 2762/4123 2761/4124 2763/4125 2743/4084
f 2762/4123 2743/4084 2742/4083 1164/4089
f 2763/4125 2761/4124 2764/4126 2765/4127
f 2763/4125 2765/4127 2766/4128 2738/4129
f 2763/4125 2738/4129 2737/4085 2743/4084
f 2766/4128 2765/4127 2767/4130 2768/4131
f 2766/4132 2768/4133 2769/4134 2734/4072
f 2766/4128 2734/4135 2733/4136 2738/4129
f 2769/4134 2768/4133 2770/4137 2771/4138
f 2769/4134 2771/4138 2772/4139 2730/4140
f 2769/4134 2730/4140 2729/4073 2734/4072
f 2772/4139 2771/4138 2773/4141 2774/4142
f 2772/4143 2774/4144 2775/4145 2726/4062
f 2772/4143 2726/4062 2725/4061 2730/4067
f 2775/4145 2774/4144 2776/4146 2777/4147
f 2775/4145 2777/4147 2778/4148 2779/4149
f 2775/4145 2779/4149 2727/4063 2726/4062
f 2779/4149 2778/4148 2780/4150 2781/4151
f 2779/4149 2781/4151 2721/4064 2727/4063
f 2781/4152 2780/4153 2782/4154 2718/4050
f 2781/4152 2718/4050 2717/4049 2721/4055
f 2782/4154 2780/4153 2783/4155 2784/4156
f 2782/4157 2784/4158 2785/4159 2715/4046
f 2782/4157 2715/4046 2714/4045 2718/4160
f 2785/4161 2784/4156 2786/4162 2787/4163
f 2785/4159 2787/4164 2788/4165 2712/4041
f 2785/4159 2712/4041 2711/4040 2715/4046
f 2788/4165 2787/4164 2789/4166 2790/4167
f 2788/4165 2790/4167 2791/4168 2709/4169
f 2788/4165 2709/4169 2708/4042 2712/4041
f 2791/4168 2790/4167 2792/4170 2793/4171
f 2791/4172 2793/4173 2794/4174 2706/4032
f 2791/4172 2706/4032 2705/4031 2709/4037
f 2794/4174 2793/4173 2795/4175 2796/4176
f 2794/4174 2796/4176 2797/4177 2703/4178
f 2794/4174 2703/4178 2702/4033 2706/4032
f 2797/4177 2796/4176 2798/4179 2799/4180
f 2797/4181 2799/4182 2800/4183 2700/4025
f 2797/4181 2700/4025 2699/4024 2703/4028
f 2800/4183 2799/4182 2801/4184 2802/4185
f 2800/4183 2802/4185 2803/4186 2697/4020
f 2800/4183 2697/4020 2696/4019 2700/4025
f 2803/4187 2802/4188 2804/4189 2805/4190
f 2803/4187 2805/4190 2806/4191 2694/4014
f 2803/4186 2694/4192 2693/4021 2697/4020
f 2806/4193 2805/4194 2807/4195 2808/4196
f 2806/4193 2808/4196 2809/4197 2691/4198
f 2806/4191 2691/4009 2690/4008 2694/4014
f 2809/4199 2808/4200 2810/4201 2811/4202
f 2809/4199 2811/4202 2812/4203 2688/4204
f 2809/4197 2688/4001 2687/4000 2691/4198
f 2812/4205 2811/4206 1200/4207 2813/4208
f 2812/4205 2813/4208 2814/4209 2685/4210
f 2812/4203 2685/4211 2684/4212 2688/4204
f 2813/4213 1200/1422 1199/1421 2815/4214
f 2815/4214 1199/1421 1198/1420 2816/4215
f 2816/4215 1198/1420 2817/4216 412/27
f 2817/4216 2818/4217 2819/4218 2820/4219
f 2817/4216 2820/4219 413/28 412/27
f 2817/4216 1198/1420 1197/1419 2818/4217
f 2820/4220 2819/4221 2821/4222 2822/4223
f 2820/4219 2822/4224 2823/4225 413/28
f 2823/4225 2822/4224 2824/4226 2825/4227
f 2823/4225 2825/4227 2826/4228 419/36
f 2823/4225 419/36 7/29 413/28
f 2826/4229 2825/4230 2827/4231 2828/4232
f 2826/4229 2828/4232 2829/4233 2830/4234
f 2826/4228 2830/4235 420/37 419/36
f 2830/4234 2829/4233 2831/4236 2832/4237
f 2830/4235 2832/4238 2833/4239 420/37
f 2833/4239 2832/4238 2834/4240 2835/4241
f 2833/4239 2836/4242 421/38 420/37
f 2837/4243 2835/4241 2838/4244 2839/4245
f 2837/4243 2839/4245 422/40 8/39
f 2839/4245 2838/4244 2840/4246 2841/4247
f 2839/4245 2841/4247 2842/4248 422/40
f 2842/4248 2841/4247 2843/4249 2844/4250
f 2842/4248 2844/4250 2845/4251 2846/4252
f 2842/4248 2846/4252 423/41 422/40
f 2846/4252 2845/4251 457/95 443/68
f 2846/4252 443/68 442/67 423/41
f 2845/4251 2844/4250 2847/4253 2848/4254
f 2845/4255 2848/4256 458/98 457/97
f 2848/4257 2847/4258 2849/4259 2850/4260
f 2848/4257 2850/4260 2851/4261 458/4262
f 2851/4261 2850/4260 2852/4263 2853/4264
f 2851/4261 2853/4264 2854/4265 2855/4266
f 2851/4261 2855/4266 459/4267 458/4262
f 2855/4266 2854/4265 2098/3102 2097/3101
f 2855/4266 2097/3101 456/4268 459/4267
f 2854/4265 2853/4264 2856/4269 2857/4270
f 2854/4265 2857/4270 2099/3103 2098/3102
f 2857/4270 2856/4269 2858/4271 2859/4272
f 2857/4270 2859/4272 2860/4273 2099/3103
f 2860/4273 2859/4272 464/106 466/108
f 2860/4273 466/108 2861/4274 2862/4275
f 2860/4273 2862/4275 2100/3104 2099/3103
f 2862/4275 2861/4274 2863/4276 2864/4277
f 2862/4275 2864/4277 2093/3089 2100/3104
f 2864/4277 2863/4276 2865/4278 2866/4279
f 2864/4277 2866/4279 2094/3090 2093/3089
f 2866/4279 2865/4278 2055/3008 2059/3013
f 2866/4279 2059/3013 2082/3058 2094/3090
f 2865/4278 2863/4276 2867/4280 2868/4281
f 2865/4278 2868/4281 2056/3009 2055/3008
f 2868/4281 2867/4280 2869/4282 2870/4283
f 2868/4281 2870/4283 491/137 2056/3009
f 2870/4283 2869/4282 2871/4284 2872/4285
f 2870/4283 2872/4285 489/135 491/137
f 2872/4285 2871/4284 2873/4286 2874/4287
f 2872/4285 2874/4287 490/136 489/135
f 2874/4287 2873/4286 2875/4288 2876/4289
f 2874/4287 2876/4289 2877/4290 490/136
f 2877/4290 2876/4289 2878/4291 2879/4292
f 2877/4290 2879/4292 2880/4293 2881/4294
f 2877/4290 2881/4294 484/129 490/136
f 2881/4294 492/139 485/130 484/129
f 2880/4293 2882/4295 2883/4296 2884/4297
f 2880/4293 2879/4292 2885/4298 2882/4295
f 2885/4298 2886/4299 2887/4300 2888/4301
f 2885/4298 2888/4301 2889/4302 2882/4295
f 2885/4298 2879/4292 2878/4291 2886/4299
f 2889/4303 2890/4304 2891/4305 2892/4306
f 2889/4302 2892/4307 2883/4296 2882/4295
f 2889/4308 2888/4309 2893/4310 2890/4311
f 2893/4312 2894/4313 2895/4314 2890/4315
f 2893/4310 2888/4309 2887/4316 2896/4317
f 2893/4312 2896/4318 2897/4319 2894/4313
f 2897/4319 2898/4320 2899/4321 2894/4313
f 2897/4319 2896/4318 469/112 475/118
f 2897/4319 475/118 2900/4322 2898/4320
f 2900/4322 2901/4323 2902/4324 2898/4320
f 2900/4322 475/118 474/117 2903/4325
f 2900/4322 2903/4325 2904/4326 2901/4323
f 2904/4326 2905/4327 2906/4328 2901/4323
f 2904/4326 2903/4325 2907/4329 2908/4330
f 2904/4326 2908/4330 2909/4331 2905/4327
f 2909/4332 2910/4333 2911/4334 2905/4335
f 2909/4331 2908/4330 2912/4336 2913/4337
f 2909/4332 2913/4338 2914/4339 2910/4333
f 2914/4340 2915/4341 2916/4342 2910/4343
f 2914/4339 2913/4338 2917/4344 2918/4345
f 2914/4340 2918/4346 2919/4347 2915/4341
f 2919/4347 2920/4348 2921/4349 2915/4341
f 2919/4347 2918/4346 2922/4350 2923/4351
f 2919/4347 2923/4351 2924/4352 2920/4348
f 2924/4352 2925/4353 2926/4354 2920/4348
f 2924/4352 2923/4351 2927/4355 2928/4356
f 2924/4352 2928/4356 2929/4357 2925/4353
f 2929/4357 415/32 2930/4358 2925/4353
f 2929/4357 2928/4356 2931/4359 2932/4360
f 2929/4357 2932/4360 416/33 415/32
f 2932/4360 2931/4359 2933/4361 2934/4362
f 2932/4360 2934/4362 2935/4363 416/33
f 2934/4362 2933/4361 2936/4364 2937/4365
f 2934/4362 2937/4365 2938/4366 2935/4363
f 2938/4366 2939/4367 2940/4368 2935/4363
f 2938/4366 2937/4365 2941/4369 2942/4370
f 2938/4366 2942/4370 2943/4371 2939/4367
f 2943/4371 2944/4372 2945/4373 2939/4367
f 2943/4371 2942/4370 2831/4236 2829/4233
f 2943/4371 2829/4233 2828/4232 2944/4372
f 2945/4373 2946/4374 2947/4375 2948/4376
f 2945/4373 2948/4376 2940/4368 2939/4367
f 2945/4373 2944/4372 2949/4377 2946/4374
f 2949/4377 2950/4378 2951/4379 2946/4374
f 2949/4377 2944/4372 2828/4232 2827/4231
f 2949/4377 2827/4231 2952/4380 2950/4378
f 2952/4380 2953/4381 2954/4382 2950/4378
f 2952/4380 2827/4231 2825/4230 2824/4383
f 2952/4380 2824/4383 2955/4384 2953/4381
f 2955/4384 2956/4385 2957/4386 2953/4381
f 2955/4387 2824/4226 2822/4224 2821/4388
f 2955/4387 2821/4388 2958/4389 2956/4390
f 2958/4389 2959/4391 2960/4392 2956/4390
f 2958/4389 2821/4388 2819/4218 2961/4393
f 2958/4389 2961/4393 2962/4394 2959/4391
f 2962/4394 1216/1449 1215/4395 2959/4391
f 2962/4394 2961/4393 2963/4396 2964/4397
f 2962/4394 2964/4397 1217/1450 1216/1449
f 2964/4397 2963/4396 1203/1425 2965/4398
f 2964/4397 2965/4398 2966/4399 1217/1450
f 2966/4399 2967/4400 2968/4401 2969/4402
f 2966/4399 2969/4402 1218/1451 1217/1450
f 2966/4399 2965/4398 2970/4403 2967/4400
f 2970/4403 162/1403 1191/4404 2967/4400
f 2970/4403 2965/4398 1203/1425 1202/1424
f 2970/4403 1202/1424 1192/1404 162/1403
f 2969/4402 2968/4401 2971/4405 2972/4406
f 2969/4402 2972/4406 1219/1452 1218/1451
f 2972/4407 2971/4408 2973/4409 2974/4410
f 2972/4407 2974/4410 2975/4411 1219/4412
f 2975/4413 2974/4414 2976/4415 2977/4416
f 2975/4413 2977/4416 2978/4417 2979/4418
f 2975/4411 2979/4419 1214/4420 1219/4412
f 2979/4421 2978/4422 2980/4423 2981/4424
f 2979/4425 2981/4426 1215/4395 1214/1453
f 2981/4424 2980/4423 2982/4427 2960/4428
f 2981/4426 2960/4392 2959/4391 1215/4395
f 2982/4427 2980/4423 2983/4429 2984/4430
f 2982/4431 2984/4432 2985/4433 2957/4386
f 2982/4431 2957/4386 2956/4385 2960/4434
f 2985/4433 2984/4432 2986/4435 2987/4436
f 2985/4433 2987/4436 2988/4437 2954/4382
f 2985/4433 2954/4382 2953/4381 2957/4386
f 2988/4437 2987/4436 2989/4438 2990/4439
f 2988/4437 2990/4439 2991/4440 2951/4379
f 2988/4437 2951/4379 2950/4378 2954/4382
f 2991/4440 2990/4439 140/1190 1073/1196
f 2991/4440 1073/1196 1092/1227 2947/4375
f 2991/4440 2947/4375 2946/4374 2951/4379
f 2990/4439 2989/4438 1070/1191 140/1190
f 2989/4438 2992/4441 2993/4442 1070/1191
f 2989/4438 2987/4436 2986/4435 2992/4441
f 2993/4442 2994/4443 2995/4444 2996/4445
f 2993/4442 2996/4445 1071/1192 1070/1191
f 2993/4442 2992/4441 2997/4446 2994/4443
f 2997/4447 2998/4448 2999/4449 2994/4450
f 2997/4446 2992/4441 2986/4435 3000/4451
f 2997/4447 3000/4452 3001/4453 2998/4448
f 3001/4454 3002/4455 3003/4456 2998/4457
f 3001/4453 3000/4452 2983/4429 3004/4458
f 3001/4454 3004/4459 3005/4460 3002/4455
f 3005/4460 3006/4461 3007/4462 3002/4455
f 3005/4460 3004/4459 2978/4417 2977/4416
f 3005/4460 2977/4416 2976/4415 3006/4461
f 3007/4462 3008/4463 3009/4464 3010/4465
f 3007/4462 3010/4465 3003/4456 3002/4455
f 3007/4462 3006/4461 3011/4466 3008/4463
f 3011/4466 3012/4467 3013/4468 3008/4463
f 3011/4466 3006/4461 2976/4415 3014/4469
f 3011/4466 3014/4469 1212/1440 3012/4467
f 3014/4469 2976/4415 2974/4414 2973/4470
f 3014/4469 2973/4470 1208/1441 1212/1440
f 3013/4468 3015/4471 1220/1461 1224/1460
f 3013/4468 1224/1460 3009/4464 3008/4463
f 3013/4468 3012/4467 3016/4472 3015/4471
f 3016/4473 3017/4474 3018/4475 3015/4476
f 3016/4472 3012/4467 1212/1440 1211/1439
f 3016/4477 1211/1443 1213/1442 3017/4478
f 3018/4475 3019/4479 3020/4480 1221/4481
f 3018/4475 1221/4481 1220/4482 3015/4476
f 3018/4475 3017/4474 3021/4483 3019/4479
f 3021/4483 3022/4484 1228/4485 3019/4479
f 3021/4483 3017/4474 1213/4486 3023/4487
f 3021/4483 3023/4487 3024/4488 3022/4484
f 3024/4489 3025/4490 3026/4491 3022/4492
f 3024/4488 3023/4487 3027/4493 1190/4494
f 3024/4495 1190/1401 1189/1400 3025/4496
f 3027/4493 3023/4487 1213/4486 1210/4497
f 3027/4498 1210/4499 1209/4500 3028/4501
f 3027/4498 3028/4501 1191/4404 1190/4502
f 3028/4501 1209/4500 2971/4405 2968/4401
f 3028/4501 2968/4401 2967/4400 1191/4404
f 3026/4503 3029/4504 1232/1474 1229/1473
f 3026/4491 1229/4505 1228/4506 3022/4492
f 3026/4503 3025/4507 3030/4508 3029/4504
f 3030/4508 3031/4509 3032/4510 3029/4504
f 3030/4508 3025/4507 1189/1398 1188/1397
f 3030/4508 1188/1397 1314/1634 3031/4509
f 3032/4511 3033/4512 1302/1609 1301/1608
f 3032/4510 1301/1606 1232/1474 3029/4504
f 3032/4511 3031/4513 3034/4514 3033/4512
f 3034/4514 3035/4515 3036/4516 3033/4512
f 3034/4514 3031/4513 1314/4517 1316/4518
f 3034/4514 1316/4518 3037/4519 3035/4515
f 3037/4520 3038/4521 1312/4522 1309/4523
f 3037/4519 1309/4524 1308/4525 3035/4515
f 3037/4520 1316/4526 1315/4527 3038/4521
f 3038/4521 3039/4528 3040/4529 1312/4522
f 3038/4521 1315/4527 3041/4530 3039/4528
f 3041/4530 3042/4531 3043/4532 3039/4528
f 3041/4530 1315/4527 194/1631 3044/4533
f 3041/4530 3044/4533 3045/4534 3042/4531
f 3045/4534 2511/3724 2510/3723 3042/4531
f 3045/4534 3044/4533 1322/1645 1321/1644
f 3045/4534 1321/1644 2517/3730 2511/3724
f 3044/4533 194/1631 1313/1632 1322/1645
f 3043/4532 1474/1924 1473/1923 3046/4535
f 3043/4532 3046/4535 3040/4529 3039/4528
f 3043/4532 3042/4531 2510/3723 1474/1924
f 3046/4536 1473/4537 1472/4538 3047/4539
f 3046/4536 3047/4539 3048/4540 3040/4541
f 3048/4540 3047/4539 3049/4542 3050/4543
f 3048/4540 1310/1626 1312/4544 3040/4541
f 3051/4545 3050/4543 3052/4546 3053/4547
f 3051/4545 3053/4547 1305/4548 3054/4549
f 3051/4545 3054/4549 1307/1628 1311/1627
f 3051/4545 1310/1626 3048/4540 3050/4543
f 3054/4549 1305/4548 1304/4550 3055/4551
f 3054/4549 3055/4551 1308/4552 1307/1628
f 3055/4553 1304/4554 3056/4555 3036/4516
f 3055/4553 3036/4516 3035/4515 1308/4525
f 3056/4555 1304/4554 1303/4556 3057/4557
f 3056/4555 3057/4557 1300/1610 1302/1609
f 3056/4555 1302/1609 3033/4512 3036/4516
f 3057/4558 1303/1617 1222/1616 3058/4559
f 3057/4558 3058/4559 1231/1470 1300/1604
f 3058/4559 1222/1616 1221/4560 3020/4561
f 3058/4559 3020/4561 1227/1471 1231/1470
f 3053/4547 3052/4546 3059/4562 3060/4563
f 3053/4547 3060/4563 1306/4564 1305/4548
f 3060/4563 3059/4562 3061/4565 3062/4566
f 3060/4563 3062/4566 3063/4567 1306/4564
f 3063/4567 3062/4566 3064/4568 3065/4569
f 3063/4567 3065/4569 3066/4570 1225/1462
f 3063/4567 1225/1462 169/1458 1306/4564
f 3066/4570 3065/4569 3067/4571 3068/4572
f 3066/4570 3068/4572 3069/4573 3070/4574
f 3066/4570 3070/4574 1226/1463 1225/1462
f 3070/4574 3069/4573 3071/4575 3072/4576
f 3070/4574 3072/4576 3073/4577 1226/1463
f 3073/4577 3072/4576 3074/4578 3075/4579
f 3073/4577 3075/4579 3076/4580 3077/4581
f 3073/4577 3077/4581 1223/1459 1226/1463
f 3077/4581 3076/4580 3010/4465 3009/4464
f 3077/4581 3009/4464 1224/1460 1223/1459
f 3076/4580 3075/4579 3078/4582 3079/4583
f 3076/4580 3079/4583 3003/4456 3010/4465
f 3079/4583 3078/4582 3080/4584 2999/4585
f 3079/4583 2999/4585 2998/4457 3003/4456
f 3080/4584 3078/4582 3081/4586 3082/4587
f 3080/4588 3082/4589 3083/4590 2995/4591
f 3080/4588 2995/4591 2994/4450 2999/4449
f 3083/4590 3082/4589 3084/4592 3085/4593
f 3083/4594 3085/4595 3086/4596 3087/4597
f 3083/4594 3087/4597 2996/4445 2995/4444
f 3087/4597 3086/4596 1048/1155 3088/4598
f 3087/4597 3088/4598 1071/1192 2996/4445
f 3088/4598 1048/1155 1047/1154 3089/4599
f 3088/4598 3089/4599 1067/1193 1071/1192
f 3089/4599 1047/1154 1046/4600 3090/4601
f 3089/4602 3090/4603 1068/1188 1067/1187
f 3090/4604 1046/4605 3091/4606 3092/4607
f 3090/4604 3092/4607 3093/4608 1068/4609
f 3093/4608 3092/4607 3094/4610 1075/1199
f 3093/4608 1075/1199 1074/1198 3095/4611
f 3093/4608 3095/4611 1069/4612 1068/4609
f 3095/4613 1074/1208 1079/1207 3096/4614
f 3095/4613 3096/4614 1072/4615 1069/4616
f 3096/4614 1079/1207 3097/4617 1094/4618
f 3096/4614 1094/4618 1093/4619 1072/4615
f 3097/4617 1079/1207 1078/1206 1083/4620
f 3097/4621 1083/4622 1082/4623 3098/4624
f 3097/4621 3098/4624 1085/1232 1094/1231
f 3098/4625 1082/4626 1081/4627 3099/4628
f 3098/4625 3099/4628 1086/4629 1085/4630
f 3099/4628 1081/4627 3100/4631 3101/4632
f 3099/4628 3101/4632 3102/4633 1086/4629
f 3102/4633 3101/4632 3103/4634 1098/4635
f 3102/4636 1098/1238 1097/1237 3104/4637
f 3102/4636 3104/4637 1087/1220 1086/1219
f 3104/4638 1097/1235 1096/1234 3105/4639
f 3104/4638 3105/4639 1091/1226 1087/1225
f 3105/4639 1096/1234 3106/4640 3107/4641
f 3105/4639 3107/4641 3108/4642 1091/1226
f 3108/4642 3107/4641 3109/4643 3110/4644
f 3108/4642 3110/4644 418/35 3111/4645
f 3108/4642 3111/4645 1088/1222 1091/1226
f 3111/4645 418/35 417/34 3112/4646
f 3111/4645 3112/4646 1089/1223 1088/1222
f 3110/4644 3109/4643 403/11 3113/4647
f 3110/4644 3113/4647 414/31 418/35
f 3113/4647 403/11 3114/4648 2930/4358
f 3113/4647 2930/4358 415/32 414/31
f 3114/4648 3115/4649 3116/4650 2926/4354
f 3114/4648 2926/4354 2925/4353 2930/4358
f 3116/4650 3115/4649 3117/4651 3118/4652
f 3116/4650 3118/4652 3119/4653 2921/4349
f 3116/4650 2921/4349 2920/4348 2926/4354
f 3119/4653 3118/4652 3120/4654 3121/4655
f 3119/4653 3121/4655 3122/4656 2916/4342
f 3119/4653 2916/4342 2915/4341 2921/4349
f 3122/4656 3121/4655 612/360 3123/4657
f 3122/4656 3123/4657 3124/4658 2911/4659
f 3122/4656 2911/4659 2910/4343 2916/4342
f 3124/4658 3123/4657 3125/4660 3126/4661
f 3124/4658 3126/4661 3127/4662 2906/4663
f 3124/4658 2906/4663 2905/4664 2911/4659
f 3127/4665 3126/4666 3128/4667 3129/4668
f 3127/4669 3129/4670 3130/4671 2902/4672
f 3127/4673 2902/4324 2901/4323 2906/4328
f 3130/4674 3129/4675 3131/4676 3132/4677
f 3130/4678 3132/4679 3133/4680 2899/4321
f 3130/4678 2899/4321 2898/4320 2902/4324
f 3133/4681 3132/4682 3134/4683 3135/4684
f 3133/4680 3135/4685 3136/4686 2895/4314
f 3133/4680 2895/4314 2894/4313 2899/4321
f 3136/4686 3135/4685 3137/4687 3138/4688
f 3136/4686 3138/4688 3139/4689 2891/4690
f 3136/4686 2891/4690 2890/4315 2895/4314
f 3139/4689 3138/4688 3140/4691 3141/4692
f 3139/4693 3141/4694 3142/4695 3143/4696
f 3139/4693 3143/4696 2892/4697 2891/4698
f 3143/4699 3142/4700 3144/4701 3145/4702
f 3143/4699 3145/4702 2883/4296 2892/4307
f 3145/4702 3144/4701 3146/4703 3147/4704
f 3148/4705 3149/4706 3150/4707 3151/4708
f 3151/4709 3150/4710 3152/4711 3153/4712
f 3153/4712 3152/4711 3154/4713 3155/4714
f 3155/4715 3154/4716 501/4717 500/4718
f 3156/4719 347/2978 495/4720 3157/4721
f 3146/4703 3144/4701 3158/4722 666/446
f 3146/4703 666/446 665/445 3159/4723
f 3146/4703 3159/4723 2282/3428 3147/4704
f 3159/4723 665/445 3160/4724 2278/3424
f 3159/4723 2278/3424 2277/3423 2282/3428
f 3158/4722 3161/4725 56/438 664/443
f 3158/4722 664/443 348/447 666/446
f 3158/4722 3144/4701 3142/4700 3161/4725
f 3161/4726 3142/4695 3141/4694 3162/4727
f 3163/4728 3164/4729 3165/4730 3166/4731
f 3163/4728 3162/4732 3167/4733 3164/4729
f 3167/4733 3168/4734 3169/4735 3164/4729
f 3167/4733 3162/4732 3141/4692 3140/4691
f 3167/4733 3140/4691 3170/4736 3168/4734
f 3170/4737 3171/4738 3172/4739 3168/4740
f 3170/4736 3140/4691 3138/4688 3137/4687
f 3170/4737 3137/4741 3173/4742 3171/4738
f 3173/4743 3174/4744 3175/4745 3171/4746
f 3173/4742 3137/4741 3135/4684 3134/4683
f 3173/4743 3134/4747 3176/4748 3174/4744
f 3176/4748 3177/4749 3178/4750 3174/4744
f 3176/4748 3134/4747 3132/4677 3131/4676
f 3176/4748 3131/4676 3179/4751 3177/4749
f 3179/4751 620/381 623/380 3177/4749
f 3179/4751 3131/4676 3129/4675 3128/4752
f 3179/4751 3128/4752 621/4753 620/381
f 3178/4750 630/393 637/402 3180/4754
f 3178/4750 3180/4754 3175/4745 3174/4744
f 3178/4750 3177/4749 623/380 630/393
f 3180/4754 637/402 636/401 3181/4755
f 3180/4754 3181/4755 3182/4756 3175/4745
f 3182/4756 3181/4755 3183/4757 3184/4758
f 3182/4756 3184/4758 3185/4759 3172/4760
f 3182/4756 3172/4760 3171/4746 3175/4745
f 3185/4759 3184/4758 3186/4761 3187/4762
f 3185/4763 3187/4764 3188/4765 3169/4766
f 3185/4763 3169/4766 3168/4740 3172/4739
f 3188/4765 3187/4764 3189/4767 3190/4768
f 3188/4769 3190/4770 3191/4771 3165/4730
f 3188/4769 3165/4730 3164/4729 3169/4735
f 3191/4771 3190/4770 3192/4772 3193/4773
f 3191/4771 3193/4773 3194/4774 3195/4775
f 3191/4771 3195/4775 3166/4731 3165/4730
f 3195/4776 3194/4777 3196/4778 2206/4779
f 3195/4776 2206/4779 2205/4780 3166/4781
f 3196/4778 3194/4777 3197/4782 3198/4783
f 3196/4784 3198/4785 3199/4786 3200/4787
f 3196/4784 3200/4787 2207/3325 2206/3324
f 3200/4788 3199/4789 3201/4790 3202/4791
f 3200/4788 3202/4791 2213/3337 2207/4792
f 3202/4791 3201/4790 2219/3346 2218/3345
f 3202/4791 2218/3345 2214/3338 2213/3337
f 3201/4790 3199/4789 3203/4793 3204/4794
f 3201/4790 3204/4794 2242/3384 2219/3346
f 3204/4794 3203/4793 3205/4795 3206/4796
f 3204/4794 3206/4796 3207/4797 2242/3384
f 3207/4797 3206/4796 3208/4798 3209/4799
f 3207/4797 2245/3387 2243/3385 2242/3384
f 3210/4800 3209/4799 3211/4801 3212/4802
f 3210/4800 3212/4802 3213/4803 3214/4804
f 3210/4800 3214/4804 2252/3394 2249/3391
f 3214/4804 3213/4803 3215/4805 3216/4806
f 3214/4804 3216/4806 2254/3396 2252/3394
f 3216/4806 3215/4805 1828/2564 1827/2563
f 3216/4806 1827/2563 2256/3398 2254/3396
f 3215/4805 3213/4803 3217/4807 3218/4808
f 3215/4805 3218/4808 1817/2552 1828/2564
f 3218/4808 3217/4807 3219/4809 3220/4810
f 3218/4808 3220/4810 1818/2553 1817/2552
f 3220/4810 3219/4809 3221/4811 3222/4812
f 3220/4810 3222/4812 1811/2541 1818/2553
f 3222/4812 3221/4811 3223/4813 3224/4814
f 3222/4812 3224/4814 1806/2542 1811/2541
f 3224/4814 3223/4813 3225/4815 3226/4816
f 3224/4814 3226/4816 1807/4817 1806/2542
f 3226/4816 3225/4815 3227/4818 3228/4819
f 3226/4816 3228/4819 1815/4820 1807/4817
f 3228/4819 3227/4818 3229/4821 3230/4822
f 3228/4819 3230/4822 3231/4823 1815/4820
f 3231/4823 3230/4822 1798/2513 1797/2512
f 3231/4824 1797/4825 3232/4826 3233/4827
f 3231/4824 3233/4827 1808/2549 1815/2548
f 3233/4828 3232/4829 3234/4830 3235/4831
f 3233/4828 3235/4831 1809/2538 1808/2537
f 3235/4831 3234/4830 1822/2557 3236/4832
f 3235/4831 3236/4832 1812/2543 1809/2538
f 3236/4832 1822/2557 1821/2556 3237/4833
f 3236/4832 3237/4833 3238/4834 1812/2543
f 3238/4834 3237/4833 3239/4835 3240/4836
f 3238/4834 3240/4836 3241/4837 3242/4838
f 3238/4834 3242/4838 1813/2544 1812/2543
f 3242/4838 3241/4837 3243/4839 3244/4840
f 3242/4838 3244/4840 1814/2545 1813/2544
f 3244/4840 3243/4839 3245/4841 3246/4842
f 3244/4840 3246/4842 1819/2554 1814/2545
f 3246/4842 3245/4841 3247/4843 3248/4844
f 3246/4842 3248/4844 1820/2555 1819/2554
f 3248/4844 3247/4843 3249/4845 3250/4846
f 3248/4844 3250/4846 1824/2560 1820/2555
f 3250/4846 3249/4845 3251/4847 3252/4848
f 3250/4846 3252/4848 1825/2561 1824/2560
f 3252/4848 3251/4847 3253/4849 3254/4850
f 3252/4848 3254/4850 2260/3402 1825/2561
f 3254/4850 3253/4849 3255/4851 2263/3405
f 3254/4850 2263/3405 2261/3403 2260/3402
f 3255/4852 3253/4853 3256/4854 3257/4855
f 3255/4852 3257/4855 3258/4856 2266/4857
f 3255/4851 2266/3408 2264/3406 2263/3405
f 3258/4858 3257/4859 3259/4860 3260/4861
f 3258/4858 3260/4861 3261/4862 3262/4863
f 3258/4858 3262/4863 2267/4864 2266/4865
f 3262/4863 3261/4862 3263/4866 3264/4867
f 3262/4863 3264/4867 2268/4868 2267/4864
f 3264/4867 3263/4866 3265/4869 3266/4870
f 3264/4867 3266/4870 2270/4871 2268/4868
f 3266/4870 3265/4869 3267/4872 3268/4873
f 3266/4870 3268/4873 3269/4874 2270/4871
f 3269/4875 2274/4876 2271/3416 2270/3415
f 3269/4874 3268/4873 3270/4877 3271/4878
f 3269/4875 3271/4879 3272/4880 2274/4876
f 3272/4881 2279/3425 2275/3421 2274/3420
f 3272/4880 3271/4879 3273/4882 3274/4883
f 3272/4881 3274/4884 3275/4885 2279/3425
f 3275/4885 2283/3429 2280/3426 2279/3425
f 3275/4885 3274/4884 2298/3445 2296/3442
f 3275/4885 2296/3442 2294/3440 2283/3429
f 3274/4883 3273/4882 3276/4886 2298/4887
f 3276/4888 3273/4889 3277/4890 3278/4891
f 3276/4888 3278/4891 3279/4892 2301/4893
f 3276/4894 2301/3450 2299/3449 2298/4895
f 3279/4892 3278/4891 3280/4896 3281/4897
f 3279/4898 3281/4899 3282/4900 3283/4901
f 3279/4898 3283/4901 2302/3451 2301/3450
f 3283/4901 3282/4900 3284/4902 3285/4903
f 3283/4901 3285/4903 2303/3452 2302/3451
f 3285/4903 3284/4902 3286/4904 3287/4905
f 3285/4903 3287/4905 2305/3455 2303/3452
f 3287/4906 3286/4907 2373/3556 2310/3467
f 3287/4906 2310/3467 2307/3466 2305/4908
f 3286/4904 3284/4902 1917/2732 1916/2731
f 3286/4907 1916/3561 2374/3557 2373/3556
f 3284/4902 3282/4900 1909/4909 1917/2732
f 3282/4900 3281/4899 1907/4910 1909/4909
f 3281/4897 3280/4896 1908/2720 1907/2719
f 3280/4896 3278/4891 3277/4890 3288/4911
f 3280/4896 3288/4911 3289/4912 1908/2720
f 3289/4912 3288/4911 3290/4913 3291/4914
f 3289/4912 3291/4914 3292/4915 3293/4916
f 3289/4912 3293/4916 1906/2721 1908/2720
f 3293/4917 3294/4918 1897/4919 1906/4920
f 3295/4921 3296/4922 3297/4923 3298/4924
f 3297/4923 3296/4922 1892/2686 1891/2685
f 3296/4922 3299/4925 3300/4926 1892/2686
f 3300/4926 3299/4925 3301/4927 1925/2755
f 3300/4926 1925/2755 1924/2754 3302/4928
f 3300/4929 3302/4930 1893/4931 1892/4932
f 3302/4933 1924/2752 1921/2751 1905/4934
f 3302/4930 1905/2714 318/2713 1893/4931
f 3301/4927 3299/4925 3303/4935 3304/4936
f 3301/4927 3304/4936 1951/4937 3305/4938
f 3301/4927 3305/4938 1926/2756 1925/2755
f 3305/4939 1951/4940 1950/4941 3306/4942
f 3305/4939 3306/4942 1930/4943 1926/4944
f 3306/4945 1950/2804 1953/2803 3307/4946
f 3306/4945 3307/4946 3308/4947 1930/2763
f 3308/4947 3307/4946 3309/4948 3310/4949
f 3308/4947 3310/4949 3311/4950 3312/4951
f 3308/4947 3312/4951 1927/2764 1930/2763
f 3312/4952 3311/4953 1989/4954 1988/4955
f 3312/4952 1988/4955 1928/2759 1927/2758
f 3311/4950 3310/4949 3313/4956 3314/4957
f 3311/4953 3314/4958 1991/4959 1989/4954
f 3314/4957 3313/4956 346/2972 2038/2971
f 3314/4958 2038/2969 2019/2968 1991/4959
f 3313/4956 3310/4949 3309/4948 3315/4960
f 3313/4956 3315/4960 3316/4961 346/2972
f 3315/4960 3309/4948 3317/4962 3318/4963
f 3315/4960 3318/4963 3319/4964 3316/4961
f 3318/4963 3317/4962 327/2773 1936/2776
f 3318/4963 1936/2776 3320/4965 3319/4964
f 3320/4965 1936/2776 1935/2775 3321/4966
f 3320/4965 3321/4966 3322/4967 3323/4968
f 3320/4965 3323/4968 3324/4969 3319/4964
f 3323/4968 3325/4970 3326/4971 3324/4969
f 3326/4972 3325/4973 3327/4974 3328/4975
f 3328/4976 3327/4977 3329/4978 3330/4979
f 3331/4980 3332/4981 3330/4979 3333/4982
f 3331/4983 3333/4984 3334/4985 3335/4986
f 3331/4983 3335/4986 3336/4987 2037/4988
f 3336/4987 3335/4986 3337/4989 3338/4990
f 3336/4991 3338/4992 2021/2925 2020/2924
f 3336/4991 2020/2924 2019/2923 2037/4993
f 3338/4990 3337/4989 3339/4994 2032/4995
f 3338/4996 2032/2956 2031/2955 2021/4997
f 3339/4994 3337/4989 3340/4998 3341/4999
f 3339/4994 3341/4999 3342/5000 3343/5001
f 3339/4994 3343/5001 2033/2959 2032/4995
f 3343/5001 3342/5000 3344/5002 3345/5003
f 3343/5001 3345/5003 2034/2960 2033/2959
f 3345/5003 3344/5002 3346/5004 3347/5005
f 3345/5003 3347/5005 3348/5006 2034/2960
f 3348/5006 3347/5005 3349/5007 3350/5008
f 3348/5006 3350/5008 3351/5009 3352/5010
f 3348/5006 3352/5010 2035/2961 2034/2960
f 3352/5011 3351/5012 3353/5013 3354/5014
f 3352/5011 3354/5014 2036/5015 2035/5016
f 3354/5017 3353/5018 1349/5019 3355/5020
f 3354/5017 3355/5020 3356/5021 2036/5022
f 3356/5021 3357/5023 2029/2948 2036/5022
f 3356/5021 3355/5020 3358/5024 3359/5025
f 3356/5021 3359/5025 3360/5026 3357/5023
f 3360/5026 1994/2886 1996/2890 3357/5023
f 3360/5026 3359/5025 1359/1724 3361/5027
f 3360/5026 3361/5027 1995/2887 1994/2886
f 3361/5027 1359/1724 1357/1717 3362/5028
f 3361/5027 3362/5028 3363/5029 1995/2887
f 3363/5029 1979/2892 1978/2888 1995/2887
f 3363/5029 3362/5028 3364/5030 3365/5031
f 3363/5029 3365/5031 1997/2893 1979/2892
f 3365/5031 3364/5030 3366/5032 3367/5033
f 3365/5031 3367/5033 2017/2919 1997/2893
f 3367/5033 3366/5032 3368/5034 3369/5035
f 3367/5033 3369/5035 2008/2910 2017/2919
f 3369/5035 3368/5034 1429/5036 3370/5037
f 3369/5035 3370/5037 2009/2911 2008/2910
f 3370/5038 1429/1849 220/1848 1426/5039
f 3370/5038 1426/5039 3371/5040 2009/5041
f 3371/5040 1963/5042 2010/5043 2009/5041
f 3371/5044 1426/1842 1425/1841 3372/5045
f 3371/5044 3372/5045 1959/2816 1963/2820
f 3372/5045 1425/1841 1424/1840 3373/5046
f 3372/5045 3373/5046 1960/2817 1959/2816
f 3373/5046 1424/1840 3374/5047 2004/5048
f 3373/5046 2004/5048 2003/2901 1960/2817
f 3374/5047 1424/1840 1423/1839 3375/5049
f 3374/5047 3375/5049 3376/5050 3377/5051
f 3374/5047 3377/5051 1981/5052 2004/5048
f 3377/5051 3376/5050 3378/5053 3379/5054
f 3377/5051 3379/5054 1982/5055 1981/5052
f 3379/5054 3378/5053 3380/5056 1976/2842
f 3379/5054 1976/2842 332/2841 1982/5055
f 3380/5056 3378/5053 1390/1795 1393/1799
f 3380/5056 1393/1799 3381/5057 3382/5058
f 3380/5056 3382/5058 1977/2843 1976/2842
f 3382/5058 3381/5057 2466/5059 2464/5060
f 3382/5058 2464/5060 2462/5061 1977/2843
f 3381/5057 1348/1731 1362/1730 2466/5059
f 3381/5062 1393/5063 1389/5064 3383/5065
f 3383/5066 1389/5067 1360/5068 3358/5069
f 3378/5053 3376/5050 1391/1796 1390/1795
f 3376/5050 3375/5049 3384/5070 1391/1796
f 3384/5070 3375/5049 1423/1839 1422/1838
f 3384/5070 1422/1838 3385/5071 3386/5072
f 3384/5070 3386/5072 1392/1797 1391/1796
f 3386/5072 3385/5071 1414/1830 3387/5073
f 3386/5072 3387/5073 1395/1802 1392/1797
f 3387/5073 1414/1830 1413/1829 3388/5074
f 3387/5073 3388/5074 3389/5075 1395/1802
f 3389/5075 3388/5074 3390/5076 3391/5077
f 3389/5075 3391/5077 3392/5078 3393/5079
f 3389/5075 3393/5079 1394/1803 1395/1802
f 3393/5079 3392/5078 3394/5080 1365/5081
f 3393/5079 1365/5081 1364/5082 1394/1803
f 3394/5083 3392/5084 3395/5085 3396/5086
f 3394/5083 3396/5086 1384/1778 1363/5087
f 3394/5080 1363/1734 1351/1733 1365/5081
f 3396/5086 3395/5085 3397/5088 3398/5089
f 3396/5086 3398/5089 1383/1779 1384/1778
f 3398/5090 3397/5091 1353/1722 1352/1713
f 3398/5090 1352/1713 1354/1712 1383/1774
f 3397/5088 3395/5085 3399/5092 3400/5093
f 3397/5091 3400/5094 1358/1723 1353/1722
f 3400/5093 3399/5092 3401/5095 1382/5096
f 3400/5094 1382/1770 1375/1763 1358/1723
f 3401/5097 3390/5098 1416/5099 3402/5100
f 3401/5095 3402/5101 1380/5102 1382/5096
f 3401/5097 3399/5103 3391/5104 3390/5098
f 3402/5100 1416/5099 1415/5105 3403/5106
f 3402/5101 3403/5107 1381/5108 1380/5102
f 3403/5107 1415/5109 1418/5110 1371/1754
f 3403/5107 1371/1754 1368/1753 1381/5108
f 3399/5092 3395/5085 3392/5084 3391/5111
f 3390/5076 3388/5074 1413/1829 1416/1832
f 3385/5071 1422/1838 1421/1837 3404/5112
f 3385/5071 3404/5112 1410/1826 1414/1830
f 3404/5112 1421/1837 1420/5113 1428/5114
f 3404/5112 1428/5114 1411/1827 1410/1826
f 3368/5034 3366/5032 3405/5115 3406/5116
f 3368/5034 3406/5116 1430/5117 1429/5036
f 3406/5116 3405/5115 1374/1762 1373/1761
f 3406/5116 1373/1761 1379/1767 1430/5117
f 3405/5115 3366/5032 3364/5030 1356/1716
f 3405/5115 1356/1716 1355/1715 1374/1762
f 3364/5030 3362/5028 1357/1717 1356/1716
f 3359/5025 3358/5024 1360/1725 1359/1724
f 3358/5118 3355/5119 1349/5120 3383/5121
f 3357/5023 1996/2890 2006/2907 2029/2948
f 3353/5018 1346/5122 1350/1711 1349/5019
f 3353/5013 3351/5012 1342/1696 1346/1695
f 3351/5009 3350/5008 1343/1691 1342/1690
f 3350/5008 3349/5007 3407/5123 1343/1691
f 3407/5123 3349/5007 3408/5124 3409/5125
f 3407/5123 3409/5125 3410/5126 3411/5127
f 3407/5123 3411/5127 1344/1692 1343/1691
f 3411/5127 3410/5126 3412/5128 3413/5129
f 3411/5127 3413/5129 1347/1697 1344/1692
f 3413/5129 3412/5128 3414/5130 3415/5131
f 3413/5129 3415/5131 1257/5132 1347/1697
f 3415/5133 3414/5134 3416/5135 3417/5136
f 3415/5133 3417/5136 1258/1525 1257/1524
f 3417/5137 3416/5138 3418/5139 3419/5140
f 3417/5137 3419/5140 1259/5141 1258/5142
f 3419/5143 3418/5144 3420/5145 3421/5146
f 3419/5143 3421/5146 3422/5147 1259/5148
f 3422/5147 3421/5146 3423/5149 3424/5150
f 3422/5147 3424/5150 1324/1648 1323/1647
f 3422/5147 1323/1647 1254/5151 1259/5148
f 3424/5150 3423/5149 3425/5152 3426/5153
f 3424/5150 3426/5153 3427/5154 1324/1648
f 3427/5154 3426/5153 3428/5155 3429/5156
f 3427/5154 3429/5156 3430/5157 1326/5158
f 3427/5154 1326/5158 1325/1649 1324/1648
f 3430/5157 3429/5156 3431/5159 3432/5160
f 3430/5161 3432/5162 198/5163 1331/1771
f 3430/5161 1331/1771 1327/1659 1326/1658
f 3432/5160 3431/5159 3433/5164 3434/5165
f 3432/5166 3434/5167 1333/5168 198/5169
f 3434/5167 3433/5170 3435/5171 3436/5172
f 3434/5167 3436/5172 3437/5173 1333/5168
f 3437/5174 3438/5175 1334/1678 1333/1677
f 3437/5173 3436/5172 1291/5176 1293/5177
f 3437/5173 1293/5177 1409/5178 3438/5179
f 3438/5175 2471/3677 2470/3676 1334/1678
f 3438/5179 1409/5178 2473/5180 2471/5181
f 3436/5172 3435/5171 1292/5182 1291/5176
f 3435/5183 3433/5164 3439/5184 3440/5185
f 3435/5186 3440/5187 3441/5188 1292/5189
f 3441/5188 3440/5187 3442/5190 3443/5191
f 3441/5192 3443/5193 1261/5194 1260/5195
f 3441/5192 1260/5195 1265/5196 1292/5197
f 3443/5191 3442/5190 3444/5198 3445/5199
f 3443/5193 3445/5200 3446/5201 1261/5194
f 3446/5201 3445/5200 1399/5202 3447/5203
f 3446/5204 3447/5205 3448/5206 1267/1536
f 3446/5204 1267/1536 1262/1531 1261/1530
f 3448/5206 3447/5205 3449/5207 3450/5208
f 3448/5206 3450/5208 3451/5209 3452/5210
f 3448/5206 3452/5210 184/1535 1267/1536
f 3452/5210 3451/5209 235/1993 1519/5211
f 3452/5210 1519/5211 1266/5212 184/1535
f 3451/5209 3450/5208 3453/5213 1515/1995
f 3453/5213 3454/5214 3455/5215 3456/5216
f 3453/5213 3456/5216 1516/1996 1515/1995
f 3453/5213 3450/5208 3449/5207 3454/5214
f 3456/5216 3455/5215 1512/1991 1511/1990
f 3456/5216 1511/1990 1510/1989 1516/1996
f 3455/5217 3457/5218 3458/5219 1512/5220
f 3455/5217 3454/5221 1397/5222 3457/5218
f 3458/5219 3459/5223 3460/5224 3461/5225
f 3458/5219 3461/5225 1513/5226 1512/5220
f 3458/5219 3457/5218 3462/5227 3459/5223
f 3462/5228 1396/5229 1400/5230 3463/5231
f 3462/5232 3463/5233 3464/5234 3459/5235
f 3462/5227 3457/5218 1397/5222 1396/5236
f 3464/5237 3465/5238 3466/5239 3467/5240
f 3464/5234 3467/5241 3460/5242 3459/5235
f 3464/5237 3463/5243 3468/5244 3465/5238
f 3468/5244 1273/1548 186/1547 3469/5245
f 3468/5244 3469/5245 3470/5246 3465/5238
f 3468/5244 3463/5243 1400/5247 1273/1548
f 3470/5246 3471/5248 3472/5249 3473/5250
f 3470/5246 3473/5250 3466/5239 3465/5238
f 3470/5246 3469/5245 3474/5251 3471/5248
f 3474/5251 1275/1557 1277/1559 3475/5252
f 3474/5251 3475/5252 3476/5253 3471/5248
f 3474/5251 3469/5245 186/1547 1275/1557
f 3476/5253 3477/5254 1529/2018 3478/5255
f 3476/5253 3478/5255 3472/5249 3471/5248
f 3476/5253 3475/5252 3479/5256 3477/5254
f 3479/5256 3480/5257 3481/5258 3477/5254
f 3479/5256 3475/5252 1277/1559 3482/5259
f 3479/5256 3482/5259 3483/5260 3480/5257
f 3483/5260 3484/5261 3485/5262 3480/5257
f 3483/5260 3482/5259 3486/5263 3487/5264
f 3483/5260 3487/5264 3488/5265 3484/5261
f 3488/5266 3489/5267 3490/5268 3484/5269
f 3488/5265 3487/5264 3491/5270 3492/5271
f 3488/5266 3492/5272 3493/5273 3489/5267
f 3493/5274 3494/5275 3495/5276 3489/5277
f 3493/5273 3492/5272 3418/5139 3416/5138
f 3493/5274 3416/5135 3414/5134 3494/5275
f 3495/5276 3496/5278 3497/5279 3498/5280
f 3495/5276 3498/5280 3490/5281 3489/5277
f 3495/5276 3494/5275 3499/5282 3496/5278
f 3499/5283 3500/5284 3501/5285 3496/5286
f 3499/5283 3494/5287 3414/5130 3412/5128
f 3499/5283 3412/5128 3410/5126 3500/5284
f 3501/5285 3502/5288 3503/5289 3504/5290
f 3501/5285 3504/5290 3497/5291 3496/5286
f 3501/5285 3500/5284 3505/5292 3502/5288
f 3505/5293 3506/5294 3507/5295 3502/5296
f 3505/5292 3500/5284 3410/5126 3409/5125
f 3505/5292 3409/5125 3408/5124 3506/5297
f 3507/5298 3508/5299 3509/5300 3510/5301
f 3507/5295 3510/5302 3503/5303 3502/5296
f 3507/5298 3506/5297 3511/5304 3508/5299
f 3511/5304 3512/5305 3513/5306 3508/5299
f 3511/5304 3506/5297 3408/5124 3346/5004
f 3511/5304 3346/5004 3344/5002 3512/5305
f 3513/5306 3514/5307 3515/5308 3516/5309
f 3513/5306 3516/5309 3509/5300 3508/5299
f 3513/5306 3512/5305 3517/5310 3514/5307
f 3517/5310 3518/5311 3519/5312 3514/5307
f 3517/5310 3512/5305 3344/5002 3342/5000
f 3517/5310 3342/5000 3341/4999 3518/5311
f 3519/5312 3520/5313 3521/5314 3522/5315
f 3519/5312 3522/5315 3515/5308 3514/5307
f 3519/5312 3518/5311 3523/5316 3520/5313
f 3523/5316 3524/5317 3525/5318 3520/5313
f 3523/5316 3518/5311 3341/4999 3340/4998
f 3523/5316 3340/4998 3334/4985 3524/5317
f 3525/5319 3526/5320 3527/5321 3528/5322
f 3525/5318 3528/5323 3521/5314 3520/5313
f 3525/5319 3524/5324 3529/5325 3526/5320
f 3529/5325 3329/4978 3530/5326 3526/5320
f 3529/5327 3524/5317 3334/4985 3333/4984
f 3529/5325 3333/4982 3330/4979 3329/4978
f 3530/5326 3531/5328 3527/5321 3526/5320
f 3530/5329 3329/5330 3327/5331 3532/5332
f 3528/5322 3527/5321 3533/5333 3534/5334
f 3528/5323 3534/5335 1708/5336 3521/5314
f 3534/5334 3533/5333 3535/5337 3536/5338
f 3534/5334 3536/5338 1709/2330 1708/2329
f 3536/5338 3535/5337 3537/5339 1696/5340
f 3536/5338 1696/5340 1695/2331 1709/2330
f 3537/5341 3538/5342 303/2585 3539/5343
f 3537/5344 3539/5345 1697/2315 1696/2314
f 3537/5346 3535/5347 3540/5348 3538/5349
f 3540/5350 3541/5351 3542/5352 3538/5342
f 3540/5353 3535/5337 3533/5333 3543/5354
f 3540/5350 3543/5355 3544/5356 3541/5351
f 3544/5356 3545/5357 3546/5358 3541/5351
f 3544/5356 3543/5355 3531/5359 3322/4967
f 3544/5356 3322/4967 3321/4966 3545/5357
f 3546/5358 3547/5360 3548/5361 3549/5362
f 3546/5358 3549/5362 3542/5352 3541/5351
f 3546/5358 3545/5357 2028/2945 3547/5360
f 3549/5362 3548/5361 3550/5363 3551/5364
f 3549/5362 3551/5364 1837/2586 3542/5352
f 3551/5364 3550/5363 3552/5365 3553/5366
f 3551/5364 3553/5366 1838/2587 1837/2586
f 3553/5366 3552/5365 3554/5367 3555/5368
f 3553/5366 3555/5368 1846/2594 1838/2587
f 3555/5368 3554/5367 3556/5369 3557/5370
f 3555/5368 3557/5370 1842/2590 1846/2594
f 3557/5370 3556/5369 3558/5371 3559/5372
f 3557/5370 3559/5372 1843/2591 1842/2590
f 3559/5373 3558/5374 1725/2360 1727/2363
f 3559/5375 1727/5376 3560/5377 1843/5378
f 3560/5379 1727/2363 1724/2362 3561/5380
f 3560/5379 3561/5380 3562/5381 3563/5382
f 3560/5377 3563/5383 1844/5384 1843/5378
f 3563/5382 3562/5381 3564/5385 3565/5386
f 3563/5387 3565/5388 1851/5389 1844/5390
f 3565/5388 3564/5391 3566/5392 3567/5393
f 3565/5388 3567/5393 3568/5394 1851/5389
f 3568/5395 3569/5396 1847/2604 1851/2603
f 3568/5397 3567/5398 3570/5399 3571/5400
f 3568/5395 3571/5401 3572/5402 3569/5396
f 3572/5403 3573/5404 3574/5405 3569/5406
f 3572/5402 3571/5401 3575/5407 3576/5408
f 3572/5403 3576/5409 3577/5410 3573/5404
f 3577/5410 3578/5411 3579/5412 3573/5404
f 3577/5410 3576/5409 3580/5413 3581/5414
f 3577/5410 3581/5414 3582/5415 3578/5411
f 3582/5415 3583/5416 3584/5417 3578/5411
f 3582/5415 3581/5414 3585/5418 3586/5419
f 3582/5415 3586/5419 3587/5420 3583/5416
f 3587/5420 3588/5421 3589/5422 3583/5416
f 3587/5420 3586/5419 3590/5423 3591/5424
f 3587/5420 3591/5424 3592/5425 3588/5421
f 3592/5425 3593/5426 3594/5427 3588/5421
f 3592/5428 3591/5429 832/5430 831/5431
f 3592/5432 831/755 830/754 3593/5433
f 3594/5427 3595/5434 3596/5435 3597/5436
f 3594/5427 3597/5436 3589/5422 3588/5421
f 3594/5427 3593/5426 3598/5437 3595/5434
f 3598/5437 913/925 914/5438 3595/5434
f 3598/5439 3593/5433 830/754 3599/5440
f 3598/5439 3599/5440 926/5441 913/5442
f 3599/5440 830/754 829/753 910/900
f 3599/5440 910/900 909/899 926/5441
f 3597/5436 3596/5435 806/716 805/715
f 3597/5436 805/715 804/714 3589/5422
f 3596/5435 3600/5443 919/913 806/716
f 3596/5435 3595/5434 914/5438 3600/5443
f 3600/5443 925/924 3601/5444 919/913
f 3600/5443 914/5438 913/925 925/924
f 3601/5444 3602/5445 3603/5446 3604/5447
f 3601/5444 3604/5447 917/910 919/913
f 3601/5444 925/924 924/923 3602/5445
f 3604/5447 3603/5446 3605/5448 3606/5449
f 3604/5447 3606/5449 918/911 917/910
f 3606/5449 3605/5448 3607/5450 3608/5451
f 3606/5449 3608/5451 1648/2217 918/911
f 3608/5451 3607/5450 3609/5452 3610/5453
f 3608/5451 3610/5453 1649/2218 1648/2217
f 3610/5453 3609/5452 1637/5454 3611/5455
f 3610/5453 3611/5455 3612/5456 1649/2218
f 3612/5456 3611/5455 3613/5457 3614/5458
f 3612/5456 3614/5458 1715/2345 1717/2344
f 3612/5456 1717/2344 1645/2214 1649/2218
f 3614/5459 3613/5460 3615/5461 3616/5462
f 3614/5463 3616/5464 1716/5465 1715/5466
f 3616/5467 3615/5468 3617/5469 3618/5470
f 3616/5467 3618/5470 3619/5471 1716/2341
f 3619/5472 3618/5473 1672/2274 267/2270
f 3619/5472 267/2270 1671/2273 3620/5474
f 3619/5471 3620/5475 1713/2337 1716/2341
f 3620/5476 1671/5477 3621/5478 3622/5479
f 3620/5476 3622/5479 1714/5480 1713/5481
f 3622/5479 3621/5478 1701/2319 1700/2318
f 3622/5479 1700/2318 1702/2320 1714/5480
f 3621/5478 1671/5477 1670/5482 3623/5483
f 3621/5478 3623/5483 3624/5484 1701/2319
f 3624/5484 3623/5483 1692/5485 1689/5486
f 3624/5484 1689/5486 1688/5487 3625/5488
f 3624/5484 3625/5488 1693/2311 1701/2319
f 3625/5489 1688/2302 1686/2299 1706/5490
f 3625/5488 1706/5491 1694/2312 1693/2311
f 3623/5492 1670/5493 3626/5494 1692/2308
f 3626/5494 3627/5495 1667/5496 3628/5497
f 3626/5494 3628/5497 1690/2309 1692/2308
f 3626/5494 1670/5493 1669/5498 3627/5495
f 3628/5497 1667/5496 1666/2261 3629/5499
f 3628/5497 3629/5499 1691/5500 1690/2309
f 3629/5499 1666/2261 1653/2234 1657/2233
f 3629/5499 1657/2233 1684/2297 1691/5500
f 3627/5495 3630/5501 1668/5502 1667/5496
f 3627/5495 1669/5498 1675/5503 3630/5501
f 3630/5504 1675/5505 3631/5506 1681/2294
f 3630/5501 1681/5507 268/5508 1668/5502
f 3631/5509 1675/5510 1674/5511 3632/5512
f 3631/5506 3632/5513 3633/5514 3634/5515
f 3631/5506 3634/5515 1682/2295 1681/2294
f 3634/5516 3633/5517 3504/5290 3503/5289
f 3634/5515 3503/5303 3510/5302 1682/2295
f 3633/5514 3632/5513 3635/5518 3636/5519
f 3633/5517 3636/5520 3497/5291 3504/5290
f 3636/5519 3635/5518 3637/5521 3638/5522
f 3636/5519 3638/5522 3498/5280 3497/5279
f 3638/5522 3637/5521 3639/5523 3640/5524
f 3638/5522 3640/5524 3490/5281 3498/5280
f 3640/5525 3639/5526 3641/5527 3485/5528
f 3640/5525 3485/5528 3484/5269 3490/5268
f 3641/5527 3639/5526 1651/5529 262/5530
f 3641/5531 262/5532 1530/2019 3481/5258
f 3641/5531 3481/5258 3480/5257 3485/5262
f 3639/5523 3637/5521 3642/5533 1651/5534
f 3642/5535 1673/2275 1672/2274 3643/5536
f 3642/5535 3643/5536 1652/2225 1651/2224
f 3642/5537 3637/5538 3635/5539 1673/5540
f 3643/5536 1672/2274 3618/5473 3617/5541
f 3643/5536 3617/5541 3644/5542 1652/2225
f 3644/5543 3645/5544 1650/2220 1652/5545
f 3644/5542 3617/5541 3615/5461 1632/5546
f 3635/5539 3632/5512 1674/5511 1673/5540
f 3615/5461 3613/5460 1633/5547 1632/5546
f 3613/5457 3611/5455 1637/5454 1633/5548
f 3609/5452 3646/5549 1638/5550 1637/5454
f 3609/5452 3607/5450 3647/5551 3646/5549
f 3647/5552 3648/5553 3649/5554 3646/5555
f 3647/5551 3607/5450 3605/5448 3650/5556
f 3647/5551 3650/5556 3651/5557 3648/5558
f 3651/5559 3652/5560 3653/5561 3648/5562
f 3651/5557 3650/5556 921/5563 920/5564
f 3651/5559 920/921 923/920 3652/5560
f 3653/5565 3654/5566 3655/5567 3656/5568
f 3653/5561 3656/5569 3649/5570 3648/5562
f 3653/5565 3652/5571 3657/5572 3654/5566
f 3657/5573 3658/5574 3659/5575 3654/5576
f 3657/5577 3652/5578 923/5579 3660/5580
f 3657/5577 3660/5580 3661/5581 3658/5582
f 3661/5583 3662/5584 3663/5585 3658/5574
f 3661/5586 3660/5587 998/1074 1001/1073
f 3661/5583 1001/5588 933/938 3662/5584
f 3663/5585 3664/5589 3665/5590 3666/5591
f 3663/5585 3666/5591 3659/5575 3658/5574
f 3663/5585 3662/5584 3667/5592 3664/5589
f 3667/5592 3668/5593 1643/2208 3664/5589
f 3667/5592 3662/5584 933/938 932/937
f 3667/5592 932/937 3669/5594 3668/5593
f 3669/5594 3670/5595 3671/5596 3668/5593
f 3669/5594 932/937 110/936 934/5597
f 3669/5594 934/5597 936/5598 3670/5595
f 3671/5596 3672/5599 794/695 801/707
f 3671/5596 801/707 1643/2208 3668/5593
f 3671/5596 3670/5595 789/685 3672/5599
f 3672/5599 3673/5600 795/696 794/695
f 3672/5599 789/685 85/684 3673/5600
f 3673/5600 3674/5601 3675/5602 795/696
f 3673/5600 85/684 788/5603 3674/5601
f 3675/5602 3676/5604 3677/5605 3678/5606
f 3675/5602 3678/5606 796/697 795/696
f 3675/5602 3674/5601 3679/5607 3676/5604
f 3679/5607 3680/5608 3681/5609 3676/5604
f 3679/5607 3674/5601 788/5603 793/5610
f 3679/5607 793/5610 3682/5611 3680/5608
f 3682/5611 3683/5612 3684/5613 3680/5608
f 3682/5611 793/5610 792/5614 3685/5615
f 3682/5611 3685/5615 3686/5616 3683/5612
f 3686/5617 821/5618 3687/5619 3683/5620
f 3686/5616 3685/5615 3688/5621 3689/5622
f 3686/5617 3689/5623 822/5624 821/5618
f 3689/5622 3688/5621 847/785 850/790
f 3689/5623 850/5625 823/5626 822/5624
f 3688/5621 3685/5615 792/5614 791/5627
f 3688/5621 791/5627 780/786 847/785
f 3687/5628 3690/5629 3691/5630 3692/5631
f 3687/5619 3692/5632 3684/5633 3683/5620
f 3687/5628 821/742 820/741 3690/5629
f 3692/5631 3691/5630 3693/5634 3694/5635
f 3692/5632 3694/5636 3695/5637 3684/5633
f 3695/5637 3694/5636 3696/5638 3697/5639
f 3695/5640 3697/5641 3698/5642 3681/5609
f 3695/5640 3681/5609 3680/5608 3684/5613
f 3698/5642 3697/5641 3699/5643 3700/5644
f 3698/5642 3700/5644 3701/5645 3677/5605
f 3698/5642 3677/5605 3676/5604 3681/5609
f 3701/5645 3700/5644 3702/5646 3703/5647
f 3701/5645 3703/5647 3704/5648 3705/5649
f 3701/5645 3705/5649 3678/5606 3677/5605
f 3705/5649 3704/5648 1728/2365 1733/2379
f 3705/5649 1733/2379 796/697 3678/5606
f 3704/5648 3703/5647 3706/5650 3707/5651
f 3704/5648 3707/5651 1729/2366 1728/2365
f 3707/5651 3706/5650 1740/2394 1739/2393
f 3707/5651 1739/2393 1738/2392 1729/2366
f 3706/5650 3708/5652 1742/5653 1740/2394
f 3706/5650 3703/5647 3702/5646 3708/5652
f 3708/5652 3564/5385 3562/5381 1742/5653
f 3708/5652 3702/5646 3566/5654 3564/5385
f 3702/5646 3700/5644 3699/5643 3566/5654
f 3699/5655 3570/5399 3567/5398 3566/5656
f 3699/5655 3697/5639 3696/5638 3570/5399
f 3696/5638 3575/5657 3571/5400 3570/5399
f 3696/5658 3694/5635 3693/5634 3575/5407
f 3693/5634 3580/5659 3576/5408 3575/5407
f 3693/5634 3691/5630 3709/5660 3580/5659
f 3709/5661 3585/5418 3581/5414 3580/5413
f 3709/5660 3691/5630 3690/5629 3710/5662
f 3709/5661 3710/5663 3711/5664 3585/5418
f 3711/5664 3590/5423 3586/5419 3585/5418
f 3711/5664 3710/5663 819/5665 3712/5666
f 3711/5664 3712/5666 3713/5667 3590/5423
f 3713/5668 832/5430 3591/5429 3590/5669
f 3713/5670 3712/5671 3714/5672 3715/5673
f 3713/5670 3715/5673 833/757 832/756
f 3715/5673 3714/5672 815/734 814/733
f 3715/5673 814/733 813/758 833/757
f 3714/5672 3712/5671 819/5674 818/5675
f 3714/5672 818/5675 817/5676 815/734
f 3710/5662 3690/5629 820/741 819/740
f 3670/5595 936/5598 790/686 789/685
f 3666/5591 3665/5590 3716/5677 3717/5678
f 3666/5591 3717/5678 3718/5679 3659/5575
f 3718/5679 3717/5678 3719/5680 3720/5681
f 3718/5679 3720/5681 3721/5682 3655/5683
f 3718/5679 3655/5683 3654/5576 3659/5575
f 3721/5682 3720/5681 3722/5684 3723/5685
f 3721/5686 3723/5687 3724/5688 3725/5689
f 3721/5686 3725/5689 3656/5568 3655/5567
f 3725/5690 3724/5691 1634/2194 1639/2202
f 3725/5689 1639/5692 3649/5693 3656/5568
f 3724/5688 3723/5687 3726/5694 3727/5695
f 3724/5691 3727/5696 1635/2195 1634/2194
f 3727/5696 3726/5697 3728/5698 3729/5699
f 3727/5696 3729/5699 3730/5700 1635/2195
f 3730/5700 3729/5699 3731/5701 3732/5702
f 3730/5700 3732/5702 3733/5703 3734/5704
f 3730/5700 3734/5704 1636/2196 1635/2195
f 3734/5704 3733/5703 1532/2021 1531/2020
f 3734/5704 1531/2020 3735/5705 1636/2196
f 3733/5703 3732/5702 3736/5706 3737/5707
f 3733/5703 3737/5707 3738/5708 1532/2021
f 3738/5708 3737/5707 3739/5709 3740/5710
f 3738/5708 3740/5710 3741/5711 3742/5712
f 3738/5708 3742/5712 1528/2017 1532/2021
f 3742/5712 3741/5711 3472/5249 3478/5255
f 3742/5712 3478/5255 1529/2018 1528/2017
f 3741/5711 3740/5710 3743/5713 3744/5714
f 3741/5711 3744/5714 3473/5250 3472/5249
f 3744/5714 3743/5713 1501/1962 1500/1961
f 3744/5714 1500/1961 3466/5239 3473/5250
f 3743/5713 3745/5715 1502/5716 1501/1962
f 3743/5713 3740/5710 3739/5709 3745/5715
f 3745/5715 3746/5717 3747/5718 1502/5716
f 3745/5715 3739/5709 3748/5719 3746/5717
f 3748/5719 3749/5720 3750/5721 3746/5717
f 3748/5719 3739/5709 3737/5707 3736/5706
f 3748/5719 3736/5706 3751/5722 3749/5720
f 3751/5723 1663/5724 1665/5725 3749/5726
f 3751/5722 3736/5706 3732/5702 3731/5701
f 3751/5722 3731/5701 1664/5727 1663/5728
f 3750/5729 3752/5730 3753/5731 3754/5732
f 3750/5721 3754/5733 3747/5718 3746/5717
f 3750/5729 3749/5726 1665/5725 3752/5730
f 3754/5734 3753/5735 3755/5736 3756/5737
f 3754/5734 3756/5737 3757/5738 3747/5739
f 3757/5740 3756/5741 3758/5742 3759/5743
f 3757/5740 3759/5743 1497/1957 1496/1956
f 3757/5738 1496/5744 1502/5745 3747/5739
f 3759/5746 3758/5747 3760/5748 3761/5749
f 3759/5746 3761/5749 3762/5750 1497/5751
f 3762/5750 3761/5749 3763/5752 3764/5753
f 3762/5750 3764/5753 3765/5754 3766/5755
f 3762/5756 3766/5757 1498/1958 1497/1957
f 3766/5755 3765/5754 3767/5758 3768/5759
f 3766/5757 3768/5760 1503/5761 1498/1958
f 3768/5759 3767/5758 1513/1992 3461/5762
f 3768/5760 3461/5225 3460/5224 1503/5761
f 3767/5758 3765/5754 1523/2010 1533/5763
f 3767/5758 1533/5763 234/1987 1513/1992
f 3765/5754 3764/5753 1524/2011 1523/2010
f 3770/5764 3763/5765 3771/5766 3772/5767
f 3770/5764 3769/5768 3764/5769 3763/5765
f 3773/5770 3774/5771 3775/5772 3776/5773
f 3773/5770 3772/5774 3771/5775 3774/5771
f 3776/5776 4059/5777 3777/5778 3780/5779 3773/5780
f 3777/5778 3779/5781 3780/5779
f 3779/5782 3781/5783 3782/5784 3783/5785
f 3779/5786 3777/5787 4059/5788 3781/5789
f 3783/5790 3784/5791 3780/5792 3779/5793
f 3783/5794 3785/5795 3786/5796 3784/5797
f 3785/5798 3787/5799 4333/5800 3789/5801
f 3789/5802 3790/5803 3791/5804 3785/5805
f 3785/5806 3783/5807 3782/5808 3787/5809
f 3791/5810 3792/5811 3786/5812 3785/5813
f 3790/5803 3793/5814 3794/5815 3795/5816
f 3790/5803 3795/5816 3796/5817 3797/5818
f 3790/5803 3797/5818 1297/1600 3791/5804
f 3797/5818 3796/5817 3798/5819 3799/5820
f 3797/5818 3799/5820 1298/1601 1297/1600
f 3799/5820 3798/5819 3800/5821 3801/5822
f 3799/5820 3801/5822 3802/5823 1298/1601
f 3802/5823 3803/5824 1299/1602 1298/1601
f 3802/5823 3801/5822 3804/5825 3805/5826
f 3802/5823 3805/5826 3806/5827 3803/5824
f 3806/5828 3807/5829 1518/5830 3803/5831
f 3806/5827 3805/5826 3808/5832 1271/5833
f 3806/5828 1271/5834 1270/5835 3807/5829
f 3808/5832 3805/5826 3804/5825 3809/5836
f 3808/5832 3809/5836 3810/5837 3811/5838
f 3808/5832 3811/5838 1272/5839 1271/5833
f 3811/5840 3810/5841 3812/5842 3813/5843
f 3811/5840 3813/5843 1289/5844 1272/5845
f 3813/5843 3812/5842 2483/5846 2481/5847
f 3813/5843 2481/5847 1290/5848 1289/5844
f 3812/5849 3810/5850 3814/5851 3815/5852
f 3812/5849 3815/5852 3816/5853 2483/5854
f 3816/5853 3815/5852 3817/5855 3818/5856
f 3816/5853 3818/5856 3819/5857 2486/5858
f 3816/5859 2486/3696 2484/3694 2483/3693
f 3819/5860 3818/5861 3820/5862 3821/5863
f 3819/5860 3821/5863 3822/5864 3823/5865
f 3819/5866 3823/5867 2487/5868 2486/5869
f 3823/5865 3822/5864 3824/5870 3825/5871
f 3823/5867 3825/5872 2488/5873 2487/5868
f 3825/5871 3824/5870 3826/5874 3827/5875
f 3825/5872 3827/5876 2490/5877 2488/5873
f 3827/5875 3826/5874 3828/5878 3829/5879
f 3827/5876 3829/5880 2495/5881 2490/5877
f 3829/5879 3828/5878 3830/5882 3831/5883
f 3829/5880 3831/5884 2496/5885 2495/5881
f 3831/5883 3830/5882 3832/5886 3833/5887
f 3831/5884 3833/5888 2498/5889 2496/5885
f 3833/5887 3832/5886 3834/5890 3835/5891
f 3833/5888 3835/5892 3836/5893 2498/5889
f 3836/5894 2502/3712 2499/3709 2498/3708
f 3836/5893 3835/5892 1471/1919 1470/1918
f 3836/5894 1470/5895 2508/5896 2502/3712
f 3835/5891 3834/5890 1472/4538 1471/5897
f 3834/5890 3832/5886 3837/5898 3049/4542
f 3834/5890 3049/4542 3047/4539 1472/4538
f 3837/5898 3832/5886 3830/5882 3838/5899
f 3837/5898 3838/5899 3059/4562 3052/4546
f 3837/5898 3052/4546 3050/4543 3049/4542
f 3838/5899 3830/5882 3828/5878 3839/5900
f 3838/5899 3839/5900 3061/4565 3059/4562
f 3839/5900 3828/5878 3826/5874 3840/5901
f 3839/5900 3840/5901 3841/5902 3061/4565
f 3841/5902 3840/5901 3842/5903 3843/5904
f 3841/5902 3843/5904 3844/5905 3064/4568
f 3841/5902 3064/4568 3062/4566 3061/4565
f 3844/5905 3843/5904 3845/5906 3846/5907
f 3844/5905 3846/5907 3847/5908 3067/4571
f 3844/5905 3067/4571 3065/4569 3064/4568
f 3847/5908 3846/5907 3848/5909 3849/5910
f 3847/5908 3849/5910 3850/5911 3851/5912
f 3847/5908 3851/5912 3068/4572 3067/4571
f 3851/5912 3850/5911 3852/5913 3853/5914
f 3851/5912 3853/5914 3069/4573 3068/4572
f 3853/5914 3852/5913 3854/5915 3855/5916
f 3853/5914 3855/5916 3071/4575 3069/4573
f 3855/5916 3854/5915 3856/5917 3857/5918
f 3855/5916 3857/5918 3858/5919 3071/4575
f 3858/5919 3857/5918 3859/5920 3860/5921
f 3858/5919 3860/5921 3081/4586 3074/4578
f 3858/5919 3074/4578 3072/4576 3071/4575
f 3860/5921 3859/5920 3861/5922 3084/5923
f 3860/5921 3084/5923 3082/4587 3081/4586
f 3861/5922 3859/5920 3862/5924 3863/5925
f 3861/5926 3863/5927 3864/5928 3865/5929
f 3861/5926 3865/5929 3085/4593 3084/4592
f 3865/5930 3864/5931 3866/5932 3867/5933
f 3865/5930 3867/5933 3086/4596 3085/4595
f 3867/5933 3866/5932 1045/1149 1044/1148
f 3867/5933 1044/1148 1048/1155 3086/4596
f 3866/5932 3864/5931 3868/5934 3869/5935
f 3866/5932 3869/5935 3870/5936 1045/1149
f 3870/5937 3869/5938 3871/5939 3872/5940
f 3870/5937 3872/5940 1036/1136 1035/1135
f 3870/5936 1035/1134 1034/1133 1045/1149
f 3872/5940 3871/5939 3873/5941 3874/5942
f 3872/5940 3874/5942 1195/5943 1036/1136
f 3874/5944 3873/5945 3875/5946 3876/5947
f 3874/5944 3876/5947 1196/1414 1195/1413
f 3876/5947 3875/5946 3877/5948 3878/5949
f 3876/5947 3878/5949 3879/5950 1196/1414
f 3879/5950 3878/5949 3880/5951 3881/5952
f 3879/5950 3881/5952 3882/5953 3883/5954
f 3879/5955 3883/5956 171/5957 1196/5958
f 3883/5959 3882/5960 3884/5961 3885/5962
f 3886/5963 1233/5964 1236/5965 3887/5966
f 3888/5967 3884/5968 3889/5969 1237/1482
f 3889/5969 3884/5968 3890/5970 3891/5971
f 3889/5969 3891/5971 3892/5972 3893/5973
f 3889/5969 3893/5973 1238/1483 1237/1482
f 3893/5974 3892/5975 3894/5976 3895/5977
f 3893/5973 3895/5978 3896/5979 1238/1483
f 3896/5980 3895/5977 1057/5981 1051/5982
f 3896/5980 1051/5982 1050/5983 3897/5984
f 3896/5979 3897/5985 1239/1484 1238/1483
f 3897/5984 1050/5983 3898/5986 3899/5987
f 3897/5984 3899/5987 1240/5988 1239/5989
f 3899/5990 3898/5991 3900/5992 1040/1142
f 3899/5987 1040/5993 1039/5994 1240/5988
f 3900/5995 3898/5996 3901/5997 3902/5998
f 3900/5999 3902/6000 3903/6001 3904/6002
f 3900/5992 3904/6003 1037/1138 1040/1142
f 3904/6002 3903/6001 3905/6004 1032/1131
f 3904/6003 1032/6005 1031/1139 1037/1138
f 3905/6006 3903/6007 3906/6008 3907/6009
f 3905/6006 3907/6009 3908/6010 3909/6011
f 3905/6004 3909/6012 1027/1123 1032/1131
f 3909/6013 3908/6014 3910/6015 3911/6016
f 3909/6017 3911/6018 1028/6019 1027/6020
f 3911/6016 3910/6015 3912/6021 3913/6022
f 3911/6018 3913/6023 3914/6024 1028/6019
f 3914/6025 3913/6026 3915/6027 3916/6028
f 3914/6025 3916/6028 3917/6029 3918/6030
f 3914/6025 3918/6030 1029/1125 1028/1124
f 3918/6030 3917/6029 3919/6031 3920/6032
f 3918/6030 3920/6032 1033/1132 1029/1125
f 3920/6032 3919/6031 3921/6033 1100/1240
f 3920/6032 1100/1240 1042/1145 1033/1132
f 3921/6033 3919/6031 3922/6034 411/24
f 3921/6033 411/24 410/23 3923/6035
f 3921/6033 3923/6035 1095/1233 1100/1240
f 3923/6035 410/23 3924/6036 3106/4640
f 3923/6035 3106/4640 1096/1234 1095/1233
f 3924/6036 410/23 409/22 3925/6037
f 3924/6036 3925/6037 403/11 3109/4643
f 3924/6036 3109/4643 3107/4641 3106/4640
f 3919/6031 3917/6029 3926/6038 3922/6034
f 3926/6038 3917/6029 3916/6028 3927/6039
f 3926/6038 3927/6039 3928/6040 3929/6041
f 3926/6038 3929/6041 3930/6042 3922/6034
f 3929/6041 3928/6040 3931/6043 3932/6044
f 3933/6045 3932/6044 614/362 3934/6046
f 3933/6045 3934/6046 3117/4651 3935/6047
f 3934/6046 614/362 613/361 3120/4654
f 3934/6046 3120/4654 3118/4652 3117/4651
f 3932/6044 3931/6043 610/356 614/362
f 3931/6043 3928/6040 3936/6048 3937/6049
f 3931/6043 3937/6049 45/353 610/356
f 3937/6050 3936/6051 3938/6052 3939/6053
f 3937/6054 3939/6055 599/333 45/332
f 3939/6053 3938/6052 547/231 544/226
f 3939/6053 544/226 543/225 599/6056
f 3938/6052 3940/6057 3941/6058 547/231
f 3938/6059 3936/6060 3942/6061 3940/6062
f 3942/6061 3915/6063 3943/6064 3940/6062
f 3942/6065 3936/6048 3928/6040 3927/6039
f 3942/6065 3927/6039 3916/6028 3915/6027
f 3943/6066 3912/6021 1181/1384 3944/6067
f 3943/6066 3944/6067 3941/6058 3940/6057
f 3943/6066 3915/6068 3913/6022 3912/6021
f 3944/6067 1181/1384 1180/1383 3945/6069
f 3944/6067 3945/6069 3946/6070 3941/6058
f 3946/6071 3945/6072 1119/1271 3947/6073
f 3946/6071 3947/6073 546/229 545/228
f 3946/6070 545/232 547/231 3941/6058
f 3947/6073 1119/1271 1118/1270 3948/6074
f 3947/6073 3948/6074 563/259 546/229
f 3948/6074 1118/1270 1123/1276 3949/6075
f 3948/6074 3949/6075 564/260 563/259
f 3949/6075 1123/1276 3950/6076 3951/6077
f 3949/6075 3951/6077 593/314 564/260
f 3951/6077 3950/6076 3952/6078 3953/6079
f 3951/6077 3953/6079 3954/6080 593/314
f 3954/6080 3953/6079 3955/6081 3956/6082
f 3954/6080 3956/6082 3957/6083 3958/6084
f 3954/6080 3958/6084 594/315 593/314
f 3958/6084 3957/6083 596/6085 560/6086
f 3958/6084 560/6086 559/6087 594/315
f 3957/6083 3956/6082 3959/6088 3960/6089
f 3957/6083 3960/6089 592/312 596/6085
f 3960/6089 3959/6088 3961/6090 588/6091
f 3960/6089 588/6091 587/313 592/312
f 3961/6092 3962/6093 3963/6094 3964/6095
f 3961/6092 3964/6095 585/303 588/302
f 3961/6090 3959/6088 3965/6096 3962/6097
f 3965/6096 3966/6098 3967/6099 3962/6097
f 3965/6096 3959/6088 3956/6082 3955/6081
f 3965/6096 3955/6081 3968/6100 3966/6098
f 3968/6100 1142/6101 3969/6102 3966/6098
f 3968/6100 3955/6081 3953/6079 3952/6078
f 3968/6100 3952/6078 1126/6103 1142/6101
f 3969/6102 3970/6104 1117/1268 1116/1267
f 3969/6102 1116/1267 3967/6099 3966/6098
f 3969/6102 1142/6101 1141/6105 3970/6104
f 3970/6104 3971/6106 3972/6107 1117/1268
f 3970/6104 1141/6105 1143/6108 3971/6106
f 3972/6107 3973/6109 3974/6110 3975/6111
f 3972/6107 3975/6111 147/1265 1117/1268
f 3972/6107 3971/6106 3976/6112 3973/6109
f 3976/6113 3977/6114 3978/6115 3973/6116
f 3976/6112 3971/6106 1143/6108 3979/6117
f 3976/6113 3979/6118 3980/6119 3977/6114
f 3980/6120 1138/6121 3981/6122 3977/6123
f 3980/6119 3979/6118 3982/6124 3983/6125
f 3980/6120 3983/6126 1139/6127 1138/6121
f 3983/6125 3982/6124 1124/6128 3984/6129
f 3983/6126 3984/6130 1140/6131 1139/6127
f 3984/6129 1124/6128 1122/6132 3985/6133
f 3984/6130 3985/6134 3986/6135 1140/6131
f 3986/6136 3987/6137 156/1307 1140/1306
f 3986/6135 3985/6134 1171/6138 1170/6139
f 3986/6136 1170/1369 1174/1368 3987/6137
f 3985/6133 1122/6132 1121/1381 1171/1364
f 3982/6140 3979/6117 1143/6108 1133/6141
f 3982/6140 1133/6141 1125/1278 1124/1277
f 3981/6142 1145/1316 1144/1315 3988/6143
f 3981/6122 3988/6144 3978/6145 3977/6123
f 3981/6142 1138/1304 1132/1291 1145/1316
f 3988/6143 1144/1315 1109/1253 3989/6146
f 3988/6144 3989/6147 3990/6148 3978/6145
f 3990/6148 3989/6147 3991/6149 3992/6150
f 3990/6151 3992/6152 3993/6153 3974/6154
f 3990/6151 3974/6154 3973/6116 3978/6115
f 3993/6153 3992/6152 1104/6155 3994/6156
f 3993/6157 3994/6158 3995/6159 3996/6160
f 3993/6157 3996/6160 3975/6111 3974/6110
f 3996/6160 3995/6159 1112/6161 1111/6162
f 3996/6160 1111/6162 147/1265 3975/6111
f 3995/6159 3994/6158 1103/6163 3997/6164
f 3995/6159 3997/6164 1248/6165 1112/6161
f 3997/6166 1103/6167 1102/6168 3998/6169
f 3994/6170 1104/6171 145/6172 1103/6173
f 3992/6150 3991/6149 1105/1247 1104/1246
f 3991/6174 1108/1252 1113/1256 1105/1508
f 3991/6174 3989/6146 1109/1253 1108/1252
f 3967/6175 1116/6176 1115/6177 3999/6178
f 3967/6175 3999/6178 3963/6179 3962/6180
f 3999/6181 1115/6182 1114/6183 4000/6184
f 3999/6181 4000/6184 4001/6185 3963/6186
f 4001/6187 4002/6188 3964/6189 3963/6190
f 4001/6191 4000/6192 4003/6193 4004/6194
f 4001/6191 4004/6194 4005/6195 4002/6196
f 4005/6195 4006/6197 586/299 4002/6196
f 4005/6195 4004/6194 4007/6198 4008/6199
f 4005/6195 4008/6199 555/246 4006/6197
f 4008/6199 4007/6198 4009/6200 4010/6201
f 4008/6199 4010/6201 556/247 555/246
f 4010/6201 4009/6200 4011/6202 569/274
f 4010/6201 569/274 557/273 556/247
f 4011/6202 4009/6200 4012/6203 4013/6204
f 4011/6202 4013/6204 4014/6205 4015/6206
f 4011/6202 4015/6206 570/275 569/274
f 4015/6206 4014/6205 1151/1326 4016/6207
f 4015/6206 4016/6207 571/276 570/275
f 4016/6207 1151/1326 1150/1325 4017/6208
f 4016/6207 4017/6208 4018/6209 571/276
f 4018/6209 4019/6210 568/268 571/276
f 4018/6211 4017/6212 4020/6213 523/187
f 4018/6211 523/187 522/186 4019/6214
f 4020/6213 4017/6212 1150/1331 1153/1330
f 4020/6215 1153/6216 4021/6217 4022/6218
f 4020/6215 4022/6218 524/6219 523/6220
f 4022/6218 4021/6217 4023/6221 4024/6222
f 4022/6218 4024/6222 4025/6223 524/6219
f 4025/6223 4024/6222 4026/6224 4027/6225
f 4025/6226 4027/6227 4028/6228 518/6229
f 4025/6223 518/6230 27/6231 524/6219
f 4028/6228 4027/6227 4029/6232 4030/6233
f 4028/6228 4030/6233 4031/6234 4032/6235
f 4028/6228 4032/6235 519/6236 518/6229
f 4032/6237 4031/6238 4033/6239 4034/6240
f 4032/6237 4034/6240 520/183 519/182
f 4034/6240 4033/6239 4035/6241 4036/6242
f 4034/6240 4036/6242 511/163 520/183
f 4036/6243 4035/6244 4037/6245 4038/6246
f 4036/6243 4038/6246 512/6247 511/6248
f 4038/6249 4037/6250 4039/6251 4040/6252
f 4038/6249 4040/6252 513/167 512/166
f 4040/6252 4039/6251 4041/6253 4042/6254
f 4040/6252 4042/6254 4043/6255 513/167
f 4043/6255 4042/6254 4044/6256 4045/6257
f 4043/6255 4045/6257 553/6258 552/6259
f 4043/6255 552/6259 514/168 513/167
f 4045/6257 4044/6256 4046/6260 4047/6261
f 4045/6257 4047/6261 542/6262 553/6258
f 4047/6261 4046/6260 4048/6263 4049/6264
f 4047/6261 4049/6264 543/6265 542/6262
f 4049/6264 4048/6263 4050/6266 600/6267
f 4049/6268 600/334 599/333 543/6269
f 4050/6266 4048/6263 4051/6270 4052/6271
f 4050/6272 4052/6273 4053/6274 4054/6275
f 4050/6276 4054/6277 42/6278 600/6279
f 4054/6280 4053/6281 627/6282 4055/6283
f 4054/6280 4055/6283 609/350 42/349
f 4055/6283 627/6282 626/6284 4056/6285
f 4055/6283 4056/6285 617/369 609/350
f 4056/6285 4057/6286 4058/6287 617/369
f 4058/6287 4057/6286 6198/6288 4060/6289
f 4058/6287 618/6290 616/370 617/369
f 4053/6291 4052/6292 607/6293 4061/6294
f 4053/6295 4061/6296 628/390 627/389
f 4061/6294 607/6293 43/6297 4062/6298
f 4061/6296 4062/6299 631/394 628/390
f 4062/6299 43/6300 606/6301 4063/6302
f 4062/6299 4063/6302 639/6303 631/394
f 4063/6304 606/6305 4064/6306 4065/6307
f 4063/6304 4065/6307 640/6308 639/6309
f 4065/6307 4064/6306 4066/6310 4067/6311
f 4065/6307 4067/6311 641/6312 640/6308
f 4067/6311 4066/6310 4068/6313 4069/6314
f 4067/6311 4069/6314 652/6315 641/6312
f 4069/6314 4068/6313 4070/6316 4071/6317
f 4069/6314 4071/6317 653/6318 652/6315
f 4071/6317 4070/6316 4072/6319 4073/6320
f 4071/6317 4073/6320 4074/6321 653/6318
f 4074/6321 4073/6320 4075/6322 4076/6323
f 4074/6321 4076/6323 4077/6324 4078/6325
f 4074/6321 4078/6325 654/6326 653/6318
f 4078/6325 4077/6324 4079/6327 4080/6328
f 4078/6325 4080/6328 4081/6329 654/6326
f 4080/6330 4079/6331 4082/6332 4083/6333
f 4080/6330 4083/6333 4084/6334 4081/6335
f 4084/6336 4083/6337 4085/6338 4086/6339
f 4086/6340 4085/6341 4087/6342 4088/6343
f 4086/6340 4088/6343 4089/6344 644/413
f 4089/6344 4088/6343 4090/6345 4091/6346
f 4089/6344 4091/6346 4092/6347 4093/6348
f 4089/6344 4093/6348 643/411 644/413
f 4093/6348 4092/6347 635/400 633/397
f 4093/6348 633/397 632/396 643/411
f 4092/6347 4091/6346 4094/6349 4095/6350
f 4092/6347 4095/6350 3183/4757 635/400
f 4095/6350 4094/6349 4096/6351 3186/4761
f 4095/6350 3186/4761 3184/4758 3183/4757
f 4096/6351 4094/6349 4097/6352 4098/6353
f 4096/6351 4098/6353 4099/6354 3189/6355
f 4096/6351 3189/6355 3187/4762 3186/4761
f 4099/6354 4098/6353 4100/6356 4101/6357
f 4099/6358 4101/6359 4102/6360 3192/4772
f 4099/6358 3192/4772 3190/4770 3189/6361
f 4102/6362 4101/6363 4103/6364 4104/6365
f 4102/6360 4104/6366 4105/6367 4106/6368
f 4102/6360 4106/6368 3193/4773 3192/4772
f 4106/6368 4105/6367 4107/6369 3197/6370
f 4106/6368 3197/6370 3194/4774 3193/4773
f 4107/6369 4105/6367 4108/6371 4109/6372
f 4107/6373 4109/6374 4110/6375 4111/6376
f 4107/6377 4111/6378 3198/4783 3197/4782
f 4111/6379 4110/6380 3205/6381 3203/6382
f 4111/6383 3203/6384 3199/4786 3198/4785
f 4110/6385 4109/6372 4112/6386 4113/6387
f 4110/6380 4113/6388 4114/6389 3205/6381
f 4114/6390 4113/6387 4115/6391 4116/6392
f 4114/6390 4116/6392 4117/6393 3208/4798
f 4114/6390 3208/4798 3206/4796 3205/4795
f 4117/6393 4116/6392 4118/6394 4119/6395
f 4117/6393 4119/6395 4120/6396 3211/4801
f 4117/6393 3211/4801 3209/4799 3208/4798
f 4120/6396 4119/6395 4121/6397 4122/6398
f 4120/6396 4122/6398 4123/6399 4124/6400
f 4120/6396 4124/6400 3212/4802 3211/4801
f 4124/6400 4123/6399 3219/4809 3217/4807
f 4124/6400 3217/4807 3213/4803 3212/4802
f 4123/6399 4122/6398 4125/6401 4126/6402
f 4123/6399 4126/6402 3221/4811 3219/4809
f 4126/6402 4125/6401 4127/6403 4128/6404
f 4126/6402 4128/6404 3223/4813 3221/4811
f 4128/6404 4127/6403 686/473 685/472
f 4128/6404 685/472 3225/4815 3223/4813
f 4127/6403 678/463 4129/6405 686/473
f 4127/6403 4125/6401 679/464 678/463
f 4129/6405 681/467 689/480 61/479
f 4129/6405 61/479 687/474 686/473
f 4129/6405 678/463 59/456 681/467
f 4125/6401 4122/6398 4121/6397 679/464
f 4121/6397 4130/6406 672/457 679/464
f 4121/6397 4119/6395 4118/6394 4130/6406
f 4130/6406 4131/6407 673/458 672/457
f 4130/6406 4118/6394 4132/6408 4131/6407
f 4132/6408 4133/6409 4134/6410 4131/6407
f 4132/6408 4118/6394 4116/6392 4115/6391
f 4132/6408 4115/6391 4135/6411 4133/6409
f 4135/6411 4136/6412 4137/6413 4133/6409
f 4135/6411 4115/6391 4113/6387 4112/6386
f 4135/6411 4112/6386 4138/6414 4136/6412
f 4138/6414 4139/6415 4140/6416 4136/6412
f 4138/6414 4112/6386 4109/6372 4108/6371
f 4138/6414 4108/6371 4141/6417 4139/6415
f 4141/6417 4142/6418 4143/6419 4139/6415
f 4141/6417 4108/6371 4105/6367 4104/6366
f 4141/6420 4104/6365 4103/6364 4142/6421
f 4143/6422 4144/6423 4145/6424 4146/6425
f 4143/6419 4146/6426 4140/6416 4139/6415
f 4143/6422 4142/6427 4147/6428 4144/6423
f 4147/6429 4148/6430 4149/6431 4144/6432
f 4147/6429 4142/6433 4103/6434 4150/6435
f 4147/6429 4150/6435 4151/6436 4148/6430
f 4151/6436 4152/6437 4153/6438 4148/6430
f 4151/6436 4150/6435 4100/6356 4154/6439
f 4151/6436 4154/6439 4155/6440 4152/6437
f 4155/6440 4087/6342 4156/6441 4152/6437
f 4155/6440 4154/6439 4097/6352 4090/6345
f 4155/6440 4090/6345 4088/6343 4087/6342
f 4156/6441 4157/6442 55/434 659/437
f 4156/6441 659/437 4153/6438 4152/6437
f 4156/6441 4087/6342 4085/6341 4157/6442
f 4157/6443 4082/6332 655/427 55/426
f 4157/6443 4085/6444 4083/6333 4082/6332
f 4154/6439 4100/6356 4098/6353 4097/6352
f 4153/6438 659/437 658/436 4158/6445
f 4153/6438 4158/6445 4149/6431 4148/6430
f 4158/6446 658/6447 4159/6448 4160/6449
f 4158/6450 4160/6451 4161/6452 4149/6453
f 4161/6452 4160/6451 4162/6454 4163/6455
f 4161/6452 4163/6455 4164/6456 4145/6424
f 4161/6452 4145/6424 4144/6423 4149/6453
f 4164/6457 4163/6458 4165/6459 4166/6460
f 4164/6457 4166/6460 4167/6461 4168/6462
f 4164/6457 4168/6462 4146/6426 4145/6463
f 4168/6462 4167/6461 4169/6464 4170/6465
f 4168/6462 4170/6465 4140/6416 4146/6426
f 4170/6465 4169/6464 4171/6466 4137/6413
f 4170/6465 4137/6413 4136/6412 4140/6416
f 4171/6466 4169/6464 4172/6467 4173/6468
f 4171/6466 4173/6468 674/459 4134/6410
f 4171/6466 4134/6410 4133/6409 4137/6413
f 4173/6468 4172/6467 4174/6469 4175/6470
f 4173/6471 4175/6472 675/6473 674/6474
f 4175/6470 4174/6469 4176/6475 4177/6476
f 4175/6470 4177/6476 676/461 675/460
f 4177/6476 4176/6475 4178/6477 4179/6478
f 4177/6476 4179/6478 4180/6479 676/461
f 4180/6479 4179/6478 4181/6480 4182/6481
f 4180/6479 4182/6481 4183/6482 694/489
f 4180/6479 694/489 677/462 676/461
f 4183/6482 4182/6481 4184/6483 4185/6484
f 4183/6482 4185/6484 4186/6485 4187/6486
f 4183/6482 4187/6486 680/466 694/489
f 4187/6486 4186/6485 690/481 689/480
f 4187/6486 689/480 681/467 680/466
f 4186/6485 4185/6484 4188/6487 4189/6488
f 4186/6485 4189/6488 4190/6489 690/481
f 4190/6489 4189/6488 4191/6490 4192/6491
f 4190/6489 4192/6491 711/527 716/6492
f 4190/6489 716/6492 691/482 690/481
f 4192/6491 4191/6490 4193/6493 4194/6494
f 4192/6491 4194/6494 712/528 711/527
f 4194/6494 4193/6493 708/516 707/515
f 4194/6495 707/6496 73/6497 712/6498
f 4193/6493 4195/6499 752/595 708/516
f 4193/6493 4191/6490 4196/6500 4195/6499
f 4196/6500 4197/6501 4198/6502 4195/6499
f 4196/6500 4191/6490 4189/6488 4188/6487
f 4196/6500 4188/6487 4199/6503 4197/6501
f 4199/6503 4200/6504 4201/6505 4197/6501
f 4199/6503 4188/6487 4185/6484 4184/6483
f 4199/6503 4184/6483 4202/6506 4200/6504
f 4202/6506 4203/6507 4204/6508 4200/6504
f 4202/6506 4184/6483 4182/6481 4181/6480
f 4202/6506 4181/6480 4205/6509 4203/6507
f 4205/6509 4206/6510 4207/6511 4203/6507
f 4205/6509 4181/6480 4179/6478 4178/6477
f 4205/6509 4178/6477 4208/6512 4206/6510
f 4208/6512 4209/6513 4210/6514 4206/6510
f 4208/6512 4178/6477 4176/6475 4211/6515
f 4208/6512 4211/6515 4212/6516 4209/6513
f 4212/6516 4213/6517 4214/6518 4209/6513
f 4212/6516 4211/6515 4215/6519 4216/6520
f 4212/6516 4216/6520 4217/6521 4213/6517
f 4217/6521 4218/6522 4219/6523 4213/6517
f 4217/6521 4216/6520 4220/6524 4221/6525
f 4217/6521 4221/6525 4222/6526 4218/6522
f 4222/6527 4223/6528 4224/6529 4218/6530
f 4222/6526 4221/6525 4165/6459 4225/6531
f 4222/6527 4225/6532 4226/6533 4223/6528
f 4226/6534 4227/6535 4228/6536 4223/6537
f 4226/6534 4225/6538 4162/6539 4229/6540
f 4226/6534 4229/6540 651/6541 4227/6535
f 4229/6542 4162/6454 4160/6451 4159/6543
f 4229/6542 4159/6543 54/414 651/421
f 4228/6536 4230/6544 4231/6545 4232/6546
f 4228/6536 4232/6546 4224/6547 4223/6537
f 4228/6536 4227/6535 4233/6548 4230/6544
f 4233/6548 4234/6549 4235/6550 4230/6544
f 4233/6548 4227/6535 651/6541 650/6551
f 4233/6548 650/6551 4236/6552 4234/6549
f 4236/6552 4237/6553 4238/6554 4234/6549
f 4236/6552 650/6551 649/6555 4239/6556
f 4236/6552 4239/6556 4240/6557 4237/6553
f 4240/6557 4239/6556 4241/6558 4242/6559
f 4240/6557 4242/6559 4243/6560 4244/6561
f 4240/6557 4244/6561 4245/6562 4237/6553
f 4245/6562 4246/6563 4238/6554 4237/6553
f 4245/6562 4244/6561 1011/1092 4247/6564
f 4245/6562 4247/6564 4248/6565 4246/6563
f 4248/6565 881/849 4249/6566 4246/6563
f 4248/6565 4247/6564 1026/6567 4250/6568
f 4248/6565 4250/6568 882/850 881/849
f 4250/6568 1026/6567 1025/6569 4251/6570
f 4250/6568 4251/6570 131/1109 882/850
f 4251/6570 1025/6569 1024/6571 4252/6572
f 4251/6570 4252/6572 1022/1115 131/1109
f 4252/6572 1024/6571 4253/6573 4254/6574
f 4252/6572 4254/6574 4255/6575 1022/1115
f 4255/6575 4256/6576 1023/1116 1022/1115
f 4255/6575 4254/6574 4257/6577 4258/6578
f 4255/6575 4258/6578 4259/6579 4256/6576
f 4259/6579 4260/6580 4261/6581 4256/6576
f 4259/6582 4258/6583 4262/6584 4263/6585
f 4259/6582 4263/6585 4264/6586 4260/6587
f 4264/6588 4265/6589 4266/6590 4260/6591
f 4264/6588 4263/6592 4267/6593 4268/6594
f 4264/6588 4268/6594 4269/6595 4265/6589
f 4269/6595 4270/6596 4271/6597 4265/6589
f 4269/6595 4268/6594 4272/6598 4273/6599
f 4269/6595 4273/6599 4274/6600 4270/6596
f 4274/6600 992/1061 991/1060 4270/6596
f 4274/6600 4273/6599 967/1016 966/1015
f 4274/6600 966/1015 125/1062 992/1061
f 4273/6599 4272/6598 4275/6601 967/1016
f 4275/6601 4272/6598 4276/6602 4277/6603
f 4275/6601 4277/6603 4278/6604 972/1027
f 4275/6601 972/1027 120/1013 967/1016
f 4278/6604 4277/6603 4279/6605 4280/6606
f 4278/6604 4280/6606 4281/6607 4282/6608
f 4278/6604 4282/6608 973/1030 972/1027
f 4282/6608 4281/6607 4283/6609 4284/6610
f 4282/6608 4284/6610 4285/6611 973/1030
f 4285/6611 4286/6612 974/1028 973/1030
f 4285/6611 4284/6610 4287/6613 4288/6614
f 4285/6611 4288/6614 4289/6615 4286/6612
f 4289/6615 4290/6616 4291/6617 4292/6618
f 4289/6615 4292/6618 4293/6619 4286/6612
f 4289/6615 4288/6614 4294/6620 4290/6616
f 4294/6620 4295/6621 4296/6622 4290/6616
f 4294/6620 4288/6614 4287/6613 4297/6623
f 4294/6620 4297/6623 4298/6624 4295/6621
f 4298/6625 4299/6626 4300/6627 4295/6628
f 4298/6624 4297/6623 4301/6629 4302/6630
f 4298/6624 4302/6630 4303/6631 4299/6632
f 4303/6633 4304/6634 4305/6635 4299/6636
f 4303/6631 4302/6630 4306/6637 4307/6638
f 4303/6633 4307/6639 4308/6640 4304/6634
f 4308/6640 4309/6641 4310/6642 4304/6634
f 4308/6643 4307/6644 4311/6645 4312/6646
f 4308/6640 4312/6647 4313/6648 4309/6641
f 4313/6648 4314/6649 4315/6650 4309/6641
f 4313/6651 4312/6646 4316/6652 4317/6653
f 4313/6651 4317/6653 4318/6654 4314/6655
f 4318/6654 4319/6656 4320/6657 4314/6655
f 4318/6654 4317/6653 4321/6658 4322/6659
f 4318/6654 4322/6659 4323/6660 4319/6656
f 4323/6661 4322/6662 4324/6663 4325/6664
f 4326/6665 3774/5771 3771/5775 3760/5748
f 4327/6666 4059/6667 3776/6668 3775/6669
f 4328/6670 4329/6671 3782/6672 3781/6673 4059/6674
f 4329/6675 4330/6676 3787/6677 3782/6678
f 4330/6679 4333/6680 3787/6681
f 4330/6682 4332/6683 4333/6684
f 4333/5800 4334/6685 3789/5801
f 4334/6686 4325/6664 4324/6663 3793/5814
f 4334/6686 3793/5814 3790/5803 3789/5802
f 4324/6663 4322/6662 4321/6687 4335/6688
f 4324/6663 4335/6688 3794/5815 3793/5814
f 4335/6688 4321/6687 4336/6689 4337/6690
f 4335/6688 4337/6690 4338/6691 3794/5815
f 4338/6691 4337/6690 4339/6692 4340/6693
f 4338/6691 4340/6693 4341/6694 4342/6695
f 4338/6691 4342/6695 3795/5816 3794/5815
f 4342/6696 4341/6697 4343/6698 4344/6699
f 4342/6695 4344/6700 3796/5817 3795/5816
f 4344/6699 4343/6698 4345/6701 4346/6702
f 4344/6700 4346/6703 3798/5819 3796/5817
f 4346/6702 4345/6701 4347/6704 4348/6705
f 4346/6703 4348/6706 3800/5821 3798/5819
f 4348/6705 4347/6704 4349/6707 4350/6708
f 4348/6706 4350/6709 4351/6710 3800/5821
f 4351/6710 3804/5825 3801/5822 3800/5821
f 4351/6710 4350/6709 4352/6711 4353/6712
f 4351/6710 4353/6712 3809/5836 3804/5825
f 4353/6712 4352/6711 4354/6713 3814/6714
f 4353/6712 3814/6714 3810/5837 3809/5836
f 4354/6715 4352/6716 4355/6717 4356/6718
f 4354/6719 4356/6720 4357/6721 3817/5855
f 4354/6719 3817/5855 3815/5852 3814/5851
f 4357/6722 4356/6723 4358/6724 4359/6725
f 4357/6722 4359/6725 4360/6726 3820/5862
f 4357/6722 3820/5862 3818/5861 3817/6727
f 4360/6726 4359/6725 4361/6728 4362/6729
f 4360/6726 4362/6729 4363/6730 4364/6731
f 4360/6726 4364/6731 3821/5863 3820/5862
f 4364/6731 4363/6730 3845/5906 4365/6732
f 4364/6731 4365/6732 3822/5864 3821/5863
f 4365/6732 3845/5906 3843/5904 3842/5903
f 4365/6732 3842/5903 3824/5870 3822/5864
f 4363/6730 4362/6729 4366/6733 3848/5909
f 4363/6730 3848/5909 3846/5907 3845/5906
f 4366/6733 4362/6729 4361/6728 4367/6734
f 4366/6733 4367/6734 4368/6735 4369/6736
f 4366/6733 4369/6736 3849/5910 3848/5909
f 4369/6736 4368/6735 4370/6737 4371/6738
f 4369/6736 4371/6738 3850/5911 3849/5910
f 4371/6738 4370/6737 4372/6739 4373/6740
f 4371/6738 4373/6740 3852/5913 3850/5911
f 4373/6740 4372/6739 4374/6741 4375/6742
f 4373/6740 4375/6742 3854/5915 3852/5913
f 4375/6742 4374/6741 4376/6743 4377/6744
f 4375/6742 4377/6744 3856/5917 3854/5915
f 4377/6744 4376/6743 4378/6745 4379/6746
f 4377/6744 4379/6746 3862/5924 3856/5917
f 4379/6746 4378/6745 4380/6747 4381/6748
f 4379/6746 4381/6748 3863/5925 3862/5924
f 4381/6749 4380/6750 4382/6751 3868/6752
f 4381/6753 3868/6754 3864/5928 3863/5927
f 4382/6751 4380/6750 4383/6755 4384/6756
f 4382/6751 4384/6756 3873/5941 3871/5939
f 4382/6751 3871/5939 3869/5938 3868/6752
f 4384/6757 4383/6758 4385/6759 4386/6760
f 4384/6761 4386/6762 3875/5946 3873/5945
f 4386/6760 4385/6759 4387/6763 4388/6764
f 4386/6762 4388/6765 3877/5948 3875/5946
f 4388/6764 4387/6763 4389/6766 4390/6767
f 4388/6765 4390/6768 4391/6769 3877/5948
f 4391/6769 4390/6768 4392/6770 4393/6771
f 4391/6769 4393/6771 4394/6772 3880/5951
f 4391/6769 3880/5951 3878/5949 3877/5948
f 4394/6772 4393/6771 4395/6773 4396/6774
f 4394/6772 4396/6774 4397/6775 4398/6776
f 4394/6772 4398/6776 3881/5952 3880/5951
f 4398/6776 4397/6775 4399/6777 4400/6778
f 4398/6776 4400/6778 3882/5953 3881/5952
f 4400/6779 4399/6780 4401/6781 3890/6782
f 4400/6783 3890/6784 3884/5961 3882/5960
f 4401/6785 4399/6777 4402/6786 4403/6787
f 4401/6788 4403/6789 4404/6790 4405/6791
f 4401/6788 4405/6791 3891/6792 3890/6793
f 4405/6794 4404/6795 4406/6796 4407/6797
f 4405/6794 4407/6797 3892/5972 3891/5971
f 4407/6798 4406/6799 4408/6800 4409/6801
f 4407/6798 4409/6801 3894/5976 3892/5975
f 4409/6802 4408/6803 4410/6804 4411/6805
f 4409/6801 4411/6806 4412/6807 3894/5976
f 4412/6808 4411/6809 4413/6810 4414/6811
f 4412/6808 4414/6811 1058/1173 1057/1172
f 4412/6807 1057/5981 3895/5977 3894/5976
f 4414/6812 4413/6813 4415/6814 1245/1495
f 4414/6812 1245/1495 1061/1494 1058/6815
f 4415/6814 4416/6816 4417/6817 4418/6818
f 4415/6814 4418/6818 1246/1496 1245/1495
f 4415/6814 4413/6813 4419/6819 4416/6816
f 4419/6819 4420/6820 4421/6821 4416/6816
f 4419/6822 4413/6823 4411/6824 4410/6825
f 4419/6819 4410/6826 4422/6827 4420/6820
f 4422/6827 4423/6828 4424/6829 4420/6820
f 4422/6830 4410/6804 4408/6803 4425/6831
f 4422/6832 4425/6833 4426/6834 4423/6835
f 4426/6834 4427/6836 4428/6837 4423/6835
f 4426/6838 4425/6839 4429/6840 4430/6841
f 4426/6838 4430/6841 4431/6842 4427/6843
f 4431/6844 1013/1094 1012/1093 4432/6845
f 4431/6846 4432/6847 4433/6848 4427/6836
f 4431/6849 4430/6850 1014/1097 1013/1096
f 4433/6851 4432/6845 4434/6852 4435/6853
f 4433/6854 4435/6855 4436/6856 4437/6857
f 4433/6848 4437/6858 4428/6837 4427/6836
f 4437/6857 4436/6856 866/819 865/818
f 4437/6858 865/6859 4438/6860 4428/6837
f 4438/6861 865/818 864/817 4439/6862
f 4438/6863 4439/6864 4440/6865 4424/6829
f 4438/6860 4424/6866 4423/6835 4428/6837
f 4440/6865 4439/6864 4441/6867 4442/6868
f 4440/6865 4442/6868 4443/6869 4421/6821
f 4440/6865 4421/6821 4420/6820 4424/6829
f 4443/6869 4442/6868 1003/1076 4444/6870
f 4443/6869 4444/6870 4445/6871 4417/6817
f 4443/6869 4417/6817 4416/6816 4421/6821
f 4445/6871 4444/6870 4446/6872 4447/6873
f 4445/6871 4447/6873 4448/6874 4449/6875
f 4445/6871 4449/6875 4418/6818 4417/6817
f 4449/6875 4448/6874 4450/6876 1247/1499
f 4449/6875 1247/1499 1246/1496 4418/6818
f 4450/6876 4448/6874 898/883 4451/6877
f 4450/6876 4451/6877 4452/6878 1054/1162
f 4450/6876 1054/1162 1053/1161 1247/1499
f 4452/6878 4451/6877 4453/6879 4454/6880
f 4452/6878 4454/6880 4455/6881 4456/6882
f 4452/6878 4456/6882 1055/1163 1054/1162
f 4456/6882 4455/6881 4457/6883 4458/6884
f 4456/6882 4458/6884 4459/6885 1055/1163
f 4459/6885 4458/6884 4460/6886 4461/6887
f 4459/6885 4461/6887 4462/6888 4463/6889
f 4459/6885 4463/6889 138/1160 1055/1163
f 4462/6888 4461/6887 4464/6890 4465/6891
f 4462/6888 4465/6891 4466/6892 4467/6893
f 4462/6888 4467/6893 4468/6894 4463/6889
f 4467/6893 4466/6892 4469/6895 4470/6896
f 4467/6893 4470/6896 4471/6897 4468/6894
f 4471/6898 4470/6899 3901/6900 1049/6901
f 4470/6896 4469/6895 3902/6902 3901/6903
f 4469/6895 4466/6892 4472/6904 3906/6008
f 4469/6895 3906/6008 3903/6007 3902/6902
f 4472/6904 4466/6892 4465/6891 4473/6905
f 4472/6904 4473/6905 4474/6906 4475/6907
f 4472/6904 4475/6907 3907/6009 3906/6008
f 4475/6908 4474/6909 1183/6910 1184/6911
f 4475/6907 1184/6912 3908/6010 3907/6009
f 4474/6906 4473/6905 4476/6913 4477/6914
f 4474/6909 4477/6915 1175/6916 1183/6910
f 4477/6914 4476/6913 4478/6917 4479/6918
f 4477/6915 4479/6919 1176/6920 1175/6916
f 4479/6918 4478/6917 1206/1430 1194/1429
f 4479/6921 1194/1408 1179/1377 1176/1373
f 4478/6917 4480/6922 1241/1486 1206/1430
f 4478/6917 4476/6913 4464/6890 4480/6922
f 4480/6922 4460/6886 4481/6923 1241/1486
f 4480/6922 4464/6890 4461/6887 4460/6886
f 4481/6923 4457/6883 4482/6924 4483/6925
f 4481/6923 4483/6925 1207/1432 1241/1486
f 4481/6923 4460/6886 4458/6884 4457/6883
f 4483/6925 4482/6924 4484/6926 1242/6927
f 4483/6925 1242/6927 175/1433 1207/1432
f 4484/6928 4485/6929 4486/6930 4487/6931
f 4484/6928 4487/6931 1243/6932 1242/6933
f 4484/6926 4482/6924 4488/6934 4485/6935
f 4488/6934 4482/6924 4457/6883 4455/6881
f 4488/6934 4455/6881 4454/6880 4489/6936
f 4490/6937 4491/6938 4492/6939 4493/6940
f 4493/6941 4492/6942 4494/6943 4495/6944
f 4493/6941 4495/6944 4496/6945 4497/6946
f 4498/6947 4499/6948 4500/6949 4501/6950
f 4500/6949 4499/6948 4486/6930 4485/6929
f 4499/6951 4497/6946 4502/6952 4486/6953
f 4502/6952 4497/6946 4496/6945 4503/6954
f 4502/6952 4503/6954 4504/6955 4505/6956
f 4502/6952 4505/6956 4487/6957 4486/6953
f 4505/6956 4504/6955 4506/6958 1244/1492
f 4505/6956 1244/1492 1243/1491 4487/6957
f 4506/6958 4504/6955 4507/6959 4508/6960
f 4506/6958 4508/6960 1152/6961 1155/1391
f 4506/6958 1155/1391 1186/1390 1244/1492
f 4508/6960 4507/6959 4023/6221 4021/6217
f 4508/6960 4021/6217 1153/6216 1152/6961
f 4507/6959 4504/6955 4503/6954 4509/6962
f 4507/6959 4509/6962 4510/6963 4023/6221
f 4510/6963 4509/6962 4511/6964 4512/6965
f 4510/6963 4512/6965 4513/6966 4026/6224
f 4510/6963 4026/6224 4024/6222 4023/6221
f 4513/6966 4512/6965 4514/6967 4515/6968
f 4513/6966 4515/6968 4516/6969 4029/6970
f 4513/6966 4029/6970 4027/6225 4026/6224
f 4516/6969 4515/6968 4517/6971 4518/6972
f 4516/6973 4518/6974 4519/6975 4520/6976
f 4516/6973 4520/6976 4030/6233 4029/6232
f 4520/6977 4519/6978 4521/6979 4522/6980
f 4520/6977 4522/6980 4031/6238 4030/6981
f 4522/6980 4521/6979 4523/6982 4524/6983
f 4522/6980 4524/6983 4033/6239 4031/6238
f 4524/6983 4523/6982 4525/6984 4526/6985
f 4524/6983 4526/6985 4035/6241 4033/6239
f 4525/6984 4523/6982 4527/6986 4528/6987
f 4525/6988 4528/6989 4529/6990 4530/6991
f 4525/6988 4530/6991 508/6992 4526/6993
f 4530/6994 4529/6995 4531/6996 4532/6997
f 4530/6994 4532/6997 509/160 508/159
f 4532/6997 4531/6996 4533/6998 4534/6999
f 4532/6997 4534/6999 4535/7000 509/160
f 4535/7000 4534/6999 4536/7001 537/215
f 4535/7000 537/215 536/214 4537/7002
f 4535/7000 4537/7002 505/156 509/160
f 4537/7002 536/214 538/218 4538/7003
f 4537/7002 4538/7003 506/157 505/156
f 4538/7003 538/218 4539/7004 4041/6253
f 4538/7003 4041/6253 4039/6251 506/157
f 4539/7004 538/218 535/217 4540/7005
f 4539/7004 4540/7005 4046/6260 4044/6256
f 4539/7004 4044/6256 4042/6254 4041/6253
f 4540/7005 535/217 44/7006 4051/6270
f 4540/7005 4051/6270 4048/6263 4046/6260
f 4536/7001 4534/6999 4533/6998 4541/7007
f 4536/7001 4541/7007 4542/7008 531/7009
f 4536/7001 531/7009 530/216 537/215
f 4542/7008 4541/7007 4543/7010 4544/7011
f 4542/7008 4544/7011 4545/7012 4546/7013
f 4542/7008 4546/7013 532/206 531/7009
f 4546/7013 4545/7012 4547/7014 4548/7015
f 4546/7013 4548/7015 533/207 532/206
f 4548/7016 4547/7017 4549/7018 4550/7019
f 4548/7016 4550/7019 605/7020 533/7021
f 4550/7022 4549/7023 4066/7024 4064/7025
f 4550/7022 4064/7025 606/340 605/339
f 4549/7018 4547/7017 4551/7026 4552/7027
f 4549/7028 4552/7029 4068/7030 4066/7031
f 4552/7027 4551/7026 4553/7032 4554/7033
f 4552/7029 4554/7034 4070/7035 4068/7030
f 4554/7033 4553/7032 4555/7036 4556/7037
f 4554/7038 4556/7039 4072/7040 4070/7041
f 4556/7042 4555/7043 4557/7044 4558/7045
f 4556/7039 4558/7046 4559/7047 4072/7040
f 4559/7047 4558/7046 4560/7048 4561/7049
f 4559/7050 4561/7051 4562/7052 4075/7053
f 4559/7054 4075/6322 4073/6320 4072/6319
f 4562/7052 4561/7051 846/7055 845/7056
f 4562/7057 845/779 844/778 4563/7058
f 4562/7057 4563/7058 4076/6323 4075/6322
f 4563/7058 844/778 4564/7059 4565/7060
f 4563/7058 4565/7060 4077/6324 4076/6323
f 4565/7060 4564/7059 4566/7061 4567/7062
f 4565/7060 4567/7062 4079/6327 4077/6324
f 4567/7063 655/427 4082/6332 4079/6331
f 3788/7064 4568/7065 657/7066 656/7067
f 4566/7061 4564/7059 4568/7068 3788/7069
f 4568/7068 843/777 646/7070 657/7071
f 4568/7068 4564/7059 844/778 843/777
f 4566/7072 3788/7073 656/428 655/427 4567/7063
f 4561/7049 4560/7048 4569/7074 846/781
f 4569/7075 4570/7076 4571/7077 4572/7078
f 4569/7074 4572/7079 841/774 846/781
f 4569/7075 4560/7080 4573/7081 4570/7076
f 4573/7082 4574/7083 4575/7084 4570/7085
f 4573/7082 4560/7086 4558/7045 4557/7044
f 4573/7082 4557/7044 4576/7087 4574/7083
f 4576/7087 4577/7088 4578/7089 4574/7083
f 4576/7087 4557/7044 4555/7043 4579/7090
f 4576/7087 4579/7090 4580/7091 4577/7088
f 4580/7091 4581/7092 4582/7093 4577/7088
f 4580/7091 4579/7090 4583/7094 4584/7095
f 4580/7091 4584/7095 4585/7096 4581/7092
f 4585/7096 4586/7097 4587/7098 4581/7092
f 4585/7096 4584/7095 4588/7099 4589/7100
f 4585/7096 4589/7100 4590/7101 4586/7097
f 4590/7101 811/726 810/725 4586/7097
f 4590/7101 4589/7100 4543/7010 4591/7102
f 4590/7101 4591/7102 4592/7103 811/726
f 4592/7103 4593/7104 807/727 811/726
f 4592/7103 4591/7102 4533/6998 4531/6996
f 4592/7103 4531/6996 4529/6995 4593/7104
f 4593/7105 4594/7106 90/720 807/719
f 4593/7105 4529/6990 4528/6989 4594/7106
f 4594/7107 4595/7108 812/729 90/728
f 4594/7106 4528/6989 4527/7109 4595/7110
f 4595/7110 4596/7111 4597/7112 812/7113
f 4595/7110 4527/7109 4598/7114 4596/7111
f 4598/7114 4599/7115 4600/7116 4596/7111
f 4598/7117 4527/6986 4523/6982 4521/6979
f 4598/7114 4521/7118 4519/6975 4599/7115
f 4600/7116 578/290 4601/7119 4602/7120
f 4600/7116 4602/7120 4597/7112 4596/7111
f 4600/7116 4599/7115 579/291 578/290
f 4602/7121 4601/7122 4603/7123 826/7124
f 4602/7121 826/7124 825/7125 4597/7126
f 4603/7127 4604/7128 4605/7129 4606/7130
f 4603/7127 4606/7130 827/749 826/748
f 4603/7131 4601/7132 4607/7133 4604/7134
f 4607/7135 856/7136 837/764 4604/7137
f 4607/7133 4601/7132 578/7138 37/7139
f 4607/7140 37/286 577/289 856/801
f 4606/7130 4608/7141 828/750 827/749
f 4606/7130 4605/7129 4609/7142 4608/7141
f 4609/7143 4610/7144 906/894 4608/7145
f 4609/7146 4605/7147 836/7148 835/7149
f 4609/7146 835/7149 888/7150 4610/7151
f 4610/7144 4611/7152 902/890 906/894
f 4610/7151 888/7150 887/7153 4611/7154
f 4611/7152 1136/7155 903/891 902/890
f 4611/7156 887/864 892/872 1136/1301
f 4608/7145 906/894 905/893 828/7157
f 4605/7147 4604/7158 837/7159 836/7148
f 4599/7115 4519/6975 4518/6974 579/291
f 4597/7126 825/7125 813/730 812/729
f 4591/7102 4543/7010 4541/7007 4533/6998
f 4589/7100 4588/7099 4544/7011 4543/7010
f 4588/7099 4584/7095 4583/7094 4612/7160
f 4588/7099 4612/7160 4545/7012 4544/7011
f 4612/7160 4583/7094 4553/7161 4551/7162
f 4612/7160 4551/7162 4547/7014 4545/7012
f 4587/7098 809/724 817/738 816/737
f 4587/7098 816/737 4582/7093 4581/7092
f 4587/7098 4586/7097 810/725 809/724
f 4583/7094 4579/7090 4555/7043 4553/7161
f 4582/7093 816/737 91/736 824/745
f 4582/7093 824/745 4578/7089 4577/7088
f 4578/7089 824/745 823/744 4613/7163
f 4578/7089 4613/7163 4575/7084 4574/7083
f 4613/7164 823/5626 850/5625 849/7165
f 4613/7164 849/7165 4614/7166 4575/7167
f 4614/7168 849/789 95/784 852/792
f 4614/7166 852/7169 4615/7170 4571/7077
f 4614/7166 4571/7077 4570/7076 4575/7167
f 4615/7171 852/792 851/791 4616/7172
f 4615/7170 4616/7173 4617/7174 4618/7175
f 4615/7170 4618/7175 4572/7078 4571/7077
f 4618/7175 4617/7174 4619/7176 842/7177
f 4618/7175 842/7177 841/7178 4572/7078
f 4619/7179 4620/7180 840/771 842/775
f 4619/7181 4617/7182 4621/7183 4622/7184
f 4619/7179 4622/7185 4623/7186 4620/7180
f 4623/7186 4242/6559 4241/6558 4620/7180
f 4623/7186 4622/7185 4435/6853 4434/6852
f 4623/7186 4434/6852 4243/6560 4242/6559
f 4622/7184 4621/7183 4436/6856 4435/6855
f 4621/7183 4617/7182 4616/7172 4624/7187
f 4621/7183 4624/7187 866/819 4436/6856
f 4624/7187 4616/7172 851/791 861/812
f 4624/7187 861/812 99/811 866/819
f 4620/7180 4241/6558 648/772 840/771
f 4518/6972 4517/6971 573/7188 579/7189
f 4517/7190 4625/7191 574/284 573/283
f 4517/6971 4515/6968 4514/6967 4625/7192
f 4625/7191 4626/7193 4627/7194 574/284
f 4625/7192 4514/6967 4628/7195 4626/7196
f 4628/7195 4495/6944 4494/6943 4626/7196
f 4628/7195 4514/6967 4512/6965 4511/6964
f 4628/7195 4511/6964 4496/6945 4495/6944
f 4627/7197 1249/1510 180/1509 4629/7198
f 4627/7194 4629/7199 575/285 574/284
f 4627/7197 4626/7200 4494/7201 1249/1510
f 4629/7202 180/1513 1253/1516 4630/7203
f 4629/7204 4630/7205 576/288 575/287
f 4630/7203 1253/1516 1137/1302 4631/7206
f 4630/7205 4631/7207 853/799 576/288
f 4631/7206 1137/1302 1134/1298 4632/7208
f 4631/7206 4632/7208 854/796 853/795
f 4632/7208 1134/1298 891/870 890/869
f 4632/7208 890/869 839/768 854/796
f 4511/6964 4509/6962 4503/6954 4496/6945
f 4494/7201 4492/6939 1250/1511 1249/1510
f 4492/6939 4491/6938 900/1517 1250/1511
f 4491/7209 4453/6879 897/882 900/886
f 4476/6913 4473/6905 4465/6891 4464/6890
f 4453/6879 4451/6877 898/883 897/882
f 4448/6874 4447/6873 899/884 898/883
f 4447/6873 4446/6872 901/887 899/884
f 4446/6872 1002/1075 1005/1078 901/887
f 4446/6872 4444/6870 1003/1076 1002/1075
f 4442/6868 4441/6867 1004/1077 1003/1076
f 4441/7210 867/7211 4633/7212 1004/7213
f 4441/7214 4439/6862 864/817 867/821
f 4633/7215 931/7216 930/939 1000/7217
f 4633/7218 1000/7219 127/7220 1004/7221
f 4633/7215 867/821 863/820 931/7216
f 4434/6852 4432/6845 1012/1093 4243/6560
f 4430/7222 4429/7223 4634/7224 1014/7225
f 4634/7224 4429/7223 4406/6799 4404/7226
f 4634/7227 4404/7228 4403/7229 4635/7230
f 4634/7227 4635/7230 1015/7231 1014/7232
f 4635/7233 4403/7234 4402/7235 4636/7236
f 4635/7233 4636/7236 1006/1081 1015/1100
f 4636/7237 4402/6786 4637/7238 4638/7239
f 4636/7237 4638/7239 1007/1084 1006/7240
f 4638/7239 4637/7238 4639/7241 4640/7242
f 4638/7239 4640/7242 1008/1085 1007/1084
f 4640/7242 4639/7241 4641/7243 4642/7244
f 4640/7242 4642/7244 4643/7245 1008/1085
f 4643/7245 4644/7246 1009/1086 1008/1085
f 4643/7245 4642/7244 4645/7247 4646/7248
f 4643/7245 4646/7248 4647/7249 4644/7246
f 4647/7250 4648/7251 4649/7252 4644/7253
f 4647/7250 4646/7254 4650/7255 4651/7256
f 4647/7250 4651/7256 4652/7257 4648/7251
f 4652/7257 4653/7258 4654/7259 4648/7251
f 4652/7260 4651/7261 4655/7262 4656/7263
f 4652/7260 4656/7263 4657/7264 4653/7265
f 4657/7264 4658/7266 4659/7267 4653/7265
f 4657/7264 4656/7263 4660/7268 4661/7269
f 4657/7264 4661/7269 4662/7270 4658/7266
f 4662/7270 4663/7271 4664/7272 4658/7266
f 4662/7270 4661/7269 4665/7273 4666/7274
f 4662/7270 4666/7274 4279/6605 4663/7271
f 4666/7274 4665/7273 4667/7275 4668/7276
f 4666/7274 4668/7276 4280/6606 4279/6605
f 4668/7276 4667/7275 4669/7277 4670/7278
f 4668/7276 4670/7278 4281/6607 4280/6606
f 4670/7278 4669/7277 4671/7279 4672/7280
f 4670/7278 4672/7280 4283/6609 4281/6607
f 4672/7280 4671/7279 4673/7281 4674/7282
f 4672/7280 4674/7282 4675/7283 4283/6609
f 4675/7283 4287/6613 4284/6610 4283/6609
f 4675/7283 4674/7282 4676/7284 4301/6629
f 4675/7283 4301/6629 4297/6623 4287/6613
f 4676/7284 4306/6637 4302/6630 4301/6629
f 4676/7284 4674/7282 4673/7281 4677/7285
f 4676/7284 4677/7285 4678/7286 4306/6637
f 4678/7286 4311/7287 4307/6638 4306/6637
f 4678/7286 4677/7285 4679/7288 4680/7289
f 4678/7286 4680/7289 4681/7290 4311/7287
f 4681/7291 4316/6652 4312/6646 4311/6645
f 4681/7290 4680/7289 4682/7292 4683/7293
f 4681/7291 4683/7294 4336/7295 4316/6652
f 4683/7293 4682/7292 4684/7296 4339/7297
f 4683/7298 4339/6692 4337/6690 4336/6689
f 4684/7296 4682/7292 4685/7299 4686/7300
f 4684/7296 4686/7300 4687/7301 4688/7302
f 4684/7296 4688/7302 4340/7303 4339/7297
f 4688/7302 4687/7301 4689/7304 4690/7305
f 4688/7302 4690/7305 4341/7306 4340/7303
f 4690/7305 4689/7304 4691/7307 4692/7308
f 4690/7305 4692/7308 4343/7309 4341/7306
f 4692/7308 4691/7307 4693/7310 4694/7311
f 4692/7308 4694/7311 4345/7312 4343/7309
f 4694/7311 4693/7310 4695/7313 4696/7314
f 4694/7311 4696/7314 4347/7315 4345/7312
f 4696/7314 4695/7313 4697/7316 4698/7317
f 4696/7314 4698/7317 4349/7318 4347/7315
f 4698/7317 4697/7316 4699/7319 4700/7320
f 4698/7317 4700/7320 4355/7321 4349/7318
f 4700/7320 4699/7319 4701/7322 4358/6724
f 4700/7320 4358/6724 4356/6723 4355/7321
f 4701/7322 4699/7319 4702/7323 4703/7324
f 4701/7322 4703/7324 4367/6734 4361/6728
f 4701/7322 4361/6728 4359/6725 4358/6724
f 4703/7324 4702/7323 4704/7325 4705/7326
f 4703/7324 4705/7326 4368/6735 4367/6734
f 4705/7326 4704/7325 4706/7327 4707/7328
f 4705/7326 4707/7328 4370/6737 4368/6735
f 4707/7328 4706/7327 4708/7329 4709/7330
f 4707/7328 4709/7330 4372/6739 4370/6737
f 4709/7330 4708/7329 4710/7331 4711/7332
f 4709/7330 4711/7332 4374/6741 4372/6739
f 4711/7332 4710/7331 4712/7333 4713/7334
f 4711/7332 4713/7334 4376/6743 4374/6741
f 4713/7334 4712/7333 4714/7335 4715/7336
f 4713/7334 4715/7336 4378/6745 4376/6743
f 4715/7336 4714/7335 4385/7337 4383/7338
f 4715/7336 4383/7338 4380/6747 4378/6745
f 4714/7335 4712/7333 4716/7339 4717/7340
f 4714/7335 4717/7340 4387/7341 4385/7337
f 4717/7340 4716/7339 4718/7342 4719/7343
f 4717/7340 4719/7343 4389/7344 4387/7341
f 4719/7343 4718/7342 4720/7345 4721/7346
f 4719/7343 4721/7346 4722/7347 4389/7344
f 4722/7347 4721/7346 4723/7348 4724/7349
f 4722/7350 4724/7351 4725/7352 4392/7353
f 4722/7350 4392/7353 4390/6767 4389/6766
f 4725/7352 4724/7351 4726/7354 4727/7355
f 4725/7356 4727/7357 4641/7243 4395/6773
f 4725/7356 4395/6773 4393/6771 4392/6770
f 4727/7355 4726/7354 4728/7358 4645/7359
f 4727/7357 4645/7247 4642/7244 4641/7243
f 4728/7360 4729/7361 4730/7362 4650/7363
f 4728/7358 4650/7255 4646/7254 4645/7359
f 4728/7360 4726/7364 4731/7365 4729/7361
f 4731/7365 4732/7366 4733/7367 4729/7361
f 4731/7365 4726/7364 4724/7349 4723/7348
f 4731/7365 4723/7348 4734/7368 4732/7366
f 4734/7368 4735/7369 4736/7370 4732/7366
f 4734/7368 4723/7348 4721/7346 4720/7345
f 4734/7368 4720/7345 4737/7371 4735/7369
f 4737/7371 4738/7372 4739/7373 4735/7369
f 4737/7371 4720/7345 4718/7342 4740/7374
f 4737/7371 4740/7374 4741/7375 4738/7372
f 4741/7375 4742/7376 4743/7377 4738/7372
f 4741/7375 4740/7374 4744/7378 4745/7379
f 4741/7375 4745/7379 4746/7380 4742/7376
f 4746/7380 4747/7381 4748/7382 4742/7376
f 4746/7380 4745/7379 4708/7329 4706/7327
f 4746/7380 4706/7327 4704/7325 4747/7381
f 4748/7382 4749/7383 4750/7384 4751/7385
f 4748/7382 4751/7385 4743/7377 4742/7376
f 4748/7382 4747/7381 4752/7386 4749/7383
f 4752/7386 4697/7316 4695/7313 4749/7383
f 4752/7386 4747/7381 4704/7325 4702/7323
f 4752/7386 4702/7323 4699/7319 4697/7316
f 4751/7385 4750/7384 4753/7387 4754/7388
f 4751/7385 4754/7388 4755/7389 4743/7377
f 4755/7389 4754/7388 4756/7390 4757/7391
f 4755/7389 4757/7391 4758/7392 4739/7373
f 4755/7389 4739/7373 4738/7372 4743/7377
f 4758/7392 4757/7391 4759/7393 4760/7394
f 4758/7392 4760/7394 4761/7395 4736/7370
f 4758/7392 4736/7370 4735/7369 4739/7373
f 4761/7395 4760/7394 4762/7396 4763/7397
f 4761/7395 4763/7397 4764/7398 4733/7367
f 4761/7395 4733/7367 4732/7366 4736/7370
f 4764/7398 4763/7397 4765/7399 4766/7400
f 4764/7398 4766/7400 4655/7262 4730/7362
f 4764/7398 4730/7362 4729/7361 4733/7367
f 4766/7400 4660/7268 4656/7263 4655/7262
f 4766/7400 4765/7399 4767/7401 4660/7268
f 4767/7401 4665/7273 4661/7269 4660/7268
f 4767/7401 4765/7399 4768/7402 4769/7403
f 4767/7401 4769/7403 4667/7275 4665/7273
f 4769/7403 4768/7402 4770/7404 4771/7405
f 4769/7403 4771/7405 4669/7277 4667/7275
f 4771/7405 4770/7404 4772/7406 4773/7407
f 4771/7405 4773/7407 4671/7279 4669/7277
f 4773/7407 4774/7408 4673/7281 4671/7279
f 4773/7407 4772/7406 4775/7409 4774/7408
f 4775/7409 4685/7299 4679/7288 4774/7408
f 4775/7409 4772/7406 4776/7410 4777/7411
f 4775/7409 4777/7411 4686/7300 4685/7299
f 4777/7411 4776/7410 4778/7412 4779/7413
f 4777/7411 4779/7413 4687/7301 4686/7300
f 4779/7413 4778/7412 4756/7390 4780/7414
f 4779/7413 4780/7414 4689/7304 4687/7301
f 4780/7414 4756/7390 4754/7388 4753/7387
f 4780/7414 4753/7387 4691/7307 4689/7304
f 4778/7412 4776/7410 4781/7415 4759/7393
f 4778/7412 4759/7393 4757/7391 4756/7390
f 4781/7415 4776/7410 4772/7406 4770/7404
f 4781/7415 4770/7404 4768/7402 4762/7396
f 4781/7415 4762/7396 4760/7394 4759/7393
f 4774/7408 4679/7288 4677/7285 4673/7281
f 4768/7402 4765/7399 4763/7397 4762/7396
f 4753/7387 4750/7384 4693/7310 4691/7307
f 4750/7384 4749/7383 4695/7313 4693/7310
f 4745/7379 4744/7378 4710/7331 4708/7329
f 4744/7378 4740/7374 4718/7342 4716/7339
f 4744/7378 4716/7339 4712/7333 4710/7331
f 4730/7362 4655/7262 4651/7261 4650/7363
f 4685/7299 4682/7292 4680/7289 4679/7288
f 4664/7272 4267/6593 4263/6592 4262/7416
f 4664/7272 4262/7416 4659/7267 4658/7266
f 4664/7272 4663/7271 4276/6602 4267/6593
f 4663/7271 4279/6605 4277/6603 4276/6602
f 4659/7417 4262/6584 4258/6583 4257/7418
f 4659/7417 4257/7418 4654/7259 4653/7258
f 4654/7419 4257/6577 4254/6574 4253/6573
f 4654/7259 4253/7420 4649/7252 4648/7251
f 4649/7252 4253/7420 1024/7421 1010/7422
f 4649/7423 1010/1089 1009/1088 4644/7424
f 4641/7243 4639/7241 4396/6774 4395/6773
f 4639/7241 4637/7238 4397/6775 4396/6774
f 4637/7238 4402/6786 4399/6777 4397/6775
f 4429/7223 4425/7425 4408/6800 4406/6799
f 4355/6717 4352/6716 4350/6708 4349/6707
f 4336/7295 4321/6658 4317/6653 4316/6652
f 4320/7426 251/2129 1593/2132 4782/7427
f 4320/7426 4782/7427 4315/6650 4314/6649
f 4320/6657 4319/6656 1505/1974 251/1973
f 4782/7427 1593/2132 1484/1937 1483/1936
f 4782/7427 1483/1936 1482/1935 4315/6650
f 4315/6650 1482/1935 4310/6642 4309/6641
f 4310/6642 1482/1935 1481/1934 4783/7428
f 4310/6642 4783/7428 4305/6635 4304/6634
f 4783/7428 1481/1934 1489/1944 4784/7429
f 4783/7428 4784/7429 4785/7430 4305/6635
f 4785/7430 4784/7429 1582/2110 4786/7431
f 4785/7430 4786/7431 4787/7432 4300/7433
f 4785/7430 4300/7433 4299/6636 4305/6635
f 4787/7432 4786/7431 4788/7434 4789/7435
f 4787/7432 4789/7435 4790/7436 4296/7437
f 4787/7438 4296/7439 4295/6628 4300/6627
f 4790/7436 4789/7435 4791/7440 4792/7441
f 4790/7442 4792/7443 1560/2080 4291/6617
f 4790/7442 4291/6617 4290/6616 4296/6622
f 4792/7441 4791/7440 1575/2102 4793/7444
f 4792/7443 4793/7445 1561/2081 1560/2080
f 4793/7444 1575/2102 1574/2101 4794/7446
f 4793/7447 4794/7448 1562/7449 1561/7450
f 4794/7446 1574/2101 1576/2103 4795/7451
f 4794/7452 4795/7453 4796/7454 1562/7455
f 4796/7454 4795/7453 4797/7456 4798/7457
f 4796/7458 4798/7459 4799/7460 4800/7461
f 4796/7458 4800/7461 1555/2075 1562/2082
f 4800/7461 4799/7460 4801/7462 4802/7463
f 4800/7461 4802/7463 1556/2076 1555/2075
f 4802/7463 4801/7462 4803/7464 4804/7465
f 4802/7463 4804/7465 4805/7466 1556/2076
f 4805/7466 4804/7465 4806/7467 4807/7468
f 4805/7466 4807/7468 1547/2059 1546/2058
f 4805/7466 1546/2058 1557/2077 1556/2076
f 4807/7468 4806/7467 4808/7469 4809/7470
f 4807/7468 4809/7470 1552/2064 1547/2059
f 4809/7470 4808/7469 4810/7471 4811/7472
f 4809/7470 4811/7472 4812/7473 1552/2064
f 4812/7473 4811/7472 4813/7474 989/1058
f 4812/7473 989/1058 988/1057 995/1065
f 4812/7473 995/1065 994/1064 1552/2064
f 4813/7474 4814/7475 4815/7476 4816/7477
f 4813/7474 4816/7477 985/1054 989/1058
f 4813/7474 4811/7472 4810/7471 4814/7475
f 4816/7477 4815/7476 4817/7478 4818/7479
f 4816/7477 4818/7479 986/1055 985/1054
f 4818/7479 4817/7478 4819/7480 4820/7481
f 4818/7479 4820/7481 4821/7482 986/1055
f 4821/7483 4820/7484 4822/7485 4823/7486
f 4821/7483 4823/7486 4824/7487 4825/7488
f 4821/7482 4825/7489 987/1056 986/1055
f 4825/7490 4824/7491 4826/7492 4827/7493
f 4825/7489 4827/7494 990/1059 987/1056
f 4827/7495 4826/7496 4828/7497 4829/7498
f 4827/7494 4829/7499 4271/6597 990/1059
f 4829/7498 4828/7497 4830/7500 4266/7501
f 4829/7499 4266/6590 4265/6589 4271/6597
f 4830/7500 4828/7497 958/1005 957/1004
f 4830/7500 957/1004 4831/7502 4261/6581
f 4830/7500 4261/6581 4260/6580 4266/7501
f 4831/7502 957/1004 956/1003 4832/7503
f 4831/7502 4832/7503 1020/1117 1023/1116
f 4831/7502 1023/1116 4256/6576 4261/6581
f 4832/7503 956/1003 955/7504 4833/7505
f 4832/7503 4833/7505 1021/7506 1020/1117
f 4833/7507 955/7508 946/7509 4834/7510
f 4833/7507 4834/7510 4835/7511 1021/1113
f 4835/7511 4834/7510 4836/7512 1018/7513
f 4835/7511 1018/7513 1017/7514 4837/7515
f 4835/7511 4837/7515 1019/1114 1021/1113
f 4837/7516 1017/1104 873/834 879/7517
f 4837/7516 879/7517 878/7518 1019/7519
f 4836/7520 945/994 954/993 4838/7521
f 4836/7520 4838/7521 1016/1102 1018/7522
f 4836/7512 4834/7510 946/7509 945/7523
f 4838/7521 954/993 939/963 938/962
f 4838/7521 938/962 877/842 1016/1102
f 4828/7497 4826/7496 4839/7524 958/1005
f 4839/7524 4840/7525 4841/7526 4842/7527
f 4839/7524 4842/7527 118/1002 958/1005
f 4839/7524 4826/7496 4824/7528 4840/7525
f 4842/7527 4841/7526 4843/7529 952/991
f 4842/7527 952/991 947/990 118/1002
f 4843/7529 4844/7530 4845/7531 4846/7532
f 4843/7529 4841/7526 4847/7533 4844/7530
f 4847/7533 4848/7534 4849/7535 4844/7530
f 4847/7533 4841/7526 4840/7525 4850/7536
f 4847/7533 4850/7536 4851/7537 4848/7534
f 4851/7537 4852/7538 4853/7539 4848/7534
f 4851/7537 4850/7536 4823/7540 4822/7541
f 4851/7537 4822/7541 4854/7542 4852/7538
f 4854/7542 4855/7543 4856/7544 4852/7538
f 4854/7545 4822/7546 4820/7547 4819/7548
f 4854/7545 4819/7548 4857/7549 4855/7550
f 4857/7549 959/7551 963/7552 4855/7550
f 4857/7553 4819/7480 4817/7478 4858/7554
f 4857/7549 4858/7555 960/7556 959/7551
f 4858/7554 4817/7478 4815/7476 4859/7557
f 4858/7554 4859/7557 4860/7558 960/7559
f 4860/7560 4861/7561 961/1009 960/1008
f 4860/7558 4859/7557 4862/7562 4863/7563
f 4860/7560 4863/7564 4864/7565 4861/7561
f 4864/7565 4865/7566 4866/7567 4861/7561
f 4864/7565 4863/7564 4867/7568 4868/7569
f 4864/7570 4868/7571 4869/7572 4865/7573
f 4869/7574 4870/7575 4871/7576 4865/7566
f 4869/7572 4868/7571 4872/7577 4873/7578
f 4869/7574 4873/7579 4874/7580 4870/7575
f 4874/7580 4875/7581 4876/7582 4870/7575
f 4874/7580 4873/7579 4877/7583 4878/7584
f 4874/7580 4878/7584 4879/7585 4875/7581
f 4879/7585 4880/7586 4881/7587 4875/7581
f 4879/7585 4878/7584 4882/7588 4883/7589
f 4879/7585 4883/7589 4884/7590 4880/7586
f 4884/7590 4885/7591 4886/7592 4880/7586
f 4884/7590 4883/7589 4887/7593 4888/7594
f 4884/7590 4888/7594 4889/7595 4885/7591
f 4889/7595 4888/7594 4890/7596 4891/7597
f 4892/7598 4893/7599 4894/7600 4895/7601
f 4895/7601 4894/7600 4896/7602 1748/7603
f 4896/7602 4894/7600 4897/7604 4898/7605
f 4896/7606 4898/7607 4899/7608 4900/7609
f 4896/7606 4900/7609 1749/2428 1748/2427
f 4900/7609 4899/7608 4901/7610 4902/7611
f 4900/7609 4902/7611 4903/7612 1749/2428
f 4903/7612 1754/7613 1750/2429 1749/2428
f 4903/7612 4902/7611 1607/2154 4904/7614
f 4903/7612 4904/7614 1755/7615 1754/7613
f 4904/7614 1607/2154 1606/2153 4905/7616
f 4904/7614 4905/7616 4906/7617 1755/7615
f 4906/7618 4907/7619 1756/7620 1755/7621
f 4906/7617 4905/7616 4908/7622 4909/7623
f 4906/7618 4909/7624 4910/7625 4907/7619
f 4910/7626 4911/7627 4912/7628 4907/7629
f 4910/7625 4909/7624 1764/2454 1761/2453
f 4910/7626 1761/2448 1760/2447 4911/7627
f 4912/7628 1773/2472 1766/2458 1757/2457
f 4912/7628 1757/2457 1756/7630 4907/7629
f 4912/7628 4911/7627 1767/2465 1773/2472
f 4911/7627 1760/2447 1759/2446 1767/2465
f 4909/7623 4908/7622 4913/7631 1764/7632
f 4913/7631 4908/7622 1610/2157 4914/7633
f 4913/7631 4914/7633 4915/7634 4916/7635
f 4908/7622 4905/7616 1606/2153 1610/2157
f 4902/7611 4901/7610 1608/2155 1607/2154
f 4901/7610 4899/7608 4917/7636 4918/7637
f 4901/7610 4918/7637 1570/2097 1608/2155
f 4918/7637 4917/7636 1566/2089 4919/7638
f 4918/7637 4919/7638 1571/2098 1570/2097
f 4919/7638 1566/2089 1565/2088 4920/7639
f 4919/7638 4920/7639 1576/2103 1571/2098
f 4920/7639 1565/2088 1564/7640 4797/7641
f 4920/7639 4797/7641 4795/7451 1576/2103
f 4917/7636 4899/7608 4898/7607 4921/7642
f 4917/7636 4921/7642 1567/2090 1566/2089
f 4921/7643 4898/7605 4897/7604 4922/7644
f 4921/7643 4922/7644 1568/2093 1567/2092
f 4922/7644 4897/7604 4923/7645 4924/7646
f 4922/7644 4924/7646 4925/7647 1568/2093
f 4925/7647 4924/7646 4926/7648 4927/7649
f 4925/7647 4927/7649 4928/7650 4929/7651
f 4925/7647 4929/7651 1563/2094 1568/2093
f 4929/7651 4928/7650 4930/7652 4931/7653
f 4929/7654 4931/7655 1564/2085 1563/2084
f 4931/7655 4930/7656 4799/7657 4798/7457
f 4931/7655 4798/7457 4797/7456 1564/2085
f 4930/7652 4928/7650 4932/7658 4933/7659
f 4930/7656 4933/7660 4801/7661 4799/7657
f 4933/7659 4932/7658 4934/7662 4935/7663
f 4933/7660 4935/7664 4803/7665 4801/7661
f 4935/7663 4934/7662 4936/7666 4937/7667
f 4935/7668 4937/7669 4938/7670 4803/7464
f 4938/7670 4937/7669 4939/7671 4940/7672
f 4938/7670 4940/7672 4808/7469 4806/7467
f 4938/7670 4806/7467 4804/7465 4803/7464
f 4940/7672 4939/7671 4867/7673 4941/7674
f 4940/7672 4941/7674 4810/7471 4808/7469
f 4941/7674 4867/7673 4863/7563 4862/7562
f 4941/7674 4862/7562 4814/7475 4810/7471
f 4939/7675 4872/7676 4868/7569 4867/7568
f 4939/7675 4937/7667 4936/7666 4872/7676
f 4936/7677 4877/7678 4873/7578 4872/7577
f 4936/7666 4934/7662 4942/7679 4877/7583
f 4942/7679 4882/7588 4878/7584 4877/7583
f 4942/7679 4934/7662 4932/7658 4943/7680
f 4942/7679 4943/7680 4944/7681 4882/7588
f 4944/7681 4887/7593 4883/7589 4882/7588
f 4944/7681 4943/7680 4927/7649 4926/7648
f 4944/7681 4926/7648 4945/7682 4887/7593
f 4945/7682 4890/7596 4888/7594 4887/7593
f 4945/7682 4926/7648 4924/7646 4923/7645
f 4945/7682 4923/7645 4893/7599 4890/7596
f 4943/7680 4932/7658 4928/7650 4927/7649
f 4923/7645 4897/7604 4894/7600 4893/7599
f 4886/7592 4946/7683 4947/7684 4948/7685
f 4886/7592 4948/7685 4881/7587 4880/7586
f 4886/7592 4885/7591 4949/7686 4950/7687
f 4886/7592 4950/7687 4951/7688 4952/7689
f 4952/7689 4953/7690 4946/7683 4886/7592
f 4953/7690 4954/7691 4955/7692 4946/7683
f 4953/7690 4956/7693 4957/7694 4954/7691
f 4956/7693 4953/7690 4958/7695 4959/7696
f 4959/7696 4960/7697 4957/7694 4956/7693
f 4960/7697 3778/7698 4961/7699 4957/7694
f 4962/7700 4960/7697 4964/7701 4965/7702
f 4962/7703 4965/7704 4966/7705 4967/7706
f 4967/7707 4968/7708 4963/7709 3778/7698 4962/7700
f 4967/7707 4969/7710 4970/7711 4968/7708
f 4969/7710 4967/7707 4966/7712 4971/7713
f 4969/7710 4971/7713 4972/7714 4973/7715
f 4973/7715 4974/7716 4970/7711 4969/7710
f 4973/7715 4972/7714 4975/7717 4974/7716
f 4975/7717 4976/7718 4977/7719 4974/7716
f 4975/7720 4978/7721 4979/7722 4976/7723
f 4978/7724 4975/7717 4980/7725 4981/7726
f 4978/7727 4981/7728 4982/7729 4983/7730
f 4983/7731 4984/7732 4979/7733 4978/7724
f 4983/7734 4985/7735 2446/7736 4984/7737
f 4985/7738 4983/7731 4982/7739 4986/7740
f 4985/7738 4986/7740 4987/7741 4988/7742
f 4988/7742 4989/7743 2446/7744 4985/7738
f 4988/7742 4987/7741 4990/7745 4989/7743
f 4990/7745 4991/7746 4992/7747 4989/7743
f 4990/7748 4993/7749 4994/7750 4991/7751
f 4993/7752 4990/7745 4995/7753 4996/7754
f 4993/7755 4996/7756 4997/7757 4998/7758
f 4998/7759 4999/7760 4994/7761 4993/7762
f 4998/7763 5000/7764 5001/7765 4999/7766
f 5000/7767 4998/7768 4997/7769 5002/7770
f 5000/7771 5002/7772 5003/7773 5004/7774
f 5004/7775 5005/7776 5001/7777 5000/7778
f 5004/7779 5006/7780 5007/7781 5005/7782
f 5006/7783 5004/7784 5003/7785 5008/7786
f 5006/7787 5008/7788 5009/7789 5010/7790
f 5010/7791 5011/7792 5007/7793 5006/7794
f 5010/7791 5012/7795 5013/7796 5011/7792
f 5012/7795 5010/7791 5009/7797 5014/7798
f 5014/7798 5015/7799 5013/7796 5012/7795
f 5016/7800 5017/7801 4999/7760 5001/7802
f 5017/7801 5018/7803 4994/7761 4999/7760
f 5018/7803 5019/7804 5020/7805 5021/7806
f 5018/7803 5017/7801 5016/7800 5019/7804
f 5021/7807 4991/7751 4994/7750 5018/7808
f 5021/7809 5022/7810 4992/7747 4991/7746
f 5022/7810 5023/7811 5024/7812 5025/7813
f 5022/7814 5021/7815 5020/7816 5023/7817
f 5025/7818 5026/7819 4992/7820 5022/7821
f 5025/7813 5027/7822 5028/7823 5026/7824
f 5025/7813 5029/7825 5030/7826 5027/7822
f 5030/7826 5031/7827 5036/7828 5027/7822
f 5031/7829 5033/7830 5034/7831 5035/7832
f 5031/7829 5030/7833 5029/7834 5033/7830
f 5035/7835 5036/7836 5031/7837
f 5035/7838 5037/7839 5038/7840 5036/7841
f 5037/7842 5039/7843 5040/7844 5041/7845
f 5041/7846 5042/7847 5043/7848 5037/7849
f 5037/7850 5035/7851 5034/7852 5039/7853
f 5043/7854 5044/7855 5038/7856 5037/7842
f 5043/7854 5045/7857 5046/7858 5044/7855
f 5043/7859 5042/7860 5047/7861 5045/7862
f 5047/7863 5048/7864 5049/7865 5045/7857
f 5048/7866 5050/7867 5051/7868 5052/7869
f 5052/7869 5053/7870 5054/7871 5048/7866
f 5048/7872 5047/7873 5055/7874 5050/7875
f 5055/7876 5056/7877 5057/7878 5050/7879
f 5055/7880 5047/7861 5042/7860 5041/7881
f 5055/7876 5041/7845 5040/7844 5056/7877
f 5057/7878 4996/7754 4995/7753 5058/7882
f 5057/7878 5058/7882 5051/7883 5050/7879
f 5057/7878 5056/7877 4997/7769 4996/7754
f 5058/7882 4995/7753 5059/7884 5060/7885
f 5058/7886 5060/7887 5061/7888 5051/7889
f 5061/7888 5060/7887 5062/7890 5063/7891
f 5061/7892 5063/7893 5064/7894 5065/7895
f 5061/7892 5065/7895 5052/7869 5051/7868
f 5065/7896 5064/7897 5066/7898 5067/7899
f 5065/7895 5067/7900 5053/7870 5052/7869
f 5067/7900 5068/7901 5054/7871 5053/7870
f 5067/7899 5066/7898 5069/7902 5068/7903
f 5069/7904 5070/7905 5071/7906 5068/7901
f 5069/7904 5072/7907 5073/7908 5070/7905
f 5069/7904 5066/7909 5074/7910 5072/7907
f 5074/7910 5075/7911 5076/7912 5072/7907
f 5074/7910 5077/7913 5078/7914 5075/7911
f 5074/7910 5066/7909 5079/7915 5077/7913
f 5077/7913 5079/7915 5080/7916 5078/7914
f 5078/7914 5080/7916 5081/7917 5082/7918
f 5082/7919 5083/7920 5075/7921 5078/7922
f 5082/7918 5084/7923 5085/7924 5083/7925
f 5084/7923 5086/7926 5087/7927 5088/7928
f 5088/7928 5089/7929 5090/7930 5084/7923
f 5084/7931 5082/7932 5081/7933 5086/7934
f 5090/7930 5091/7935 5085/7924 5084/7923
f 5090/7930 5092/7936 5093/7937 5091/7935
f 5090/7930 5089/7929 5094/7938 5092/7936
f 5094/7938 5095/7939 5096/7940 5092/7936
f 5095/7939 5097/7941 5098/7942 5099/7943
f 5095/7939 5094/7938 5100/7944 5097/7941
f 5100/7944 5101/7945 5102/7946 5097/7941
f 5100/7947 5094/7948 5089/7949 5088/7950
f 5100/7944 5088/7928 5087/7927 5101/7945
f 5102/7946 5103/7951 5104/7952 5105/7953
f 5102/7946 5105/7953 5098/7942 5097/7941
f 5102/7946 5101/7945 5106/7954 5103/7951
f 5106/7954 5107/7955 5108/7956 5103/7951
f 5106/7954 5101/7945 5087/7927 5109/7957
f 5106/7954 5109/7957 5110/7958 5107/7955
f 5110/7959 5111/7960 5112/7961 5107/7962
f 5110/7958 5109/7957 5113/7963 5114/7964
f 5110/7959 5114/7965 5115/7966 5111/7960
f 5115/7967 5116/7968 5117/7969 5111/7970
f 5115/7966 5114/7965 5118/7971 5119/7972
f 5115/7967 5119/7973 5120/7974 5116/7968
f 5120/7974 4980/7725 5121/7975 5116/7968
f 5120/7974 5119/7973 5122/7976 5123/7977
f 5120/7974 5123/7977 4981/7726 4980/7725
f 5123/7977 5122/7976 5124/7978 5125/7979
f 5123/7977 5125/7979 4982/7739 4981/7726
f 5125/7979 5124/7978 5062/7980 5126/7981
f 5125/7979 5126/7981 4986/7740 4982/7739
f 5126/7981 5062/7980 5060/7885 5059/7884
f 5126/7981 5059/7884 4987/7741 4986/7740
f 5124/7982 5122/7983 5127/7984 5128/7985
f 5124/7982 5128/7985 5063/7891 5062/7890
f 5128/7986 5127/7987 5129/7988 5130/7989
f 5128/7986 5130/7989 5064/7894 5063/7893
f 5130/7989 5129/7988 5080/7916 5079/7915
f 5130/7989 5079/7915 5066/7909 5064/7894
f 5129/7988 5127/7987 5118/7990 5131/7991
f 5129/7988 5131/7991 5081/7917 5080/7916
f 5131/7991 5118/7990 5114/7964 5113/7963
f 5131/7992 5113/7993 5086/7994 5081/7995
f 5127/7984 5122/7983 5119/7972 5118/7971
f 5121/7975 5132/7996 5117/7969 5116/7968
f 5121/7975 4980/7725 4975/7717 4972/7714
f 5132/7996 5133/7997 5134/7998 5117/7969
f 5132/7996 4972/7714 4971/7713 4966/7712 5133/7997
f 5134/7998 5133/7997 5135/7999 5136/8000
f 5134/7998 5136/8000 5137/8001 5112/8002
f 5134/7998 5112/8002 5111/7970 5117/7969
f 5137/8001 5136/8000 5138/8003 5139/8004
f 5137/8005 5139/8006 5140/8007 5108/7956
f 5137/8005 5108/7956 5107/7955 5112/8008
f 5140/8007 5139/8006 5141/8009 5142/8010
f 5140/8007 5142/8010 5143/8011 5104/7952
f 5140/8007 5104/7952 5103/7951 5108/7956
f 5143/8011 5142/8010 5144/8012 5145/8013
f 5143/8014 5145/8015 5146/8016 5147/8017
f 5143/8011 5147/8018 5105/7953 5104/7952
f 5147/8017 5146/8016 5148/8019 5149/8020
f 5147/8018 5149/8021 5098/7942 5105/7953
f 5149/8021 5148/8022 5150/8023 5151/8024
f 5149/8021 5151/8024 5099/7943 5098/7942
f 5151/8024 5150/8023 5152/8025 5153/8026
f 5151/8024 5153/8026 4845/7531 5099/7943
f 5154/8027 5152/8025 5155/8028 5156/8029
f 5157/8030 5158/8031 102/848 884/854
f 5157/8030 884/854 948/985 951/989
f 5158/8031 5157/8030 5159/8032 5160/8033
f 5158/8031 5160/8033 5161/8034 4249/6566
f 5158/8031 4249/6566 881/849 102/848
f 5161/8034 5160/8033 5162/8035 4235/6550
f 5161/8034 4235/6550 4234/6549 4238/6554
f 5161/8034 4238/6554 4246/6563 4249/6566
f 5162/8035 5160/8033 5159/8032 5163/8036
f 5162/8035 5163/8036 5164/8037 4231/6545
f 5162/8035 4231/6545 4230/6544 4235/6550
f 5164/8037 5163/8036 5165/8038 5166/8039
f 5164/8037 5166/8039 5167/8040 5168/8041
f 5164/8037 5168/8041 4232/6546 4231/6545
f 5168/8042 5167/8043 5169/8044 5170/8045
f 5168/8042 5170/8045 4224/8046 4232/8047
f 5170/8048 5169/8049 5171/8050 4219/6523
f 5170/8048 4219/6523 4218/6522 4224/8051
f 5171/8050 5169/8049 5172/8052 5173/8053
f 5171/8050 5173/8053 5174/8054 4214/6518
f 5171/8050 4214/6518 4213/6517 4219/6523
f 5174/8054 5173/8053 5175/8055 5176/8056
f 5174/8054 5176/8056 5177/8057 4210/6514
f 5174/8054 4210/6514 4209/6513 4214/6518
f 5177/8057 5176/8056 5178/8058 5179/8059
f 5177/8057 5179/8059 5180/8060 4207/6511
f 5177/8057 4207/6511 4206/6510 4210/6514
f 5180/8060 5179/8059 5181/8061 5182/8062
f 5180/8060 5182/8062 5183/8063 4204/6508
f 5180/8060 4204/6508 4203/6507 4207/6511
f 5183/8063 5182/8062 5184/8064 5185/8065
f 5183/8063 5185/8065 5186/8066 4201/6505
f 5183/8063 4201/6505 4200/6504 4204/6508
f 5186/8066 5185/8065 5187/8067 760/613
f 5186/8066 760/613 753/596 4198/6502
f 5186/8066 4198/6502 4197/6501 4201/6505
f 5187/8067 5188/8068 5189/8069 5190/8070
f 5187/8067 5190/8070 761/614 760/613
f 5187/8067 5185/8065 5184/8064 5188/8068
f 5190/8071 5191/8072 762/8073 761/8074
f 5192/8075 5193/8076 5194/8077 5195/8078
f 5195/8078 5194/8077 5196/8079 5197/8080
f 5195/8081 5197/8082 5198/8083 5199/8084
f 5195/8085 5199/8086 737/566 5192/8087
f 5199/8084 5198/8083 5200/8088 5201/8089
f 5199/8086 5201/8090 734/563 737/566
f 5201/8089 5200/8088 5202/8091 5203/8092
f 5201/8090 5203/8093 735/564 734/563
f 5203/8092 5202/8091 5204/8094 5205/8095
f 5203/8093 5205/8096 5206/8097 735/564
f 5206/8097 725/552 724/551 735/564
f 5206/8098 5205/8099 5207/8100 5208/8101
f 5206/8097 5208/8102 5209/8103 725/552
f 5209/8103 5210/8104 726/553 725/552
f 5209/8103 5208/8102 5211/8105 5212/8106
f 5209/8103 5212/8106 5213/8107 5210/8104
f 5213/8107 5214/8108 5215/8109 5210/8104
f 5213/8107 5212/8106 5216/8110 5217/8111
f 5213/8107 5217/8111 5218/8112 5214/8108
f 5218/8112 1782/2489 1785/2496 5214/8108
f 5218/8112 5217/8111 5219/8113 5220/8114
f 5218/8112 5220/8114 1783/2490 1782/2489
f 5220/8115 5219/8116 5221/8117 5222/8118
f 5220/8115 5222/8118 1779/2481 1783/2494
f 5222/8119 5221/8120 5223/8121 5224/8122
f 5222/8119 5224/8122 1780/2484 1779/8123
f 5224/8122 5223/8121 5225/8124 5226/8125
f 5224/8122 5226/8125 5227/8126 1780/2484
f 5227/8126 5226/8125 1775/2474 1771/2469
f 5227/8126 1771/2469 1770/2468 5228/8127
f 5227/8126 5228/8127 1781/2485 1780/2484
f 5228/8127 1770/2468 1769/2467 5229/8128
f 5228/8127 5229/8128 5230/8129 1781/2485
f 5230/8129 5231/8130 1776/2486 1781/2485
f 5230/8129 5229/8128 5232/8131 5233/8132
f 5230/8129 5233/8132 5234/8133 5231/8130
f 5234/8134 5235/8135 1787/8136 5231/8137
f 5234/8133 5233/8132 5236/8138 5237/8139
f 5234/8134 5237/8140 5238/8141 5235/8135
f 5238/8142 3239/4835 1823/2558 5235/8143
f 5238/8141 5237/8140 5239/8144 5240/8145
f 5238/8142 5240/8146 3240/4836 3239/4835
f 5240/8145 5239/8144 5241/8147 5242/8148
f 5240/8146 5242/8149 3241/4837 3240/4836
f 5242/8148 5241/8147 5243/8150 5244/8151
f 5242/8149 5244/8152 3243/4839 3241/4837
f 5244/8151 5243/8150 5245/8153 5246/8154
f 5244/8152 5246/8155 3245/4841 3243/4839
f 5246/8154 5245/8153 5247/8156 5248/8157
f 5246/8155 5248/8158 3247/4843 3245/4841
f 5248/8157 5247/8156 5249/8159 5250/8160
f 5248/8158 5250/8161 3249/4845 3247/4843
f 5250/8160 5249/8159 5251/8162 5252/8163
f 5250/8160 5252/8163 3251/8164 3249/8165
f 5252/8166 5251/8167 5253/8168 3256/8169
f 5252/8163 3256/4854 3253/4853 3251/8164
f 5253/8168 5251/8167 5254/8170 5255/8171
f 5253/8168 5255/8171 5256/8172 3259/4860
f 5253/8168 3259/4860 3257/4859 3256/8169
f 5256/8172 5255/8171 5257/8173 5258/8174
f 5256/8172 5258/8174 5259/8175 5260/8176
f 5256/8172 5260/8176 3260/4861 3259/4860
f 5260/8176 5259/8175 1880/2664 5261/8177
f 5260/8176 5261/8177 3261/4862 3260/4861
f 5261/8177 1880/2664 1879/2663 5262/8178
f 5261/8177 5262/8178 3263/4866 3261/4862
f 5262/8178 1879/2663 5263/8179 5264/8180
f 5262/8178 5264/8180 3265/4869 3263/4866
f 5264/8180 5263/8179 5265/8181 5266/8182
f 5264/8180 5266/8182 3267/4872 3265/4869
f 5266/8182 5265/8181 3292/4915 3291/4914
f 5266/8182 3291/4914 3290/4913 3267/4872
f 5265/8181 5263/8179 1947/2794 1946/2793
f 5265/8183 1946/8184 3303/4935 3292/8185
f 5263/8179 1879/2663 314/2662 1947/2794
f 5259/8175 5258/8174 1830/8186 1829/8187
f 5259/8175 1829/8187 1833/2665 1880/2664
f 5258/8174 5257/8173 1867/8188 1830/8186
f 5257/8173 5255/8171 5254/8170 5267/8189
f 5257/8173 5267/8189 1868/8190 1867/8188
f 5267/8191 5254/8192 5268/8193 5269/8194
f 5267/8191 5269/8194 1887/2676 1868/2634
f 5269/8195 5268/8196 5270/8197 5271/8198
f 5269/8194 5271/8199 5272/8200 1887/2676
f 5272/8201 5271/8202 5273/8203 5274/8204
f 5272/8201 5274/8204 5275/8205 5276/8206
f 5272/8201 5276/8206 1888/8207 1887/8208
f 5276/8206 5275/8205 5277/8209 5278/8210
f 5276/8206 5278/8210 1889/8211 1888/8207
f 5278/8210 5277/8209 5279/8212 5280/8213
f 5278/8210 5280/8213 5281/8214 1889/8211
f 5281/8214 5280/8213 5282/8215 5283/8216
f 5281/8214 5283/8216 5284/8217 5285/8218
f 5281/8214 5285/8218 1890/8219 1889/8211
f 5285/8218 5284/8217 5286/8220 5287/8221
f 5285/8218 5287/8221 1882/2671 1890/8219
f 5287/8221 5286/8220 5288/8222 5289/8223
f 5287/8221 5289/8223 315/2668 1882/2671
f 5289/8223 5288/8222 5290/8224 5291/8225
f 5289/8223 5291/8225 1885/2674 315/2668
f 5291/8226 5290/8227 5292/8228 5293/8229
f 5291/8230 5293/8231 5294/8232 1885/8233
f 5294/8234 5293/8229 5295/8235 5296/8236
f 5294/8232 5296/8237 5297/8238 5298/8239
f 5294/8232 5298/8239 1886/8240 1885/8233
f 5298/8239 5297/8238 5299/8241 5300/8242
f 5298/8239 5300/8242 5301/8243 1886/8240
f 5301/8244 5302/8245 1883/2672 1886/2675
f 5301/8243 5300/8242 5303/8246 5304/8247
f 5301/8244 5304/8248 5305/8249 5302/8245
f 5305/8250 5306/8251 5307/8252 5302/8253
f 5305/8249 5304/8248 5308/8254 5309/8255
f 5305/8250 5309/8256 5310/8257 5306/8251
f 5310/8258 1875/2655 5311/8259 5306/8260
f 5310/8257 5309/8256 5312/8261 5313/8262
f 5310/8258 5313/8263 1872/2650 1875/2655
f 5313/8262 5312/8261 5314/8264 5315/8265
f 5313/8263 5315/8266 1873/2651 1872/2650
f 5315/8265 5314/8264 5316/8267 5317/8268
f 5315/8266 5317/8269 1877/8270 1873/2651
f 5317/8269 5316/8271 5318/8272 5319/8273
f 5317/8269 5319/8273 1881/8274 1877/8270
f 5319/8273 5318/8272 1948/2795 1944/2790
f 5319/8273 1944/2790 1943/2789 1881/8274
f 5318/8275 5316/8267 5320/8276 5321/8277
f 5318/8275 5321/8277 5322/8278 1948/8279
f 5322/8280 5321/8281 5323/8282 5324/8283
f 5322/8284 5324/8285 1958/8286 1957/8287
f 5322/8278 1957/8288 1949/8289 1948/8279
f 5324/8290 5323/8291 5325/8292 2026/8293
f 5324/8290 2026/8293 2025/8294 1958/8295
f 5325/8292 5323/8291 5326/8296 5327/8297
f 5325/8292 5327/8297 5328/8298 2027/2944
f 5325/8292 2027/2944 342/2774 2026/8293
f 5328/8298 5327/8297 5329/8299 5330/8300
f 5328/8298 5330/8300 3548/5361 3547/5360
f 5328/8298 3547/5360 2028/2945 2027/2944
f 5330/8300 5329/8299 5331/8301 5332/8302
f 5330/8300 5332/8302 3550/5363 3548/5361
f 5332/8302 5331/8301 5333/8303 5334/8304
f 5332/8302 5334/8304 3552/5365 3550/5363
f 5334/8304 5333/8303 5335/8305 5336/8306
f 5334/8304 5336/8306 3554/5367 3552/5365
f 5336/8306 5335/8305 5299/8307 5337/8308
f 5336/8306 5337/8308 3556/5369 3554/5367
f 5337/8309 5299/8241 5297/8238 5338/8310
f 5337/8309 5338/8310 3558/8311 3556/8312
f 5338/8310 5297/8238 5296/8237 1726/8313
f 5338/8314 1726/2361 1725/2360 3558/5374
f 5335/8305 5303/8315 5300/8316 5299/8307
f 5335/8305 5333/8303 5339/8317 5303/8315
f 5339/8318 5308/8319 5304/8247 5303/8246
f 5339/8317 5333/8303 5331/8301 5340/8320
f 5339/8318 5340/8321 5341/8322 5308/8319
f 5341/8323 5312/8261 5309/8256 5308/8324
f 5341/8322 5340/8321 5342/8325 5343/8326
f 5341/8323 5343/8327 5314/8264 5312/8261
f 5343/8326 5342/8325 5326/8328 5320/8329
f 5343/8327 5320/8276 5316/8267 5314/8264
f 5342/8330 5340/8320 5331/8301 5329/8299
f 5342/8330 5329/8299 5327/8297 5326/8296
f 5326/8331 5323/8282 5321/8281 5320/8332
f 5311/8259 1876/2657 5344/8333 5345/8334
f 5311/8259 5345/8334 5307/8335 5306/8260
f 5311/8259 1875/2655 1874/2654 1876/2657
f 5345/8334 5344/8333 1866/2630 5346/8336
f 5345/8334 5346/8336 1884/8337 5307/8335
f 5346/8336 1866/2630 1861/2629 1871/2643
f 5346/8336 1871/2643 1870/2642 1884/8337
f 5344/8333 5347/8338 1864/2631 1866/2630
f 5344/8333 1876/2657 1841/2656 5347/8338
f 5347/8338 5348/8339 1865/8340 1864/2631
f 5307/8252 1884/8341 1883/8342 5302/8253
f 5296/8236 5295/8235 1722/2355 1726/2361
f 5295/8235 5293/8229 5292/8228 1677/2283
f 5295/8235 1677/2283 1676/2282 1722/2355
f 5292/8228 5290/8227 5349/8343 5350/8344
f 5292/8228 5350/8344 1661/2250 1677/2283
f 5350/8344 5349/8343 5351/8345 5352/8346
f 5350/8344 5352/8346 1662/2251 1661/2250
f 5352/8347 5351/8348 3753/5731 3752/5730
f 5352/8347 3752/5730 1665/5725 1662/8349
f 5351/8350 5349/8351 5353/8352 5354/8353
f 5351/8348 5354/8354 3755/8355 3753/5731
f 5354/8356 5353/8357 5355/8358 1508/8359
f 5354/8356 1508/8359 1507/8360 3755/5736
f 5355/8358 5286/8220 5284/8217 1594/2134
f 5355/8358 1594/2134 1504/2133 1508/8359
f 5355/8358 5353/8357 5288/8222 5286/8220
f 5353/8352 5349/8351 5290/8361 5288/8362
f 5284/8217 5283/8216 1591/2130 1594/2134
f 5283/8216 5282/8215 1592/2131 1591/2130
f 5356/8363 5357/8364 5358/8365 1588/2128
f 5356/8363 1588/2128 1485/1938 1484/1937
f 5356/8363 1484/1937 1593/2132 1592/2131
f 5358/8365 5359/8366 5360/8367 5361/8368
f 5358/8365 5361/8368 1589/2124 1588/2128
f 5358/8365 5357/8364 5279/8212 5359/8366
f 5361/8368 5360/8367 5362/8369 5363/8370
f 5361/8368 5363/8370 5364/8371 1589/2124
f 5364/8371 5363/8370 1600/2146 1599/2145
f 5364/8371 1599/2145 1603/2149 5365/8372
f 5364/8371 5365/8372 1590/2125 1589/2124
f 5365/8373 1603/8374 5366/8375 5367/8376
f 5365/8373 5367/8376 5368/8377 1590/8378
f 5368/8377 5367/8376 5369/8379 1596/8380
f 5368/8377 1596/8380 1595/8381 5370/8382
f 5368/8383 5370/8384 1587/8385 1590/8386
f 5370/8387 1595/8388 1492/8389 5371/8390
f 5370/8387 5371/8390 1486/8391 1587/8392
f 5371/8390 1492/8389 1491/8393 5372/8394
f 5371/8390 5372/8394 1487/8395 1486/8391
f 5372/8396 1491/8397 1495/8398 5373/8399
f 5372/8400 5373/8401 1490/1947 1487/1946
f 5373/8399 1495/8398 5374/8402 5375/8403
f 5373/8401 5375/8404 5376/8405 1490/1947
f 5376/8405 5375/8404 1541/8406 5377/8407
f 5376/8405 5377/8407 5378/8408 5379/8409
f 5376/8405 5379/8409 1488/1948 1490/1947
f 5379/8410 5378/8411 1580/8412 1583/8413
f 5379/8410 1583/8413 1489/8414 1488/8415
f 5378/8411 5377/8416 5380/8417 5381/8418
f 5378/8411 5381/8418 1581/8419 1580/8412
f 5381/8420 5382/8421 1605/8422 1581/8423
f 5381/8424 5380/8425 5383/8426 5382/8427
f 5383/8426 5384/8428 5385/8429 5382/8427
f 5383/8426 5380/8425 1538/8430 1537/8431
f 5383/8426 1537/8431 1584/8432 5384/8428
f 5385/8433 1602/8434 1605/8422 5382/8421
f 5385/8435 5384/8436 5386/8437 5366/8375
f 5385/8433 5366/8438 1603/8439 1602/8434
f 5386/8440 5384/8441 1584/8442 1586/8443
f 5386/8440 1586/8443 5387/8444 5369/8445
f 5386/8437 5369/8379 5367/8376 5366/8375
f 5387/8446 1586/2118 1585/2117 5388/8447
f 5387/8446 5388/8447 1598/2141 1597/2140
f 5387/8444 1597/8448 1596/8449 5369/8445
f 5388/8447 1585/2117 1540/2042 5389/8450
f 5388/8447 5389/8450 1494/1953 1598/2141
f 5389/8450 1540/2042 1539/2041 5374/8451
f 5389/8450 5374/8451 1495/1954 1494/1953
f 5380/8417 5377/8416 1541/2044 1538/2039
f 5375/8403 5374/8402 1539/2045 1541/2044
f 5363/8370 5362/8369 1762/2450 1600/2146
f 5362/8369 5390/8452 1763/2451 1762/2450
f 5362/8369 5360/8367 5391/8453 5390/8452
f 5391/8453 5392/8454 5393/8455 5390/8452
f 5391/8453 5394/8456 5395/8457 5392/8454
f 5395/8457 5396/8458 5397/8459 5392/8454
f 5395/8457 5394/8456 5277/8209 5275/8205
f 5395/8457 5275/8205 5274/8204 5396/8458
f 5397/8459 5398/8460 5399/8461 5400/8462
f 5397/8459 5400/8462 5393/8455 5392/8454
f 5397/8459 5396/8458 5401/8463 5398/8460
f 5401/8463 5402/8464 5403/8465 5398/8460
f 5401/8463 5396/8458 5274/8204 5273/8203
f 5401/8463 5273/8203 5404/8466 5402/8464
f 5404/8466 5245/8467 5243/8468 5402/8464
f 5404/8466 5273/8203 5271/8202 5270/8469
f 5404/8470 5270/8197 5247/8156 5245/8153
f 5403/8465 5241/8471 5239/8472 5405/8473
f 5403/8465 5405/8473 5399/8461 5398/8460
f 5403/8465 5402/8464 5243/8468 5241/8471
f 5405/8473 5239/8472 5237/8139 5236/8138
f 5405/8473 5236/8138 5406/8474 5399/8461
f 5406/8474 5236/8138 5233/8132 5232/8131
f 5406/8474 5232/8131 5407/8475 5408/8476
f 5406/8474 5408/8476 5400/8462 5399/8461
f 5408/8476 5407/8475 5409/8477 5410/8478
f 5408/8476 5410/8478 5393/8455 5400/8462
f 5410/8478 5409/8477 1758/2445 1763/2451
f 5410/8478 1763/2451 5390/8452 5393/8455
f 5409/8477 5407/8475 1769/2467 1768/2466
f 5409/8477 1768/2466 1759/2446 1758/2445
f 5407/8475 5232/8131 5229/8128 1769/2467
f 5394/8456 5359/8366 5279/8212 5277/8209
f 5360/8367 5359/8366 5394/8456 5391/8453
f 5270/8197 5268/8196 5249/8159 5247/8156
f 5268/8196 5254/8479 5251/8162 5249/8159
f 5235/8143 1823/2558 1786/2500 1787/2499
f 5231/8137 1787/8136 1777/8480 1776/8481
f 5226/8125 5225/8124 5411/8482 1775/2474
f 5411/8482 5225/8124 5412/8483 5413/8484
f 5411/8482 5413/8484 1616/8485 5414/8486
f 5411/8482 5414/8486 1774/2473 1775/2474
f 5414/8486 1616/8485 1615/8487 5415/8488
f 5414/8486 5415/8488 1772/2471 1774/2473
f 5415/8488 1615/8487 1752/2459 1766/2458
f 5415/8488 1766/2458 1773/2472 1772/2471
f 5413/8489 5412/8490 5416/8491 5417/8492
f 5413/8489 5417/8492 255/8493 1616/8494
f 5417/8495 5416/8496 5418/8497 5419/8498
f 5417/8495 5419/8498 5420/8499 255/8500
f 5419/8498 5418/8497 5421/8501 5422/8502
f 5419/8498 5422/8502 5423/8503 5420/8499
f 5423/8503 5422/8502 5424/8504 5425/8505
f 5426/8506 5427/8507 5428/8508 4949/7686
f 5426/8506 5429/8509 5430/8510 5427/8507
f 5430/8510 5431/8511 5432/8512 5427/8507
f 5430/8510 5429/8509 5425/8505 5424/8504
f 5430/8510 5424/8504 5433/8513 5431/8511
f 5433/8513 5434/8514 5435/8515 5431/8511
f 5433/8513 5424/8504 5422/8502 5421/8501
f 5433/8513 5421/8501 5436/8516 5434/8514
f 5436/8516 1789/2503 5437/8517 5434/8514
f 5436/8516 5421/8501 5418/8497 5438/8518
f 5436/8516 5438/8518 1790/2504 1789/2503
f 5438/8518 5418/8497 5416/8496 5439/8519
f 5438/8518 5439/8519 1793/2507 1790/2504
f 5439/8519 5416/8496 5412/8520 5440/8521
f 5439/8522 5440/8523 5441/8524 1793/8525
f 5441/8524 5442/8526 1791/8527 1793/8525
f 5441/8524 5440/8523 5223/8528 5221/8529
f 5441/8524 5221/8529 5219/8530 5442/8526
f 5442/8531 5219/8113 5217/8111 5216/8110
f 5442/8526 5216/8532 1792/8533 1791/8527
f 5440/8534 5412/8483 5225/8124 5223/8121
f 5437/8517 5443/8535 5207/8536 5444/8537
f 5437/8517 5444/8537 5435/8515 5434/8514
f 5437/8517 1789/2503 1788/2502 5443/8535
f 5444/8537 5207/8536 5205/8095 5204/8094
f 5444/8537 5204/8094 5445/8538 5435/8515
f 5445/8538 5204/8094 5202/8091 5446/8539
f 5445/8538 5446/8539 5447/8540 5432/8512
f 5445/8538 5432/8512 5431/8511 5435/8515
f 5447/8540 5446/8539 5448/8541 5449/8542
f 5447/8540 5449/8542 5450/8543 5428/8508
f 5447/8540 5428/8508 5427/8507 5432/8512
f 5450/8543 5449/8542 5451/8544 5452/8545
f 5450/8543 5452/8545 4951/7688 4950/7687
f 5450/8543 4950/7687 4949/7686 5428/8508
f 5452/8545 5451/8544 5453/8546 5454/8547
f 5452/8545 5454/8547 5455/8548 4951/7688
f 5455/8548 5454/8547 5456/8549 5457/8550
f 5455/8548 5457/8550 5458/8551 5459/8552
f 5455/8548 5459/8552 4952/7689 4951/7688
f 5459/8552 5458/8551 5460/8553 4958/7695
f 5459/8552 4958/7695 4953/7690 4952/7689
f 5460/8553 5458/8551 5461/8554 5462/8555
f 5460/8553 5462/8555 5463/8556 5464/8557
f 5460/8553 5464/8557 4959/7696 4958/7695
f 5464/8557 5463/8556 5465/8558 4964/7701
f 5464/8557 4964/7701 4960/7697 4959/7696
f 5465/8558 5463/8556 5466/8559 5138/8003
f 5465/8558 5138/8003 5136/8000 5135/7999
f 5465/8558 5135/7999 4965/7702 4964/7701
f 5466/8559 5463/8556 5462/8555 5467/8560
f 5466/8559 5467/8560 5468/8561 5141/8562
f 5466/8559 5141/8562 5139/8004 5138/8003
f 5468/8561 5467/8560 5469/8563 5470/8564
f 5468/8565 5470/8566 5471/8567 5144/8012
f 5468/8565 5144/8012 5142/8010 5141/8009
f 5471/8567 5470/8566 5472/8568 5473/8569
f 5471/8570 5473/8571 5474/8572 5475/8573
f 5471/8567 5475/8574 5145/8013 5144/8012
f 5475/8573 5474/8572 5476/8575 5477/8576
f 5475/8573 5477/8576 5146/8016 5145/8015
f 5477/8576 5476/8575 5478/8577 5479/8578
f 5477/8576 5479/8578 5148/8019 5146/8016
f 5479/8578 5478/8577 5480/8579 5481/8580
f 5479/8581 5481/8582 5150/8023 5148/8022
f 5481/8582 5480/8583 5482/8584 5155/8028
f 5481/8582 5155/8028 5152/8025 5150/8023
f 5482/8585 5480/8586 5483/8587 5484/8588
f 5482/8584 5484/8589 5165/8038 5485/8590
f 5482/8584 5485/8590 5156/8029 5155/8028
f 5485/8590 5165/8038 5163/8036 5159/8032
f 5485/8590 5159/8032 5157/8030 5156/8029
f 5484/8588 5483/8587 5486/8591 5487/8592
f 5484/8589 5487/8593 5166/8039 5165/8038
f 5487/8594 5486/8595 5488/8596 5489/8597
f 5487/8598 5489/8599 5167/8600 5166/8601
f 5489/8597 5488/8596 5490/8602 5172/8052
f 5489/8597 5172/8052 5169/8049 5167/8603
f 5490/8602 5488/8596 5491/8604 5492/8605
f 5490/8602 5492/8605 5493/8606 5175/8055
f 5490/8602 5175/8055 5173/8053 5172/8052
f 5493/8606 5492/8605 5494/8607 5495/8608
f 5493/8606 5495/8608 5496/8609 5178/8058
f 5493/8606 5178/8058 5176/8056 5175/8055
f 5496/8609 5497/8610 5498/8611 5181/8061
f 5496/8609 5181/8061 5179/8059 5178/8058
f 5496/8609 5495/8608 5499/8612 5497/8610
f 5499/8612 5500/8613 5501/8614 5497/8610
f 5499/8612 5495/8608 5494/8607 5502/8615
f 5499/8612 5502/8615 5503/8616 5500/8613
f 5503/8616 5504/8617 5505/8618 5500/8613
f 5503/8616 5502/8615 5506/8619 5507/8620
f 5503/8616 5507/8620 5508/8621 5504/8617
f 5508/8621 5509/8622 5510/8623 5504/8617
f 5508/8621 5507/8620 5511/8624 5512/8625
f 5508/8626 5512/8627 5513/8628 5509/8629
f 5513/8630 5512/8631 5514/8632 5515/8633
f 5513/8628 5515/8634 5516/8635 5517/8636
f 5513/8628 5517/8636 5518/8637 5509/8629
f 5509/8629 5518/8637 5519/8638 5520/8639
f 5520/8640 5521/8641 5522/8642 5509/8643
f 5522/8644 5523/8645 5510/8646 5509/8647
f 5523/8648 5524/8649 5525/8650 5510/8651
f 5525/8652 5524/8653 5526/8654 5527/8655
f 5525/8652 5527/8655 5528/8656 5505/8618
f 5525/8652 5505/8618 5504/8617 5510/8623
f 5528/8656 5527/8655 5529/8657 5530/8658
f 5528/8656 5530/8658 5531/8659 5501/8614
f 5528/8656 5501/8614 5500/8613 5505/8618
f 5531/8659 5530/8658 5189/8069 5188/8068
f 5531/8659 5188/8068 5184/8064 5498/8611
f 5531/8659 5498/8611 5497/8610 5501/8614
f 5530/8658 5529/8657 5193/8660 5189/8069
f 5529/8657 5532/8661 5194/8662 5193/8660
f 5529/8657 5527/8655 5526/8654 5532/8661
f 5532/8663 5519/8664 5196/8079 5194/8077
f 5532/8663 5526/8665 5520/8666 5519/8664
f 5526/8667 5524/8649 5521/8668 5520/8669
f 5519/8638 5518/8637 5533/8670 5196/8671
f 5533/8670 5518/8637 5517/8636 5534/8672
f 5533/8670 5534/8672 5453/8546 5535/8673
f 5533/8670 5535/8673 5197/8082 5196/8671
f 5535/8673 5453/8546 5451/8544 5536/8674
f 5535/8673 5536/8674 5198/8083 5197/8082
f 5536/8674 5451/8544 5449/8542 5448/8541
f 5536/8674 5448/8541 5200/8088 5198/8083
f 5534/8672 5517/8636 5516/8635 5456/8549
f 5534/8672 5456/8549 5454/8547 5453/8546
f 5516/8635 5515/8634 5537/8675 5538/8676
f 5516/8635 5538/8676 5457/8550 5456/8549
f 5538/8676 5537/8675 5469/8563 5461/8554
f 5538/8676 5461/8554 5458/8551 5457/8550
f 5537/8675 5515/8634 5514/8677 5472/8678
f 5537/8675 5472/8678 5470/8564 5469/8563
f 5514/8679 5512/8625 5511/8624 5539/8680
f 5514/8679 5539/8680 5473/8681 5472/8682
f 5539/8680 5511/8624 5540/8683 5541/8684
f 5539/8680 5541/8684 5474/8685 5473/8681
f 5541/8684 5540/8683 5542/8686 5543/8687
f 5541/8688 5543/8689 5476/8575 5474/8572
f 5543/8687 5542/8686 5544/8690 5545/8691
f 5543/8689 5545/8692 5478/8577 5476/8575
f 5545/8691 5544/8690 5486/8595 5483/8693
f 5545/8691 5483/8693 5480/8694 5478/8695
f 5544/8690 5542/8686 5546/8696 5491/8604
f 5544/8690 5491/8604 5488/8596 5486/8595
f 5546/8696 5506/8619 5502/8615 5494/8607
f 5546/8696 5494/8607 5492/8605 5491/8604
f 5546/8696 5542/8686 5540/8683 5506/8619
f 5540/8683 5511/8624 5507/8620 5506/8619
f 5498/8611 5184/8064 5182/8062 5181/8061
f 5469/8563 5467/8560 5462/8555 5461/8554
f 5448/8541 5446/8539 5202/8091 5200/8088
f 5443/8535 5211/8697 5208/8698 5207/8536
f 5443/8535 1788/2502 1792/2506 5211/8697
f 5216/8110 5212/8106 5211/8105 1792/8699
f 5215/8109 1794/2509 1796/2511 730/558
f 5215/8109 730/558 726/553 5210/8104
f 5215/8109 5214/8108 1785/2496 1794/2509
f 5135/8700 5133/8701 4966/7705 4965/7704
f 5113/7963 5109/7957 5087/7927 5086/7926
f 5099/7943 5547/8702 5096/7940 5095/7939
f 5099/7943 4845/7531 4844/7530 5547/8702
f 5547/8702 5548/8703 5549/8704 5096/7940
f 5547/8702 4844/7530 4849/7535 5548/8703
f 4849/7535 5550/8705 5551/8706 5548/8703
f 5550/8705 4849/7535 4848/7534 4853/7539
f 5550/8705 4853/7539 5553/8707 5552/8708
f 5553/8709 5554/8710 5555/8711 5552/8712
f 5553/8707 4853/7539 4852/7538 4856/7544
f 5553/8709 4856/8713 5556/8714 5554/8710
f 5556/8714 4856/8713 4855/7550 963/7552
f 5556/8715 963/1011 962/1010 5557/8716
f 5558/8717 5559/8718 5560/8719 5561/8720
f 5558/8717 5561/8720 5555/8721 5554/8722
f 5561/8720 5562/8723 5563/8724 5555/8721
f 5555/8721 5563/8724 5564/8725 5565/8726
f 5555/8711 5565/8727 5566/8728 5552/8712
f 5566/8728 5565/8727 5567/8729 5568/8730
f 5566/8731 5551/8706 5550/8705 5552/8708
f 5566/8731 5568/8732 5569/8733 5551/8706
f 5569/8733 5568/8732 5570/8734 5571/8735
f 5569/8733 5549/8704 5548/8703 5551/8706
f 5569/8733 5571/8735 5093/7937 5549/8704
f 5571/8735 5570/8734 5572/8736 5573/8737
f 5571/8735 5573/8737 5091/7935 5093/7937
f 5573/8737 5572/8736 5574/8738 5575/8739
f 5573/8737 5575/8739 5085/7924 5091/7935
f 5575/8739 5574/8738 5576/8740 5577/8741
f 5575/8739 5577/8741 5083/7925 5085/7924
f 5577/8741 5576/8740 5578/8742 5076/7912
f 5577/8741 5076/7912 5075/7911 5083/7925
f 5578/8743 5579/8744 5580/8745 5073/8746
f 5578/8743 5576/8747 5581/8748 5579/8744
f 5578/8742 5073/7908 5072/7907 5076/7912
f 5581/8748 5582/8749 5583/8750 5579/8744
f 5581/8748 5584/8751 5585/8752 5582/8749
f 5581/8748 5576/8747 5574/8753 5584/8751
f 5585/8752 5586/8754 5587/8755 5582/8749
f 5585/8752 5588/8756 5589/8757 5586/8754
f 5585/8752 5584/8751 5590/8758 5588/8756
f 5590/8758 5591/8759 5592/8760 5588/8756
f 5590/8758 5572/8761 5570/8762 5591/8759
f 5590/8758 5584/8751 5574/8753 5572/8761
f 5592/8760 5593/8763 5589/8757 5588/8756
f 5592/8760 5594/8764 5595/8765 5593/8763
f 5592/8760 5591/8759 5567/8766 5594/8764
f 5595/8765 5596/8767 5597/8768 5598/8769
f 5595/8765 5594/8764 5564/8725 5596/8767
f 5595/8765 5598/8769 5599/8770 5593/8763
f 5599/8771 5600/8772 5589/8773 5593/8774
f 5600/8775 5599/8770 5601/8776 5602/8777
f 5600/8775 5602/8777 5603/8778 5604/8779
f 5604/8779 5605/8780 5606/8781 5600/8775
f 5606/8781 5586/8754 5589/8757 5600/8775
f 5606/8781 5607/8782 5587/8755 5586/8754
f 5606/8781 5605/8780 5608/8783 5607/8782
f 5608/8783 5609/8784 5610/8785 5607/8782
f 5608/8783 5611/8786 4947/7684 5609/8784
f 5611/8786 5608/8783 5612/8787 5613/8788
f 5611/8786 5613/8788 5614/8789 5615/8790
f 5611/8786 5615/8790 4948/7685 4947/7684
f 5615/8790 5614/8789 5616/8791 5617/8792
f 5615/8790 5617/8792 4881/7587 4948/7685
f 5617/8792 5616/8791 5618/8793 4876/7582
f 5617/8792 4876/7582 4875/7581 4881/7587
f 5618/8793 5616/8791 5619/8794 5620/8795
f 5618/8793 5620/8795 5621/8796 4871/7576
f 5618/8793 4871/7576 4870/7575 4876/7582
f 5621/8796 5620/8795 5622/8797 5623/8798
f 5621/8796 5623/8798 964/1012 4866/7567
f 5621/8796 4866/7567 4865/7566 4871/7576
f 5623/8798 5557/8716 962/1010 964/1012
f 5622/8797 5620/8795 5619/8794 5624/8799
f 5625/8800 5626/8801 5560/8719 5559/8718
f 5625/8800 5619/8794 5616/8791 5614/8789
f 5625/8800 5614/8789 5613/8788 5626/8801
f 5626/8801 5627/8802 5628/8803 5560/8719
f 5626/8801 5613/8788 5612/8787 5627/8802
f 5627/8802 5603/8778 5629/8804 5628/8803
f 5627/8802 5612/8787 5604/8779 5603/8778
f 5629/8804 5603/8778 5602/8777 5630/8805
f 5630/8805 5602/8777 5601/8776 5631/8806
f 5631/8806 5601/8776 5632/8807 5633/8808
f 5633/8808 5632/8807 5634/8809 5635/8810
f 5634/8809 5636/8811 5637/8812 5635/8810
f 5634/8809 5632/8807 5598/8769 5597/8768
f 5634/8809 5597/8768 5596/8767 5636/8811
f 5636/8813 5563/8814 5562/8815 5638/8816
f 5636/8811 5596/8767 5564/8725 5563/8724
f 5638/8817 5639/8818 5640/8819 5641/8820
f 5638/8821 5641/8822 5637/8812 5636/8811
f 5639/8823 5638/8821 5562/8723 5643/8824
f 5642/8825 5644/8826 5640/8827 5639/8828
f 5632/8829 5601/8830 5599/8831 5598/8832
f 5612/8787 5608/8783 5605/8780 5604/8779
f 5610/8785 5645/8833 5587/8755 5607/8782
f 5610/8785 5646/8834 5647/8835 5645/8833
f 5610/8785 5609/8784 4955/7692 5646/8834
f 5647/8835 5648/8836 5583/8750 5645/8833
f 5647/8835 5649/8837 5650/8838 5648/8836
f 5647/8835 5646/8834 5651/8839 5649/8837
f 5651/8839 5646/8834 4955/7692 4954/7691
f 5651/8839 4961/7699 5652/8840 5649/8837
f 5651/8839 4954/7691 4957/7694 4961/7699
f 5652/8840 5653/8841 5650/8838 5649/8837
f 5652/8840 5654/8842 5655/8843 5653/8841
f 5652/8840 4961/7699 3778/7698 5654/8842
f 5655/8843 5654/8842 5656/8844 5657/8845
f 5655/8843 5658/8846 5659/8847 5653/8841
f 5655/8843 5657/8845 5660/8848 5658/8846
f 5660/8848 5657/8845 5661/8849 5046/7858
f 5660/8848 5049/7865 5662/8850 5658/8846
f 5660/8848 5046/7858 5045/7857 5049/7865
f 5662/8850 5071/8851 5659/8847 5658/8846
f 5662/8852 5054/7871 5068/7901 5071/7906
f 5662/8852 5049/8853 5048/7866 5054/7871
f 5661/8849 5663/8854 5664/8855 5665/8856
f 5661/8849 5657/8845 5656/8844 5663/8854
f 5661/8849 5665/8856 5044/7855 5046/7858
f 5665/8856 5664/8855 4977/7719 5666/8857
f 5665/8856 5666/8857 5038/7856 5044/7855
f 5666/8857 4977/7719 4976/7718 5667/8858
f 5666/8857 5667/8858 5036/7828 5038/7856
f 5667/8859 4976/7723 4979/7722 5668/8860
f 5667/8858 5668/8861 5036/7828
f 5668/8861 4979/7733 4984/7732 2446/7744 5028/7823
f 5668/8861 5028/7823 5027/7822 5036/7828
f 5664/8855 5663/8854 4968/7708 4970/7711
f 5664/8855 4970/7711 4974/7716 4977/7719
f 5663/8854 5656/8844 4963/7709 4968/7708
f 5659/8847 5669/8862 5650/8838 5653/8841
f 5659/8847 5071/8851 5070/8863 5669/8862
f 5669/8862 5580/8745 5648/8836 5650/8838
f 5669/8862 5070/8863 5073/8746 5580/8745
f 5656/8844 5654/8842 3778/7698 4963/7709
f 5648/8836 5580/8745 5579/8744 5583/8750
f 5645/8833 5583/8750 5582/8749 5587/8755
f 5609/8784 4947/7684 4946/7683 4955/7692
f 5594/8764 5567/8766 5565/8726 5564/8725
f 5591/8864 5570/8865 5568/8730 5567/8729
f 5549/8704 5093/7937 5092/7936 5096/7940
f 5059/7884 4995/7753 4990/7745 4987/7741
f 5056/7877 5040/7844 5002/7770 4997/7769
f 5040/7844 5039/7843 5670/8866 5002/7770
f 5670/8866 5039/7843 5034/8867 5671/8868
f 5671/8868 5034/8867 5033/8869 5672/8870
f 5672/8870 5033/8869 5029/7825 5673/8871
f 5673/8871 5029/7825 5025/7813 5024/7812
f 5026/7824 2446/7744 4989/7743 4992/7747
f 4866/7567 964/1012 961/1009 4861/7561
f 4862/7562 4859/7557 4815/7476 4814/7475
f 4850/7536 4840/7525 4824/7528 4823/7540
f 4846/8872 5674/8873 5675/8874 5676/8875
f 4791/7440 5677/8876 1572/2099 1575/2102
f 4791/7440 4789/7435 4788/7434 5677/8876
f 5677/8876 1579/2107 1573/2100 1572/2099
f 5677/8876 4788/7434 248/2104 1579/2107
f 4788/7434 4786/7431 1582/2110 248/2104
f 4784/7429 1489/1944 1583/2111 1582/2110
f 4293/6619 4292/6618 1559/2079 1558/2078
f 4293/6619 1558/2078 1545/2057 1549/2061
f 4293/6619 1549/2061 974/1028 4286/6612
f 4292/6618 4291/6617 1560/2080 1559/2079
f 4276/6602 4272/6598 4268/6594 4267/6593
f 4271/6597 4270/6596 991/1060 990/1059
f 4247/6564 1011/1092 129/1091 1026/6567
f 4244/6561 4243/6560 1012/1093 1011/1092
f 4241/8877 4239/8878 649/419 648/418
f 4225/8879 4165/8880 4163/6455 4162/6454
f 4221/6525 4220/6524 4166/6460 4165/6459
f 4220/6524 4216/6520 4215/6519 5678/8881
f 4220/6524 5678/8881 4167/6461 4166/6460
f 5678/8881 4215/6519 4174/6469 4172/6467
f 5678/8881 4172/6467 4169/6464 4167/6461
f 4215/6519 4211/6515 4176/6475 4174/6469
f 4198/6502 753/596 752/595 4195/6499
f 4159/6543 658/8882 645/415 54/414
f 4150/6435 4103/6434 4101/6357 4100/6356
f 4134/6410 674/459 673/458 4131/6407
f 4097/6352 4094/6349 4091/6346 4090/6345
f 4052/6271 4051/6270 44/7006 607/8883
f 4039/6251 4037/6250 507/158 506/157
f 4019/6210 550/236 549/235 568/268
f 4019/6214 522/186 521/185 550/240
f 4014/6205 4013/6204 5679/8884 5680/8885
f 4014/6205 5680/8885 1148/1327 1151/1326
f 5680/8885 5679/8884 1129/8886 5681/8887
f 5680/8885 5681/8887 1149/1359 1148/1327
f 5681/8888 1129/8889 1128/8890 5682/8891
f 5681/8887 5682/8892 1169/1360 1149/1359
f 5679/8884 4013/6204 4012/6203 5683/8893
f 5679/8884 5683/8893 1130/1289 1129/8886
f 5683/8893 4012/6203 5684/8894 5685/8895
f 5683/8893 5685/8895 1131/1290 1130/1289
f 5685/8895 5684/8894 4003/6193 1147/1318
f 5685/8895 1147/1318 1146/1317 1131/1290
f 5684/8894 4007/6198 4004/6194 4003/6193
f 5684/8894 4012/6203 4009/6200 4007/6198
f 4006/6197 5686/8896 583/296 586/299
f 4006/6197 555/246 554/245 5686/8896
f 5686/8896 5687/8897 584/297 583/296
f 5686/8896 554/245 595/322 5687/8897
f 5687/8897 5688/8898 5689/8899 584/297
f 5687/8897 595/322 5690/8900 5688/8898
f 5690/8901 5691/8902 5692/8903 5688/8904
f 5690/8900 595/322 567/321 5693/8905
f 5690/8901 5693/8906 5694/8907 5691/8902
f 5694/8907 561/8908 565/8909 5691/8902
f 5694/8907 5693/8906 5695/8910 5696/8911
f 5694/8912 5696/8913 562/8914 561/8915
f 5696/8911 5695/8910 548/238 540/221
f 5696/8911 540/221 539/220 562/8916
f 5695/8917 5693/8905 567/321 566/269
f 5695/8917 566/269 549/235 548/234
f 5692/8903 5697/8918 5698/8919 5699/8920
f 5692/8903 5699/8920 5689/8921 5688/8904
f 5692/8903 5691/8902 565/8909 5697/8918
f 5699/8920 5698/8919 5700/8922 5701/8923
f 5699/8920 5701/8923 5702/8924 5689/8921
f 5702/8924 5701/8923 5703/8925 5704/8926
f 5702/8927 5704/8928 581/294 580/293
f 5702/8927 580/293 584/297 5689/8899
f 5704/8926 5703/8925 534/8929 30/8930
f 5704/8928 30/203 529/197 581/294
f 5703/8925 5705/8931 608/8932 534/8929
f 5703/8925 5701/8923 5700/8922 5705/8931
f 5705/8933 589/309 5706/8934 608/8935
f 5705/8933 5700/8936 590/310 589/309
f 5706/8934 527/8937 526/8938 603/337
f 5706/8934 603/337 602/336 608/8935
f 5706/8934 589/309 39/308 527/8937
f 5700/8936 5698/8939 598/329 590/310
f 5698/8939 5697/8940 572/330 598/329
f 5697/8940 565/262 40/261 572/330
f 4003/6193 4000/6192 1114/1319 1147/1318
f 4002/6196 586/299 585/298 3964/8941
f 3952/6078 3950/6076 1127/8942 1126/6103
f 3950/6076 1123/1276 157/1275 1127/8942
f 3945/6072 1180/1379 1120/1272 1119/1271
f 3912/6021 3910/6015 1182/1385 1181/1384
f 3910/6015 3908/6014 1184/1387 1182/1385
f 3901/5997 3898/5996 1050/8943 1049/8944
f 3862/5924 3859/5920 3857/5918 3856/5917
f 3842/5903 3840/5901 3826/5874 3824/5870
f 3807/8945 1266/8946 1519/2000 1518/1999
f 3803/5831 1518/5830 1517/8947 1299/8948
f 3791/5804 1297/1600 190/1599 1522/2025
f 3771/5775 3763/5752 3761/5749 3760/5748
f 3758/8949 3756/5737 3755/5736 1507/8360
f 3731/5701 3729/5699 3728/5698 1664/5727
f 3728/8950 1627/8951 1630/2257 1664/2256
f 3728/8950 3726/8952 1628/8953 1627/8951
f 3726/8952 3723/5685 3722/5684 1628/8953
f 3722/5684 5707/8954 1624/8955 1628/8953
f 3722/5684 3720/5681 3719/5680 5707/8954
f 5707/8954 5708/8956 1625/8957 1624/8955
f 5707/8954 3719/5680 5709/8958 5708/8956
f 5709/8958 1734/2384 1735/2385 5708/8956
f 5709/8958 3719/5680 3717/5678 3716/5677
f 5709/8958 3716/5677 1641/2206 1734/2384
f 5708/8956 1735/2385 5710/8959 1625/8957
f 5710/8959 5711/8960 5712/8961 1623/8962
f 5710/8959 1623/8962 1622/8963 1625/8957
f 5710/8959 1735/2385 1731/2368 5711/8960
f 5712/8961 5713/8964 1718/8965 1620/8966
f 5712/8967 1620/8968 257/2173 1623/2176
f 5712/8961 5711/8960 5714/8969 5713/8964
f 5714/8969 1738/2392 1737/2391 5713/8964
f 5714/8969 5711/8960 1731/2368 1730/2367
f 5714/8969 1730/2367 1729/2366 1738/2392
f 5713/8964 1737/2391 1719/8970 1718/8965
f 3716/5677 3665/5590 1642/2207 1641/2206
f 3665/5590 3664/5589 1643/2208 1642/2207
f 3660/8971 923/920 922/919 998/1069
f 3650/5556 3605/5448 3603/5446 921/5563
f 3649/5554 1639/8972 1638/8973 3646/5555
f 3603/5446 3602/5445 912/905 921/5563
f 3602/5445 924/923 126/902 912/905
f 3589/5422 804/714 3584/5417 3583/5416
f 3584/5417 804/714 803/713 5715/8974
f 3584/5417 5715/8974 3579/5412 3578/5411
f 5715/8974 803/713 5716/8975 5717/8976
f 5715/8974 5717/8976 5718/8977 3579/5412
f 5718/8977 5717/8976 5719/8978 5720/8979
f 5718/8977 5720/8979 1848/2597 3574/5405
f 5718/8977 3574/5405 3573/5404 3579/5412
f 5720/8979 5719/8978 5721/8980 5722/8981
f 5720/8979 5722/8981 1849/2598 1848/2597
f 5722/8981 5721/8980 5723/8982 5724/8983
f 5722/8984 5724/8985 1850/8986 1849/8987
f 5724/8988 5723/8989 5725/8990 5726/8991
f 5724/8985 5726/8992 5727/8993 1850/8986
f 5727/8994 5726/8995 1699/8996 1698/8997
f 5727/8994 1698/8997 5728/8998 5729/8999
f 5727/8994 5729/8999 1845/9000 1850/9001
f 5728/8998 1698/8997 1697/9002 3539/9003
f 5726/8991 5725/8990 1702/9004 1699/9005
f 5725/8990 1710/2339 1714/2338 1702/9004
f 5725/8990 5723/8989 1711/9006 1710/2339
f 5723/8982 5721/8980 5730/9007 1711/9008
f 5730/9007 1646/2215 1712/2343 1711/9008
f 5730/9007 5721/8980 5719/8978 5731/9009
f 5730/9007 5731/9009 1647/2216 1646/2215
f 5731/9009 5719/8978 5717/8976 5716/8975
f 5731/9009 5716/8975 802/9010 1647/2216
f 5716/8975 803/713 88/712 802/9010
f 3574/5405 1848/2597 1847/2596 3569/5406
f 3562/5381 3561/5380 1743/9011 1742/5653
f 3561/5380 1724/2362 1723/9012 1743/9011
f 3545/5357 3321/4966 1935/2775 2028/2945
f 3543/5354 3533/5333 3527/5321 3531/5328
f 3542/5352 1837/2586 303/2585 3538/5342
f 3522/5315 3521/5314 1708/5336 1705/9013
f 3522/5315 1705/9013 1704/9014 3515/5308
f 3516/5309 3515/5308 1704/9014 1679/9015
f 3516/5309 1679/9015 1678/9016 3509/5300
f 3510/5301 3509/5300 1678/9016 1682/9017
f 3492/5271 3491/5270 3420/5145 3418/5144
f 3491/5270 3487/5264 3486/5263 5732/9018
f 3491/5270 5732/9018 5733/9019 3420/5145
f 5733/9019 5732/9018 1279/1561 5734/9020
f 5733/9019 5734/9020 3425/5152 3423/5149
f 5733/9019 3423/5149 3421/5146 3420/5145
f 5734/9020 1279/1561 1278/1560 5735/9021
f 5734/9020 5735/9021 5736/9022 3425/5152
f 5736/9022 5735/9021 5737/9023 5738/9024
f 5736/9022 5738/9024 5739/9025 3428/5155
f 5736/9022 3428/5155 3426/5153 3425/5152
f 5739/9025 5738/9024 5740/9026 3439/5184
f 5739/9025 3439/5184 3433/5164 3431/5159
f 5739/9025 3431/5159 3429/5156 3428/5155
f 5740/9026 5738/9024 5737/9023 5741/9027
f 5740/9026 5741/9027 3444/9028 3442/9029
f 5740/9026 3442/9029 3440/5185 3439/5184
f 5741/9027 5737/9023 1282/1567 1283/1569
f 5741/9027 1283/1569 1285/1575 3444/9028
f 5737/9023 5735/9021 1278/1560 1282/1567
f 5732/9018 3486/5263 1276/1558 1279/1561
f 3486/5263 3482/5259 1277/1559 1276/1558
f 3481/5258 1530/2019 1529/2018 3477/5254
f 3467/9030 3466/9031 1500/9032 1499/9033
f 3467/5241 1499/1970 1503/1969 3460/5242
f 3454/5221 3449/9034 1398/9035 1397/5222
f 3449/9034 3447/5203 1399/5202 1398/9035
f 3445/5199 3444/5198 1285/1808 1399/1807
f 3408/5124 3349/5007 3347/5005 3346/5004
f 3340/4998 3337/4989 3335/4986 3334/4985
f 5742/9036 3532/9037 3327/9038 3325/4970
f 3317/4962 1953/2803 1932/2802 327/2773
f 3317/4962 3309/4948 3307/4946 1953/2803
f 3304/4936 3303/4935 1946/8184 1945/9039
f 3304/4936 1945/9039 1952/9040 1951/4937
f 3290/4913 3270/4877 3268/4873 3267/4872
f 3290/4913 3288/4911 3277/4890 3270/4877
f 3277/4890 3273/4889 3271/4878 3270/4877
f 3239/4835 3237/4833 1821/2556 1823/2558
f 3230/4822 3229/4821 5743/9041 1798/2513
f 5743/9041 5744/9042 740/570 739/569
f 5743/9041 739/569 1795/2510 1798/2513
f 5743/9041 3229/4821 684/471 5744/9042
f 5744/9042 5745/9043 741/571 740/570
f 5744/9042 684/471 683/470 5745/9043
f 5745/9044 5746/9045 5747/9046 741/9047
f 5745/9048 683/9049 5748/9050 5746/9051
f 5748/9050 5749/9052 5750/9053 5746/9051
f 5748/9054 683/9055 682/9056 5751/9057
f 5748/9054 5751/9057 5752/9058 5749/9059
f 5752/9058 5753/9060 5754/9061 5749/9059
f 5752/9058 5751/9057 5755/9062 5756/9063
f 5752/9058 5756/9063 5757/9064 5753/9060
f 5757/9064 5758/9065 5759/9066 5753/9060
f 5757/9067 5756/9068 5760/9069 5761/9070
f 5757/9067 5761/9070 5762/9071 5758/9072
f 5762/9071 701/9073 706/9074 5758/9072
f 5762/9075 5761/9076 5763/9077 5764/9078
f 5762/9075 5764/9078 702/504 701/503
f 5764/9078 5763/9077 5765/9079 5766/9080
f 5764/9078 5766/9080 700/9081 702/504
f 5766/9082 5765/9083 5767/9084 5768/9085
f 5766/9082 5768/9085 695/491 700/9086
f 5768/9085 5767/9084 5769/9087 5770/9088
f 5768/9085 5770/9088 696/492 695/491
f 5770/9089 5769/9090 5771/9091 5772/9092
f 5770/9089 5772/9092 1803/2524 696/9093
f 5772/9094 5771/9095 5773/9096 5774/9097
f 5772/9094 5774/9097 1804/2529 1803/9098
f 5774/9097 5773/9096 5754/9099 5775/9100
f 5774/9097 5775/9100 1805/2530 1804/2529
f 5775/9101 5754/9061 5753/9060 5759/9066
f 5775/9101 5759/9066 5776/9102 1805/9103
f 5776/9104 1801/9105 1800/9106 1805/9107
f 5776/9102 5759/9066 5758/9065 706/512
f 5776/9102 706/512 705/511 1801/9108
f 5773/9096 5771/9095 5777/9109 5750/9053
f 5773/9096 5750/9053 5749/9052 5754/9099
f 5777/9110 5771/9091 5769/9090 722/9111
f 5777/9110 722/9111 718/9112 5747/9046
f 5777/9109 5747/9113 5746/9051 5750/9053
f 5769/9087 5767/9084 720/543 722/547
f 5767/9084 5765/9083 721/544 720/543
f 5765/9079 5763/9077 5778/9114 721/9115
f 5778/9114 5763/9077 5761/9076 5760/9116
f 5778/9114 5760/9116 5779/9117 5780/9118
f 5778/9114 5780/9118 714/9119 721/9115
f 5780/9118 5779/9117 693/486 692/485
f 5780/9120 692/9121 715/533 714/532
f 5779/9122 5760/9123 5756/9124 5755/9125
f 5779/9126 5755/9127 688/477 693/488
f 5755/9062 5751/9057 682/9056 688/9128
f 3229/4821 3227/4818 60/468 684/471
f 3227/4818 3225/4815 685/472 60/468
f 3183/4757 3181/4755 636/401 635/400
f 3128/4667 3126/4666 3125/9129 621/376
f 3125/9129 611/366 615/365 621/376
f 3125/9129 3123/9130 612/9131 611/366
f 3121/4655 3120/4654 613/361 612/360
f 3103/9132 1107/9133 1065/9134 5781/9135
f 3103/9132 5781/9135 1099/9136 1098/9137
f 3103/4634 3101/4632 3100/4631 1107/9138
f 5781/9135 5782/9139 5783/9140 1099/9136
f 5781/9135 1065/9134 1064/9141 5782/9139
f 5783/9140 1043/9142 144/9143 1099/9136
f 5783/9144 5782/9145 5784/9146 3091/4606
f 5783/9144 3091/4606 1046/4605 1043/9147
f 5784/9146 5782/9145 1064/9148 1063/9149
f 5784/9150 1063/9151 5785/9152 3094/9153
f 5784/9146 3094/4610 3092/4607 3091/4606
f 5785/9154 1063/1182 1062/1181 5786/9155
f 5785/9154 5786/9155 1077/1203 1076/1202
f 5785/9152 1076/9156 1075/9157 3094/9153
f 5786/9155 1062/1181 5787/9158 5788/9159
f 5786/9155 5788/9159 1084/1216 1077/1203
f 5788/9159 5787/9158 5789/9160 1080/9161
f 5788/9159 1080/9161 142/1213 1084/1216
f 5789/9160 5787/9158 1066/1185 1106/1249
f 5789/9160 1106/1249 1107/1250 3100/9162
f 5789/9160 3100/9162 1081/9163 1080/9161
f 5787/9158 1062/1181 139/1180 1066/1185
f 3081/4586 3078/4582 3075/4579 3074/4578
f 3020/4480 3019/4479 1228/4485 1227/9164
f 3004/4458 2983/4429 2980/4423 2978/4422
f 3000/4451 2986/4435 2984/4432 2983/9165
f 2973/4409 2971/4408 1209/9166 1208/9167
f 2963/4396 2961/4393 2819/4218 2818/4217
f 2963/4396 2818/4217 1197/1419 1203/1425
f 2948/4376 2947/4375 1092/1227 1090/1224
f 2948/4376 1090/1224 1089/1223 5790/9168
f 5790/9168 1089/1223 3112/4646 5791/9169
f 2942/4370 2941/4369 5792/9170 2831/4236
f 5792/9170 2941/4369 5793/9171 5794/9172
f 5792/9173 5794/9174 5795/9175 2834/9176
f 5792/9170 2834/9177 2832/4237 2831/4236
f 5795/9178 5794/9179 397/9180 5796/9181
f 5795/9178 5796/9181 2840/4246 2838/4244
f 5795/9178 2838/4244 2835/4241 2834/4240
f 5796/9181 397/9180 396/9182 5797/9183
f 5796/9181 5797/9183 5798/9184 5799/9185
f 5799/9185 5798/9184 5800/9186 2843/4249
f 5800/9187 5798/9188 5801/9189 5802/9190
f 5800/9187 5802/9190 2849/4259 2847/4258
f 5800/9186 2847/4253 2844/4250 2843/4249
f 5802/9190 5801/9189 5803/9191 5804/9192
f 5802/9190 5804/9192 5805/9193 2849/4259
f 5805/9193 5804/9192 5806/9194 5807/9195
f 5805/9193 5807/9195 5808/9196 2852/4263
f 5805/9193 2852/4263 2850/4260 2849/4259
f 5808/9196 5807/9195 5809/9197 5810/9198
f 5808/9196 5810/9198 2858/4271 2856/4269
f 5808/9196 2856/4269 2853/4264 2852/4263
f 5810/9198 5809/9197 5811/9199 5812/9200
f 5810/9198 5812/9200 465/107 2858/4271
f 5812/9200 5811/9199 5813/9201 5814/9202
f 5812/9200 5814/9202 460/101 465/107
f 5814/9202 5813/9201 5815/9203 5816/9204
f 5814/9202 5816/9204 461/102 460/101
f 5816/9204 5815/9203 5817/9205 5818/9206
f 5816/9204 5818/9206 483/127 461/102
f 5818/9206 5817/9205 476/119 473/116
f 5818/9206 473/116 472/115 483/127
f 5817/9205 5819/9207 2907/4329 476/119
f 5817/9205 5815/9203 5820/9208 5819/9207
f 5820/9208 5821/9209 2912/4336 5819/9207
f 5820/9208 5815/9203 5813/9201 5822/9210
f 5820/9208 5822/9210 5823/9211 5821/9209
f 5823/9211 5824/9212 2917/9213 5821/9209
f 5823/9211 5822/9210 5825/9214 5826/9215
f 5823/9211 5826/9215 5827/9216 5824/9212
f 5827/9217 5828/9218 2922/9219 5824/9220
f 5827/9216 5826/9215 5829/9221 5830/9222
f 5827/9217 5830/9223 5831/9224 5828/9218
f 5831/9225 5832/9226 2927/4355 5828/9227
f 5831/9228 5830/9222 5833/9229 5834/9230
f 5831/9225 5834/9231 5835/9232 5832/9226
f 5835/9232 2933/4361 2931/4359 5832/9226
f 5835/9233 5834/9234 399/3 398/2
f 5835/9232 398/9235 2936/4364 2933/4361
f 5834/9230 5833/9229 5836/9236 399/9237
f 5836/9236 5833/9229 5837/9238 5803/9191
f 5836/9236 5803/9191 5801/9189 5838/9239
f 5836/9236 5838/9239 395/9240 399/9237
f 5838/9239 5801/9189 5798/9188 5797/9241
f 5838/9239 5797/9241 396/9242 395/9240
f 5837/9238 5833/9229 5830/9222 5829/9221
f 5837/9238 5829/9221 5839/9243 5806/9194
f 5837/9238 5806/9194 5804/9192 5803/9191
f 5839/9243 5829/9221 5826/9215 5825/9214
f 5839/9243 5825/9214 5811/9199 5809/9197
f 5839/9243 5809/9197 5807/9195 5806/9194
f 5832/9226 2931/4359 2928/4356 2927/4355
f 5828/9227 2927/4355 2923/4351 2922/4350
f 5825/9214 5822/9210 5813/9201 5811/9199
f 5824/9220 2922/9219 2918/4345 2917/4344
f 5821/9209 2917/9213 2913/4337 2912/4336
f 5819/9207 2912/4336 2908/4330 2907/4329
f 5794/9244 5793/9245 1/1 397/9246
f 5793/9171 2941/4369 2937/4365 2936/4364
f 5793/9171 2936/4364 398/9235 1/9247
f 5840/9248 5841/9249 5842/9250 2935/4363
f 5840/9251 5843/9252 5844/9253 5841/9254
f 2907/4329 2903/4325 474/117 476/119
f 2896/9255 2887/9256 467/9257 469/9258
f 2887/9259 2886/9260 468/9261 467/9262
f 2886/4299 2878/4291 470/113 468/110
f 2878/4291 2876/4289 2875/4288 470/113
f 2875/4288 482/126 471/114 470/113
f 2875/4288 2873/4286 477/121 482/126
f 2873/4286 2871/4284 478/122 477/121
f 2871/4284 2869/4282 5845/9263 478/122
f 5845/9263 462/104 479/123 478/122
f 5845/9263 2869/4282 2867/4280 5846/9264
f 5845/9263 5846/9264 463/105 462/104
f 5846/9264 2867/4280 2863/4276 2861/4274
f 5846/9264 2861/4274 466/108 463/105
f 2859/4272 2858/4271 465/107 464/106
f 2811/4202 2810/4201 1201/9265 1200/9266
f 2810/9267 5847/9268 1204/9269 1201/9270
f 2810/4201 2808/4200 2807/9271 5847/9272
f 5847/9268 5848/9273 5849/9274 1204/9269
f 5847/9272 2807/9271 5850/9275 5848/9276
f 5850/9277 5851/9278 5852/9279 5848/9280
f 5850/9281 2807/4195 2805/4194 2804/9282
f 5850/9281 2804/9282 5853/9283 5851/9284
f 5853/9283 5854/9285 5855/9286 5851/9284
f 5853/9287 2804/9288 2802/9289 2801/9290
f 5853/9287 2801/9290 5856/9291 5854/9292
f 5856/9291 5857/9293 5858/9294 5854/9292
f 5856/9291 2801/9290 2799/4180 2798/4179
f 5856/9291 2798/4179 5859/9295 5857/9293
f 5859/9296 5860/9297 5861/9298 5857/9299
f 5859/9295 2798/4179 2796/4176 2795/4175
f 5859/9296 2795/9300 5862/9301 5860/9297
f 5862/9301 5863/9302 5864/9303 5860/9297
f 5862/9301 2795/9300 2793/4171 2792/4170
f 5862/9301 2792/4170 5865/9304 5863/9302
f 5865/9304 5866/9305 5867/9306 5863/9302
f 5865/9304 2792/4170 2790/4167 2789/4166
f 5865/9304 2789/4166 5868/9307 5866/9305
f 5868/9308 5869/9309 5870/9310 5866/9311
f 5868/9307 2789/4166 2787/4164 2786/9312
f 5868/9308 2786/4162 5871/9313 5869/9309
f 5871/9314 5872/9315 5873/9316 5869/9317
f 5871/9313 2786/4162 2784/4156 2783/4155
f 5871/9314 2783/9318 5874/9319 5872/9315
f 5874/9319 5875/9320 5876/9321 5872/9315
f 5874/9319 2783/9318 2780/4150 2778/4148
f 5874/9319 2778/4148 2777/4147 5875/9320
f 5876/9321 5877/9322 2558/9323 5878/9324
f 5876/9321 5878/9324 5873/9316 5872/9315
f 5876/9321 5875/9320 5879/9325 5877/9322
f 5879/9326 5880/9327 2563/9328 5877/9329
f 5879/9325 5875/9320 2777/4147 2776/4146
f 5879/9326 2776/9330 5881/9331 5880/9327
f 5881/9331 5882/9332 2568/9333 5880/9327
f 5881/9331 2776/9330 2774/4142 2773/4141
f 5881/9331 2773/4141 5883/9334 5882/9332
f 5883/9335 5884/9336 2573/3811 5882/9337
f 5883/9334 2773/4141 2771/4138 2770/4137
f 5883/9335 2770/9338 5885/9339 5884/9336
f 5885/9339 5886/9340 2578/9341 5884/9336
f 5885/9339 2770/9338 2768/4131 2767/4130
f 5885/9339 2767/4130 5887/9342 5886/9340
f 5887/9343 5888/9344 2583/3824 5886/9345
f 5887/9342 2767/4130 2765/4127 2764/4126
f 5887/9343 2764/9346 5889/9347 5888/9344
f 5889/9347 5890/9348 2588/9349 5888/9344
f 5889/9347 2764/9346 2761/4121 2759/4119
f 5889/9347 2759/4119 2758/4118 5890/9348
f 5890/9350 2593/3835 2589/3831 2588/3830
f 5890/9350 2758/4116 2757/4115 2593/3835
f 5888/9344 2588/9349 2584/3825 2583/3824
f 5886/9345 2583/3824 2579/3818 2578/3817
f 5884/9336 2578/9341 2574/3812 2573/3811
f 5882/9337 2573/3811 2569/3805 2568/3804
f 5880/9327 2568/9333 2564/9351 2563/9328
f 5878/9324 2558/9323 2554/3784 2553/3783
f 5878/9324 2553/3783 5891/9352 5873/9316
f 5891/9352 2553/3783 2549/3779 2548/3778
f 5891/9352 2548/3778 5892/9353 5870/9354
f 5891/9352 5870/9354 5869/9317 5873/9316
f 5892/9353 2548/3778 2544/3774 2543/3773
f 5892/9355 2543/9356 5893/9357 5867/9358
f 5892/9355 5867/9358 5866/9311 5870/9310
f 5893/9357 2543/9356 2539/3765 2538/3764
f 5893/9359 2538/9360 5894/9361 5864/9303
f 5893/9359 5864/9303 5863/9302 5867/9306
f 5894/9362 2538/3764 2534/3763 2533/9363
f 5894/9361 2533/9364 5895/9365 5861/9298
f 5894/9361 5861/9298 5860/9297 5864/9303
f 5895/9366 2533/3756 2529/3755 2528/9367
f 5895/9366 2528/9367 5896/9368 5858/9369
f 5895/9370 5858/9294 5857/9293 5861/9371
f 5896/9372 2528/9373 2525/9374 2524/9375
f 5896/9372 2524/9375 5897/9376 5855/9377
f 5896/9368 5855/9286 5854/9285 5858/9369
f 5897/9376 2524/9375 2522/9378 1319/9379
f 5897/9376 1319/9379 1318/9380 5852/9279
f 5897/9376 5852/9279 5851/9278 5855/9377
f 5877/9329 2563/9328 2559/3794 2558/3793
f 5852/9381 1318/9382 5849/9274 5848/9273
f 5849/9383 1318/1641 1317/1640 5898/9384
f 5849/9383 5898/9384 1205/1427 1204/1426
f 5898/9384 1317/1640 1313/1632 1193/1405
f 5898/9384 1193/1405 1192/1404 1205/1427
f 2757/4115 2598/3842 2594/3836 2593/3835
f 2757/4115 2755/4113 2754/4112 2598/3842
f 2754/4112 2603/9385 2599/3843 2598/3842
f 2754/9386 2752/9387 5899/9388 2603/3850
f 5899/9388 2608/3857 2604/3851 2603/3850
f 5899/9388 2752/9387 2749/9389 1158/1343
f 5899/9388 1158/1343 1157/1342 2608/3857
f 2749/9389 2748/9390 1159/1344 1158/1343
f 2740/4080 2739/4079 432/51 431/50
f 2739/9391 2735/4074 2622/3886 2620/3882
f 2739/9391 2620/3882 2618/3881 432/9392
f 2731/4068 2625/3889 2623/3887 2622/3886
f 2685/4210 2814/4209 426/9393 2682/9394
f 2618/9395 2617/9396 427/46 432/51
f 2617/3875 2616/3874 428/4099 427/9397
f 2609/3858 2608/3857 1157/1342 1162/1350
f 2532/3753 2169/9398 2168/3746 2527/3745
f 2522/3736 2520/3734 195/1639 1319/1642
f 1320/1643 2519/3733 2518/3731 5900/9399
f 5900/9399 2516/3729 1320/1643
f 2515/3728 2514/3727 223/1874 1446/1877
f 2514/3727 2156/3220 5901/9400 223/1874
f 2514/3727 2513/3726 2153/3221 2156/3220
f 2510/3723 2509/3722 1469/1925 1474/1924
f 2509/3720 2508/3719 1470/1918 1469/1917
f 2508/5896 2505/3715 2503/3713 2502/3712
f 2501/3711 1451/1885 1450/1884 227/1906
f 2493/9401 5902/9402 1405/1816 1404/1815
f 2493/9403 1463/9404 1467/9405 5902/9406
f 5902/9406 5903/9407 5904/9408 1405/9409
f 5902/9406 1467/9405 1461/9410 5903/9407
f 5904/9408 1476/9411 1475/9412 5905/9413
f 5904/9408 5905/9413 1401/9414 1405/9409
f 5904/9408 5903/9407 5906/9415 1476/9411
f 5906/9416 5907/9417 1477/1929 1476/1928
f 5906/9415 5903/9407 1461/9410 1460/9418
f 5906/9416 1460/1899 1459/1897 5907/9417
f 5907/9417 5908/9419 1480/1932 1477/1929
f 5907/9417 1459/1897 1458/1896 5908/9419
f 5908/9419 1338/1685 1386/1782 1480/1932
f 5908/9419 1458/1896 1339/1686 1338/1685
f 5905/9420 1475/9421 1479/9422 1439/1866
f 5905/9420 1439/1866 1402/1865 1401/9423
f 2475/3684 2473/3682 1409/1823 1408/1822
f 2470/3676 2469/3675 1332/1679 1334/1678
f 2469/9424 2467/3672 2466/3671 1362/9425
f 2469/9426 1362/1730 204/1674 1332/1673
f 2462/9427 2459/9428 1974/9429 1977/9430
f 2459/3659 2458/3658 1975/2840 1974/2839
f 2458/3658 2457/3657 5909/9431 1975/2840
f 5909/9431 5910/9432 1984/2865 1970/2828
f 5909/9431 1970/2828 1969/2827 1975/2840
f 5909/9431 2457/3657 5911/9433 5910/9432
f 5911/9433 1931/9434 5912/9435 5910/9432
f 5911/9433 2457/3657 2455/3656 2454/9436
f 5911/9433 2454/9436 1923/9437 1931/9434
f 5912/9438 1928/2759 1988/4955 1985/9439
f 5912/9435 1985/2866 1984/2865 5910/9432
f 5912/9438 1931/2767 1929/2760 1928/2759
f 2454/9440 2451/9441 324/9442 1923/9443
f 2451/3646 2449/3644 1919/2738 324/9444
f 2373/3556 2372/3555 2311/3468 2310/3467
f 2350/3530 2317/3529 2315/3475 2314/3474
f 2339/3508 2337/3506 6850/3301 2193/3300
f 6850/3301 2337/3506 2334/3503 2332/3501
f 2326/3489 2325/3488 2195/3310 2197/3309
f 2294/3440 2286/3432 2284/3430 2283/3429
f 2278/3424 3160/4724 307/2613 2273/3419
f 2260/3402 2258/3400 1826/2562 1825/2561
f 2258/3400 2256/3398 1827/2563 1826/2562
f 2199/9445 2198/9446 5913/9447 5914/9448
f 2199/9449 5914/9450 2111/3128 2110/3127
f 5914/9451 5913/9452 5915/9453 2118/9454
f 5914/9455 2118/3143 2065/3142 2111/9456
f 5915/9457 5913/9447 5916/9458 5917/9459
f 5915/9457 5917/9459 5918/9460 5919/9461
f 5915/9453 5919/9462 2119/9463 2118/9454
f 5919/9461 5918/9460 5920/9464 5921/9465
f 5919/9466 5921/9467 2127/9468 2119/9469
f 5921/9465 5920/9464 2129/3171 2128/3170
f 5921/9470 2128/3180 2132/3179 2127/9471
f 5920/9464 5918/9460 5922/9472 5923/9473
f 5920/9464 5923/9473 5924/9474 2129/3171
f 5924/9474 5923/9473 2123/3154 2126/3165
f 5924/9474 2126/3165 2125/3164 2130/9475
f 5924/9474 2130/9475 369/3172 2129/3171
f 5923/9473 5922/9472 2120/3150 2123/3154
f 5922/9472 5918/9460 5917/9459 5925/9476
f 5922/9472 5925/9476 2121/3151 2120/3150
f 5925/9476 5917/9459 5916/9458 5926/9477
f 5925/9476 5926/9477 5927/9478 2121/3151
f 5927/9478 5926/9477 2188/3282 2187/3281
f 5927/9479 2187/9480 2186/9481 5928/9482
f 5927/9479 5928/9482 2122/9483 2121/9484
f 5928/9485 2186/3285 2183/3266 2117/3139
f 5928/9485 2117/3139 2116/3138 2122/3156
f 5926/9477 5916/9458 5929/9486 2188/3282
f 5929/9486 2198/9446 2113/9487 2112/9488
f 5929/9486 2112/9488 2185/3283 2188/3282
f 5929/9486 5916/9458 5913/9447 2198/9446
f 2189/3288 2088/3071 2091/3261 2182/3260
f 2183/9489 385/3272 2062/3020 2117/9490
f 2181/9491 2177/9492 1911/9493 1910/9494
f 2181/3257 1910/2724 1913/2727 383/3253
f 2181/9495 2049/9496 2051/9497 2177/9498
f 2177/3251 2051/3007 2054/3006 2174/3252
f 2175/3247 2174/3246 2054/3012 2058/3011
f 2160/3228 2142/3188 1441/1870 1440/1869
f 5930/9499 380/9500 379/9501 2167/9502
f 2156/3220 2155/3219 5931/9503 5901/9400
f 5931/9503 5932/9504 5933/9505 5901/9400
f 5931/9506 2155/3217 2152/3216 2151/9507
f 5932/9508 5934/9509 5935/9510 5936/9511
f 5932/9504 5936/9512 5937/9513 5933/9505
f 5937/9513 5938/9514 5939/9515 5940/9516
f 5937/9513 5940/9516 5941/9517 5933/9505
f 5940/9516 5939/9515 1454/1890 1453/1889
f 5940/9516 1453/1889 1448/9518 5941/9517
f 5939/9515 2148/3198 5942/9519 1454/1890
f 5942/9519 2148/3198 2147/3197 5943/9520
f 5942/9521 5943/9522 5944/9523 5945/9524
f 5942/9525 5945/9526 1452/9527 1454/9528
f 5945/9524 5944/9523 1336/1682 1335/1681
f 5945/9524 1335/1681 1341/1689 1452/1887
f 5944/9523 5943/9522 1438/9529 1437/9530
f 5944/9523 1437/9530 1387/1785 1336/1682
f 5943/9520 2147/3197 1443/1873 1438/1872
f 5938/9514 5937/9513 5936/9512 5946/9531
f 2137/3545 5947/9532 5948/9533 2362/3542
f 5947/9534 5950/9535 5951/9536
f 5951/9536 5950/9535 5952/9537 5953/9538
f 5953/9538 5952/9537 5954/9539 5955/9540
f 5955/9540 5954/9539 5956/9541 5957/9542
f 5957/9542 5956/9541 5958/9543 5959/9544
f 5959/9544 5958/9543 5960/9545 5961/9546
f 5961/9546 5960/9545 5962/9547 5963/9548
f 5964/9549 5963/9550 5962/9551 5965/9552
f 5964/9553 5965/9554 5966/9555 5967/9556
f 5968/9557 5969/9558 5970/9559 2439/9560
f 5968/9561 5967/9562 5966/9563 5969/9564
f 5972/9565 5973/9566 5974/9567 5971/9568 2439/9569
f 371/3185 370/3181 2362/3542 5948/9533
f 371/9570 5948/9571 5971/9572 5974/9573
f 2132/9574 2068/3033 2067/9575 2127/9576
f 2132/9574 2131/9577 2069/3034 2068/3033
f 2131/3176 2130/3175 2125/3162 2069/3161
f 2115/3134 2114/3133 2072/3292 2071/9578
f 2111/3128 2065/9579 2064/9580 2109/3124
f 2109/9581 2064/9582 2083/3067 2086/3066
f 2106/3119 440/3118 439/9583 5975/9584
f 2106/3119 5975/9584 451/86 450/79
f 2106/3119 450/79 449/78 2105/3120
f 5975/9585 439/9586 444/92 455/91
f 5975/9585 455/91 452/83 451/82
f 2105/3116 449/76 448/75 2103/3111
f 2103/3111 448/75 2095/3093 2075/3112
f 2097/9587 2096/9588 454/9589 456/9590
f 2096/3098 452/83 455/91 454/90
f 2095/3091 2080/3056 354/3044 2075/3047
f 2089/9591 2061/3016 2060/3015 2087/3085
f 2084/9592 2083/9593 2064/3024 2063/3023
f 2080/3056 2079/3055 355/3048 354/3044
f 2079/3055 390/3054 2076/3049 355/3048
f 2058/3011 2057/3010 488/134 487/133
f 2057/3010 2056/3009 491/137 488/134
f 2048/2994 1943/2789 1942/2788 5976/9594
f 5976/9594 1942/2788 1941/9595 5977/9596
f 2043/2979 347/2978 3147/4704 2282/3428
f 2031/2951 2030/2950 2018/2926 2021/2925
f 2030/2953 2005/2906 2007/2908 2018/2921
f 2025/9597 2023/2929 1955/9598 1958/9599
f 2024/9600 1937/9601 2012/9602 2011/9603
f 2024/2931 2011/9604 1962/9605 1968/2932
f 2023/2929 2022/2928 1956/9606 1955/9598
f 2022/9607 1968/2825 1966/2823 1956/2810
f 2017/2919 2015/2917 1998/2894 1997/2893
f 2016/2918 2012/2914 1937/2779 1934/2778
f 2016/9608 1934/2772 1933/2771 5978/9609
f 2016/9608 5978/9609 5979/9610 2013/9611
f 5979/9612 5978/9613 1965/9614 1964/9615
f 5979/9612 1964/9615 1967/9616 5980/9617
f 5979/9610 5980/9618 2014/9619 2013/9611
f 5980/9617 1967/9616 5981/9620 5982/9621
f 5980/9622 5982/9623 1999/2895 2014/2916
f 5982/9621 5981/9620 5983/9624 5984/9625
f 5982/9623 5984/9626 2000/2896 1999/2895
f 5984/9625 5983/9624 5985/9627 5986/9628
f 5984/9626 5986/9629 2001/2897 2000/2896
f 5986/9628 5985/9627 1986/2876 1990/2875
f 5986/9629 1990/2922 2007/2908 2001/2897
f 5985/9630 5983/9631 1993/2899 1992/2880
f 5985/9630 1992/2880 1987/2869 1986/2868
f 5983/9631 5981/9632 2002/2900 1993/2899
f 5981/9632 1967/2824 1961/2818 2002/2900
f 5978/9613 1933/9633 1954/9634 1965/9614
f 2015/2917 2014/2916 1999/2895 1998/2894
f 2011/9604 2010/9635 1963/9636 1962/9605
f 2003/2901 2002/2900 1961/2818 1960/2817
f 1987/2869 1972/2832 1971/2831 1983/2870
f 1984/2865 1983/2864 1971/2829 1970/2828
f 1982/9637 332/9638 1973/9639 1980/9640
f 1966/2823 1965/2822 1954/2811 1956/2810
f 1952/9040 1945/9039 328/9641 1949/9642
f 1921/2751 1918/9643 1903/9644 1905/4934
f 1918/9645 323/9646 1904/9647 1903/9648
f 323/9646 1917/9649 1909/9650 1904/9647
f 1867/8188 309/9651 1831/9652 1830/8186
f 1865/9653 5987/9654 5988/9655 1862/9656
f 5988/9657 5989/9658 1863/2622 1862/2621
f 5990/9659 5991/9660 1860/2623 1863/2622
f 671/454 670/453 1855/2610 306/2609
f 3160/4724 665/445 57/444 671/454
f 1822/2557 3234/4830 295/2508 1784/2495
f 1803/2524 1802/2523 697/9661 696/9093
f 1802/2527 1799/2515 698/496 697/495
f 1796/2511 1795/2510 739/569 738/568
f 1796/2511 738/568 731/559 730/558
f 1747/2416 1746/2415 1721/2352 1720/2351
f 1747/2425 1720/9662 1719/9663 1736/2403
f 1746/2419 1744/2409 1723/2413 1721/9664
f 1733/9665 797/9666 87/9667 796/9668
f 1718/8965 273/2285 1621/2284 1620/8966
f 1717/2344 1712/2343 1646/2215 1645/2214
f 1707/9669 1706/5490 1686/2299 1685/2298
f 1707/9669 1685/2298 1656/2232 1658/9670
f 1704/9671 1703/9672 1680/2289 1679/2288
f 1703/9673 1658/9674 1655/2292 1680/2291
f 1691/5500 1684/2297 1683/2296 1687/2301
f 1688/9675 1687/9676 1683/9677 1686/9678
f 1685/2298 1684/2297 1657/2233 1656/2232
f 1526/2221 1650/2220 3645/5544 5992/9679
f 1732/9680 1644/2210 261/2209 1647/9681
f 1732/9682 1647/9683 802/9684 798/9685
f 1631/9686 3735/5705 5993/9687 5994/9688
f 1631/9686 259/2193 1636/2196 3735/5705
f 5420/8499 4895/7601 1748/7603 255/8500
f 1614/2163 1613/2162 1578/2106 5995/9689
f 1614/2163 5995/9689 5996/9690 5997/9691
f 5998/9692 5996/9690 253/2144 1601/2147
f 5996/9690 5995/9689 1604/2150 253/2144
f 5995/9689 1578/2106 1577/2105 1604/2150
f 1613/2162 254/2152 1569/2096 1573/2100
f 1613/2162 1573/2100 1579/2107 1578/2106
f 254/2152 1608/2155 1570/2097 1569/2096
f 1605/2151 1604/2150 1577/2105 1581/2109
f 1598/2141 1494/1953 231/1949 1493/1952
f 1558/2078 1557/2077 1546/2058 1545/2057
f 1554/2073 5999/9693 984/1046 983/1045
f 1554/2073 1553/2072 6000/9694 6001/9695
f 1554/2073 6001/9695 6002/9696 5999/9693
f 6002/9697 6003/9698 969/1019 6004/9699
f 6002/9700 6004/9701 6005/9702 5999/9703
f 6002/9696 6001/9695 6006/9704 6003/9705
f 6006/9704 997/9706 996/9707 6003/9705
f 6006/9704 6001/9695 6000/9694 6007/9708
f 6006/9704 6007/9708 6008/9709 997/9706
f 6008/9710 1550/9711 993/9712 997/9713
f 6008/9714 6007/9715 6009/9716 6010/9717
f 6008/9710 6010/9718 1551/9719 1550/9711
f 6010/9717 6009/9716 6011/9720 6012/9721
f 6010/9717 6012/9721 6013/9722 1551/9723
f 6013/9724 6012/9725 6014/9726 971/1023
f 6013/9727 971/9728 970/9729 975/9730
f 6013/9727 975/9730 1548/9731 1551/9732
f 6014/9726 6012/9725 6011/9733 6015/9734
f 6014/9726 6015/9734 6016/9735 6017/9736
f 6014/9726 6017/9736 968/1024 971/1023
f 6017/9737 6016/9738 6005/9739 6004/9699
f 6017/9737 6004/9699 969/1019 968/1018
f 6016/9735 6015/9734 977/9740 976/9741
f 6016/9738 976/1038 980/1037 6005/9739
f 6015/9734 6011/9733 6018/9742 977/9740
f 6018/9743 6019/9744 1543/2048 1542/2047
f 6018/9742 1542/9745 978/9746 977/9740
f 6018/9747 6011/9720 6009/9716 6019/9748
f 6019/9748 6000/9749 1553/2070 1543/2069
f 6019/9748 6009/9716 6007/9715 6000/9749
f 6005/9702 980/1051 984/1050 5999/9703
f 6003/9750 996/9751 965/9752 969/9753
f 1549/2061 1548/2060 975/1029 974/1028
f 1505/1974 4319/6656 4323/6660 1534/2034
f 1480/1932 1386/1782 1385/1781 1478/1930
f 1479/9422 1388/9754 1436/1867 1439/1866
f 1479/9755 1478/9756 1385/1789 1388/1788
f 1468/9757 6020/9758 1457/9759 1456/9760
f 1468/9757 1456/9760 1462/9761 1466/9762
f 1468/9757 1450/9763 1449/9764 6020/9758
f 6020/9765 1340/9766 1339/9767 1457/9768
f 6020/9769 1449/1888 1341/1689 1340/1688
f 1467/1912 1466/1911 1462/1903 1461/1902
f 1453/1889 224/1882 1444/1875 1448/9518
f 224/1882 1451/1885 1445/1876 1444/1875
f 1437/9770 1436/1867 1388/9754 1387/9771
f 2461/9772 1434/9773 221/1852 2453/3648
f 1430/9774 1379/9775 6021/9776 1427/9777
f 6021/9778 1379/9779 1378/9780 6022/9781
f 6021/9782 6022/9783 1412/9784 1411/9785
f 6021/9786 1411/9787 1428/1846 1427/1845
f 6022/9781 1378/9780 1377/9788 6023/9789
f 6022/9783 6023/9790 1419/9791 1412/9784
f 6023/9792 1377/9793 1366/1747 1369/1746
f 6023/9790 1369/1759 1372/1758 1419/9791
f 1419/1835 1372/9794 1286/9795 1417/1833
f 1418/1834 1417/1833 1286/9795 1284/9796
f 1418/5110 1284/9797 1280/1755 1371/1754
f 1400/9798 1288/9799 1274/9800 1273/9801
f 1384/1778 1330/1777 1329/9802 1363/5087
f 1381/1769 1368/1743 1367/1742 1376/1764
f 1377/1765 1376/1764 1367/1742 1366/1741
f 1375/1763 1374/1762 1355/1715 1358/1723
f 1372/9794 1370/9803 1287/9804 1286/9795
f 1370/9805 1274/9800 1288/9799 1287/9806
f 1354/1712 1350/1711 1346/5122 1345/1775
f 1347/1697 1257/5132 1256/9807 1328/1667
f 1253/1516 1252/1515 1135/1303 1137/1302
f 1252/9808 1251/9809 904/9810 903/9811
f 1252/1515 903/9812 1136/9813 1135/1303
f 1251/9814 895/9815 894/9816 904/9817
f 1195/5943 164/9818 1030/1127 1036/1136
f 164/9818 1038/9819 1031/1128 1030/1127
f 1178/1375 1154/1340 1156/1339 1173/1376
f 1174/1368 1169/1360 5682/8892 3987/6137
f 1174/1368 1173/1367 1156/1361 1169/1360
f 6024/9820 1128/9821 1127/9822 157/9823
f 1146/1317 1145/1316 1132/1291 1131/1290
f 1093/1228 1092/1227 1073/1196 1072/1195
f 1084/1216 1083/1215 1078/1204 1077/1203
f 137/9824 138/1160 4463/6889 4468/6894
f 1042/1145 136/1144 1034/1133 1033/1132
f 1005/1078 999/1070 6025/9825 6026/9826
f 1005/1078 6026/9826 893/888 901/887
f 6026/9827 6025/9828 908/9829 907/9830
f 6026/9831 907/895 894/875 893/874
f 6025/9828 108/9832 911/9833 908/9829
f 6025/9825 999/1070 922/919 108/918
f 1001/5588 1000/7217 930/939 933/938
f 125/1062 995/1065 988/1057 992/1061
f 955/998 942/997 116/978 946/981
f 949/986 948/985 884/854 883/853
f 949/9834 883/9835 876/838 941/970
f 949/9834 941/970 940/969 944/9836
f 941/970 876/838 875/837 937/971
f 938/962 937/961 875/843 877/842
f 936/5598 784/674 783/673 790/686
f 935/951 111/9837 871/827 870/826
f 931/9838 863/816 862/815 927/9839
f 928/949 927/9839 862/815 868/823
f 926/928 909/897 908/896 911/929
f 910/9840 829/9841 828/7157 905/893
f 890/869 889/868 834/769 839/768
f 889/866 888/865 835/9842 834/9843
f 885/958 857/9844 786/9845 785/959
f 883/9835 880/9846 872/839 876/838
f 880/9847 879/7517 873/834 872/833
f 861/812 851/791 848/788 98/793
f 856/7136 855/9848 838/765 837/764
f 855/797 854/796 839/768 838/767
f 817/9849 809/9850 808/9851 815/9852
f 791/9853 776/652 778/667 780/666
f 790/9854 783/9855 782/9856 787/9857
f 787/9858 782/9859 773/640 772/639
f 782/9859 781/9860 764/621 773/640
f 781/9861 768/9862 765/9863 764/9864
f 778/667 776/652 775/651 777/9865
f 777/655 775/647 770/636 767/625
f 773/640 764/621 763/620 769/641
f 770/636 769/635 763/626 767/625
f 2208/3327 713/529 712/528 73/9866
f 6027/9867 6028/9868 6029/9869
f 752/595 76/594 709/517 708/516
f 6030/9870 731/559 738/568 71/567
f 716/534 715/533 692/9121 691/9871
f 704/508 703/507 699/497 698/496
f 703/9872 702/9873 700/9874 699/9875
f 2251/3393 669/452 57/444 668/9876
f 2223/9877 660/439 56/438 6031/9878
f 56/438 3161/4725 3162/4732 3163/4728
f 639/404 638/403 629/392 631/9879
f 638/403 637/402 630/393 629/392
f 6032/9880 6033/9881 6034/9882 6035/9883
f 6034/9882 6033/9881 619/374 618/373
f 6036/9884 4057/6286 4056/6285 626/6284
f 605/9885 604/9886 525/9887 533/9888
f 604/9886 603/9889 526/9890 525/9887
f 598/329 597/328 591/311 590/310
f 597/328 596/6085 592/312 591/311
f 39/306 582/305 528/194 527/193
f 582/295 581/294 529/197 528/196
f 563/259 562/258 539/230 546/229
f 552/242 551/241 515/9891 514/9892
f 551/241 521/185 517/175 515/9891
f 520/183 511/163 510/162 516/184
f 517/175 516/174 510/9893 515/9891
f 486/131 485/130 20/138 22/132
f 494/3312 21/2974 20/138 493/140
f 483/127 472/115 481/125 480/124
f 482/126 481/125 472/115 471/114
f 6037/9894 2815/4214 2816/4215 6038/9895
f 6037/9894 8/39 426/44 2814/9896
f 417/34 6039/9897 5844/9898 5843/9899
f 3112/4646 417/34 5843/9899 5791/9169
f 6039/9900 417/9901 6/9902 6040/9903
f 3925/9904 409/9905 3/9906 406/9907
f 403/11 402/10 3115/4649 3114/4648
f 402/9908 3/9909 400/9910 6041/9911
f 6042/9912 6041/9911 400/9910 2/9913
f 1/1 395/4 396/9914 397/9246
f 14/96 459/99 456/9590 454/9589
f 137/9915 1052/9916 138/9917
f 146/9918 1110/1259 1111/1258 1112/9919
f 219/1836 220/1843 1420/5113 1421/1837
f 256/2278 1619/2281 1617/9920 1618/9921
f 258/9922 1618/9923 1626/9924 1629/9925
f 291/2487 293/2497 1786/2500 292/2488
f 317/9926 1893/9927 318/9928 1896/9929
f 951/989 5154/8027 5156/8029 5157/8030
f 21/2974 494/3312 495/4720 347/2978
f 5521/8668 5524/8649 5523/8648 5522/9930
f 21/2974 2042/2977 20/138
f 560/9931 36/9932 554/9933 33/9934
f 96/9935 768/9936 781/669 84/668
f 4468/6894 4471/6897 1049/9937 137/9824
f 1745/2423 1741/2422 280/9938 279/9939
f 3234/4830 3232/4829 1797/2512 295/2508
f 6042/9940 2/9941 401/9942
f 3935/6047 3117/4651 3115/4649 402/10
f 5791/9943 5843/9944 5840/9945
f 2940/9946 2948/9947 5790/9948
f 5840/9248 2935/4363 2940/4368
f 6034/9949 618/6290 4058/6287 4060/6289
f 622/378 619/374 6033/9881 6032/9880
f 667/9950 348/9951 2046/9952
f 1852/2606 305/2605 2251/3393 668/9876
f 2209/9953 2208/3327 73/9866 748/9954
f 1059/9955 1248/6165 3997/6164 3998/9956
f 3888/5967 1237/1482 172/1476 1235/1479
f 3885/5962 3884/5961 3888/9957
f 4327/9958 3775/5772 3774/5771 4326/6665
f 3645/5544 3644/5543 1632/2191 1631/2190
f 1753/9959 284/9960 1751/9961
f 4915/7634 4914/7633 1610/2157 1609/2156
f 1765/9962 1764/9963 4913/9964 4916/9965
f 5728/9966 3539/5343 303/2585 1839/2588
f 5348/8339 5347/8338 1841/2656 1840/9967
f 2161/9968 378/9969 2160/9970 2444/9971
f 5930/9972 2167/3237 2379/3564 2145/3194
f 2382/9973 2381/9974 2384/9975
f 2145/3194 2164/3234 2382/3567
f 403/9976 3925/9977 406/9978
f 1310/9979 3051/9980 1311/9981
f 1348/9982 3381/9983 3383/9984
f 2507/3721 2511/3724 2517/3730 2516/3729
f 4500/9985 4485/6935 4488/6934 4489/6936
f 5624/8799 5619/8794 5625/8800 5559/8718
f 5558/8717 5554/8722 5556/8715 5557/8716
f 5642/9986 5639/9987 5643/9988
f 500/9989 23/9990 504/9991
f 727/9992 68/9993 729/9994
f 746/9995 72/573 745/576
f 4037/6245 4035/6244 4526/6993 507/9996
f 4526/6993 508/6992 24/9997 507/9996
f 32/239 553/243 542/224 541/9998
f 542/224 31/223 541/9998
f 953/992 952/991 4843/7529 4846/7532
f 953/992 4846/7532 950/988 117/984
f 4846/7532 4845/7531 5153/8026 950/988
f 5153/8026 951/989 950/988
f 5153/8026 5152/8025 5154/8027 951/989
f 1878/9999 1833/2665 1832/2584 311/2583
f 1878/9999 314/2662 1833/2665
f 3930/6042 3933/6045 3935/6047
f 3930/6042 3929/6041 3932/6044 3933/6045
f 407/10000 3922/6034 3930/6042
f 407/10000 4/21 411/24 3922/6034
f 2836/4242 2837/4243 8/39 6037/9894
f 2836/4242 2833/4239 2835/4241 2837/4243
f 6038/9895 5/26 7/29 421/38
f 6038/9895 2816/4215 412/27 5/26
f 6040/10001 6/10002 5842/10003
f 6/30 416/33 2935/4363 5842/9250
f 6036/9884 626/6284 51/10004
f 6036/10005 51/10006 623/10007
f 6036/10008 623/10009 50/10010
f 6036/10011 50/10012 624/10013
f 5032/10014 2233/10015 2234/10016 2235/10017
f 2232/10018 2231/10019 660/10020 2223/10021
f 2231/10022 5032/10023 2235/10024 661/10025 660/10026
f 2240/10027 2241/3382 2229/3359 2228/3358
f 2046/2982 663/442 2239/3371 2230/10028
f 2239/10029 2238/10030 2228/10031 2230/10032
f 2238/10030 2240/10033 2228/10031
f 2225/10034 2226/10035 2227/10036 1853/10037
f 2225/3351 2224/3350 2226/3354
f 2217/10038 2221/10039 2222/10040 2223/10041
f 2217/10038 2220/10042 2221/10039
f 2203/10043 393/10044 2207/4792 2212/3336
f 2207/4792 2213/3337 2212/3336
f 2204/10045 6031/10046 3163/10047
f 2204/10045 3163/10047 3166/4781
f 2204/10045 3166/4781 2205/4780
f 3163/4728 6031/9878 56/438
f 5191/10048 5190/8070 5189/8069 5192/8087
f 5189/8069 5193/8660 5192/8087
f 755/10049 754/10050 75/10051
f 755/10052 75/592 710/591
f 755/10052 710/591 756/10053
f 6030/9870 71/567 742/572 718/10054
f 742/10055 741/9047 5747/9046 718/9112
f 736/565 70/562 733/561
f 70/562 724/551 723/550 733/561
f 1101/10056 145/10057 1052/10058
f 145/10059 1056/10060 138/10061 1052/10062
f 3887/10063 171/5957 3883/5956 3885/10064
f 3887/10065 1236/10066 173/10067
f 3887/10065 173/10067 1041/10068
f 3887/10069 1041/1143 171/1417
f 1263/10070 184/10071 1270/10072 1269/10073
f 184/10074 1266/10075 3807/10076 1270/10077
f 1294/10078 190/10079 1299/10080 1521/2003
f 1299/10080 1517/1998 1521/2003
f 1447/10081 223/1874 5901/9400 5941/9517
f 5901/9400 5933/9505 5941/9517
f 3758/5747 1507/10082 233/10083 6043/10084
f 233/10083 1535/10085 4326/6665 6043/10084
f 4326/6665 3760/5748 3758/5747 6043/10084
f 1524/2011 3764/5753 3769/10086 3780/10087
f 3792/10088 3791/10089 1522/10090
f 3792/10091 1522/10092 236/10093
f 3792/10094 236/2008 1524/2011
f 5993/9687 3735/5705 1526/10095 5992/10096
f 3735/5705 1531/2020 1527/2016 1526/10095
f 1527/2016 239/10097 1526/10095
f 1751/10098 283/10099 255/10100
f 1751/10101 255/10102 1750/10103
f 1751/10104 1750/2434 1753/2433
f 5997/9691 5996/9690 5998/9692 1765/10105
f 286/10106 1765/10107 5998/10108
f 286/2449 5998/9692 1601/2147
f 286/2449 1601/2147 285/2444
f 1839/2588 1838/2587 1846/2594 5729/10109
f 1846/2594 1845/2593 5729/10109
f 1835/2576 1834/2575 1860/2623 5991/9660
f 1834/2575 1831/2574 309/10110 1860/2623
f 2039/2973 3316/4961 3319/4964 3324/4969
f 2039/2973 346/2972 3316/4961
f 3328/4976 3330/4979 3332/4981 2039/10111
f 3332/10112 345/10113 2039/10114
f 3332/10112 3331/10115 2037/10116 345/10113
f 3145/4702 3147/4704 347/2978 3156/4719
f 2884/4297 2883/4296 3145/4702 3156/4719
f 492/139 2880/4293 2884/4297 3156/4719
f 492/139 2881/4294 2880/4293
f 3157/4721 495/4720 494/3312 2202/10117
f 494/3312 392/3311 2202/10117
f 2386/10118 2383/10119 2163/10120 2162/10121
f 2383/3568 2380/3565 2164/3234 2163/3233
f 5968/10122 2439/10123 6045/10124 6044/10125
f 5971/10126 5948/10127 6045/10128 2439/10129
f 6044/10130 6045/10131 5948/10132 5964/10133
f 5967/10134 5968/10135 6044/10130 5964/10133
f 2365/3547 377/3224 380/3227 5930/9972
f 2365/3547 2364/3546 2159/3225 377/3224
f 5931/10136 2151/3204 2136/3203
f 5931/9503 2136/3186 371/3185
f 5931/10137 371/10138 5974/10139
f 5931/10140 5974/10141 5932/10142
f 5932/10143 5974/10144 5934/10145
f 2149/3199 2148/3198 5938/9514 5946/9531
f 2148/3198 5939/9515 5938/9514
f 2448/3643 1443/1873 2147/3197
f 2448/3643 2147/3197 373/3196
f 2448/3643 373/3196 2149/3199
f 5900/9399 2518/3731 2513/3732 2512/10146
f 2512/3725 2515/3728 1446/1877 2506/3716
f 5900/9399 2512/10146 2505/10147 2507/3721
f 2512/3725 2506/3716 2505/3715
f 3293/4916 3292/4915 3303/10148 3295/10149
f 3303/4935 3299/4925 3296/4922 3295/4921
f 2247/3389 2245/3387 6047/10150 6046/10151
f 3207/4797 3209/4799 6047/10150 2245/3387
f 6046/10151 6047/10150 3209/4799 3210/4800
f 2249/3391 2247/3389 6046/10151 3210/4800
f 5799/9185 2843/4249 2840/4246 5796/9181
f 2843/4249 2841/4247 2840/4246
f 5742/9036 3325/4970 3323/4968 3530/10152
f 3323/4968 3322/4967 3531/5359 3530/10152
f 4490/10153 4493/6941 4497/6946 4498/10154
f 4497/6946 4499/6951 4498/10154
f 4489/6936 4454/6880 4453/6879 4490/10155
f 4453/6879 4491/7209 4490/10155
f 5005/10156 5007/7793 5011/7792 5013/7796
f 5016/7800 5001/7802 5013/7796 5015/7799
f 5001/10157 5005/10158 5013/10159
f 5643/8824 5562/8723 5561/8720 5628/8803
f 5561/8720 5560/8719 5628/8803
f 42/331 46/10160 601/10161 45/332
f 240/2033 1506/10162 1505/1974 1534/2034
f 313/2653 1836/2652 1840/9967 1841/2656
f 2137/3545 2138/3544 2139/3549 5947/9532
f 1534/10163 4323/10164 4325/10165 1535/10166
f 2680/3983 2679/3982 425/43 424/42
f 2110/3127 2113/3130 2199/9449
f 2113/9487 2198/9446 2199/9445
f 6049/10167 6051/10168 6052/10169
f 6052/10169 6051/10168 6053/10170 6054/10171
f 6053/10170 6055/10172 6056/10173 6054/10171
f 6048/10174 6050/10175 6056/10173 6055/10172
f 6050/10175 6048/10174 6055/10172
f 6057/10176 6058/10177 6061/10178 6062/10179
f 6059/10180 6063/10181 6064/10182 6060/10183
f 6064/10182 6063/10181 6065/10184 6066/10185
f 6066/10185 6065/10184 6067/10186 6068/10187
f 6068/10187 6067/10186 6069/10188 6070/10189
f 6070/10189 6069/10188 6071/10190 6072/10191
f 6072/10191 6071/10190 6073/10192 6074/10193
f 6073/10192 6062/10179 6061/10178 6074/10193
f 6075/10194 6079/10195 6080/10196 6076/10197
f 6077/10198 6078/10199 6081/10200 6082/10201
f 6081/10200 6083/10202 6084/10203 6082/10201
f 6084/10203 6083/10202 6085/10204 6086/10205
f 6086/10205 6085/10204 6087/10206 6088/10207
f 6088/10207 6087/10206 6080/10196 6079/10195
f 6089/10208 6090/10209 6095/10210 6096/10211
f 6091/10212 6097/10213 6098/10214 6099/10215
f 6091/10216 6100/10217 6101/10218 6092/10219
f 6091/10216 6099/10220 6102/10221 6100/10217
f 6093/10222 6103/10223 6104/10224 6105/10225
f 6094/10226 6105/10225 6104/10224 6106/10227
f 6106/10227 6104/10224 6100/10217 6102/10221
f 6104/10224 6103/10223 6101/10218 6100/10217
f 6098/10214 6097/10213 6096/10211 6095/10210
f 6107/10228 6111/10229 6112/10230 6110/10231
f 6108/10232 6109/10233 6113/10234 6114/10235
f 6113/10234 6115/10236 6116/10237 6114/10235
f 6116/10237 6115/10236 6117/10238 6118/10239
f 6118/10240 6117/10241 6112/10242 6111/10243
f 2433/10244 6119/10245 6120/10246 6121/10247
f 6120/10246 6119/10245 6122/10248 6123/10249
f 6124/10250 6123/10249 6122/10248
f 6125/10251 6126/10252 6127/10253 6128/10254
f 6129/10255 6128/10256 6127/10257 6130/10258
f 6131/10259 6135/10260 6136/10261 6137/10262
f 6132/10263 6138/10264 6139/10265 6140/10266
f 6133/10267 6141/10268 6142/10269 6143/10270
f 6134/10271 6144/10272 6145/10273 6146/10274
f 6145/10273 6136/10261 6135/10260 6146/10274
f 6145/10273 6144/10272 6143/10270 6142/10269
f 6145/10273 6142/10269 6139/10265 6136/10261
f 6142/10269 6141/10268 6140/10266 6139/10265
f 6139/10265 6138/10264 6137/10262 6136/10261
f 6147/10275 6148/10276 6149/10277 6150/10278
f 6147/10275 6150/10278 6151/10279 6152/10280
f 6147/10275 6152/10280 6153/10281 6148/10276
f 6153/10281 6152/10280 6154/10282 6155/10283
f 6155/10283 6154/10282 6156/10284 6157/10285
f 6157/10285 6156/10284 6158/10286 6159/10287
f 6159/10287 6158/10286 6160/10288 6161/10289
f 6160/10288 6158/10286 6162/10290 6163/10291
f 6162/10290 6158/10286 6156/10284 6164/10292
f 6164/10292 6156/10284 6154/10282 6165/10293
f 6165/10293 6154/10282 6152/10280 6151/10279
f 6166/10294 6170/10295 6171/10296 6168/10297
f 6167/10298 6169/10299 6172/10300 6173/10301
f 6172/10300 6174/10302 6175/10303 6173/10301
f 6175/10303 6174/10302 6176/10304 6177/10305
f 6176/10304 6178/10306 6179/10307 6177/10305
f 6179/10307 6178/10306 6180/10308 6181/10309
f 6180/10308 6182/10310 6183/10311 6181/10309
f 6183/10311 6182/10310 6171/10296 6170/10295
f 6184/10312 6185/10313 6186/10314 6187/10315
f 6184/10312 6188/10316 6189/10317 6185/10313
f 6184/10312 6187/10315 6190/10318 6188/10316
f 6189/10317 6191/10319 6192/10320 6185/10313
f 6189/10317 6188/10316 6193/10321 6194/10322
f 6189/10317 6194/10322 6195/10323 6191/10319
f 6195/10323 6196/10324 6197/10325 6191/10319
f 6195/10323 6194/10322 6198/10326 6199/10327
f 6195/10323 6199/10327 6200/10328 6196/10324
f 6200/10328 6199/10327 6201/10329 6202/10330
f 6202/10330 6201/10329 6203/10331 6204/10332
f 6202/10330 6204/10332 6205/10333 6206/10334
f 6203/10331 6201/10329 6207/10335 6208/10336
f 6207/10335 6201/10329 6199/10327 6198/10326
f 6198/10326 6194/10322 6193/10321 6209/10337
f 6197/10325 6210/10338 6192/10320 6191/10319
f 6211/10339 6212/10340 6213/10341 6214/10342
f 6211/10339 6214/10342 6215/10343 6216/10344
f 6211/10339 6216/10344 6217/10345 6212/10340
f 6217/10345 6216/10344 6218/10346 6219/10347
f 6217/10345 6219/10347 6220/10348 6221/10349
f 6217/10345 6221/10349 6222/10350 6212/10340
f 6222/10350 6223/10351 6213/10341 6212/10340
f 6223/10351 6224/10352 6225/10353 6213/10341
f 6225/10353 6226/10354 6214/10342 6213/10341
f 6226/10354 6227/10355 6215/10343 6214/10342
f 6227/10355 6228/10356 6229/10357 6215/10343
f 6229/10357 6218/10346 6216/10344 6215/10343
f 6230/10358 6238/10359 6233/10360 6239/10361
f 6230/10358 6231/10362 6240/10363 6238/10359
f 6230/10364 6239/10365 6234/10366 6232/10367
f 6231/10362 6241/10368 6242/10369 6240/10363
f 6231/10362 6243/10370 6244/10371 6241/10368
f 6235/10372 6242/10373 6241/10374 6245/10375
f 6236/10376 6246/10377 6244/10371 6247/10378
f 6237/10379 6247/10378 6244/10371 6243/10370
f 6246/10377 6245/10380 6241/10368 6244/10371
f 6248/10381 6252/10382 6253/10383 6254/10384
f 6249/10385 6255/10386 6256/10387 6257/10388
f 6250/10389 6258/10390 6259/10391 6260/10392
f 6251/10393 6261/10394 6262/10395 6263/10396
f 6262/10395 6259/10391 6264/10397 6265/10398
f 6262/10395 6265/10398 6266/10399 6263/10396
f 6262/10395 6261/10394 6260/10392 6259/10391
f 6266/10399 6265/10398 6253/10383 6252/10382
f 6265/10398 6264/10397 6256/10387 6253/10383
f 6264/10397 6267/10400 6257/10388 6256/10387
f 6264/10397 6259/10391 6258/10390 6267/10400
f 6256/10387 6255/10386 6254/10384 6253/10383
f 6268/10401 6272/10402 6273/10403 6274/10404
f 6269/10405 6275/10406 6276/10407 6277/10408
f 6270/10409 6278/10410 6273/10403 6272/10402
f 6271/10411 6277/10408 6276/10407 6279/10412
f 6279/10412 6276/10407 6280/10413 6281/10414
f 6281/10414 6280/10413 6282/10415 6283/10416
f 6282/10415 6284/10417 6285/10418 6283/10416
f 6282/10415 6280/10413 6286/10419 6287/10420
f 6282/10415 6287/10420 6288/10421 6284/10417
f 6288/10421 6274/10404 6273/10403 6284/10417
f 6286/10419 6280/10413 6276/10407 6275/10406
f 6285/10418 6284/10417 6273/10403 6278/10410
f 6289/10422 6290/10423 6291/10424
f 6290/10423 6292/10425 6293/10426 6291/10424
f 6293/10426 6292/10425 6294/10427 6295/10428
f 6296/10429 6299/10430 6300/10431 6297/10432
f 6297/10432 6303/10433 6304/10434 6296/10429
f 6298/10435 6305/10436 6306/10437 6307/10438
f 6304/10434 6303/10433 6308/10439 6309/10440
f 6309/10440 6308/10439 6310/10441 6311/10442
f 6308/10439 6303/10433 6312/10443 6313/10444
f 6314/10445 6297/10432 6300/10431 6315/10446
f 6302/10447 6301/10448 6316/10449 6317/10450
f 6312/10443 6303/10433 6297/10432 6314/10445
f 6299/10451 6296/10452 6304/10453
f 6305/10454 6298/10455 6307/10456
f 6318/10457 6322/10458 6323/10459 6324/10460
f 6319/10461 6325/10462 6326/10463 6327/10464
f 6320/10465 6328/10466 6329/10467 6330/10468
f 6321/10469 6331/10470 6332/10471 6333/10472
f 6332/10471 6331/10470 6327/10464 6326/10463
f 6332/10471 6326/10463 6323/10459 6329/10467
f 6332/10471 6329/10467 6328/10466 6333/10472
f 6329/10467 6323/10459 6322/10458 6330/10468
f 6326/10463 6325/10462 6324/10460 6323/10459
f 6335/10473 6336/10474 6337/10475 6338/10476
f 6337/10475 6339/10477 6340/10478 6338/10476
f 6340/10478 6339/10477 6341/10479 6342/10480
f 6342/10480 6341/10479 6343/10481 6344/10482
f 6344/10482 6343/10481 6345/10483 6346/10484
f 6346/10484 6345/10483 6347/10485 6348/10486
f 6348/10486 6347/10485 6349/10487 6350/10488
f 6350/10488 6349/10487 6351/10489 6352/10490
f 6352/10490 6351/10489 6334/10491
f 6353/10492 6354/10493 6355/10494 6356/10495
f 6356/10495 6355/10494 6357/10496 6358/10497
f 6358/10497 6357/10496 6359/10498
f 6360/10499 6361/10500 6362/10501 6363/10502
f 6360/10499 6363/10502 6364/10503 6365/10504
f 6360/10505 6365/10506 6366/10507 6361/10508
f 6367/10509 6368/10510 6369/10511
f 6370/10512 6371/10513 6372/10514 6373/10515
f 6369/10511 6368/10510 6374/10516 6370/10512
f 6370/10512 6373/10515 6369/10511
f 6370/10512 6374/10516 6375/10517 6371/10513
f 6375/10517 6376/10518 6377/10519 6371/10513
f 6377/10519 6378/10520 6379/10521 6380/10522
f 6377/10519 6380/10522 6372/10514 6371/10513
f 6377/10519 6376/10518 6381/10523 6378/10520
f 6382/10524 6386/10525 6387/10526 6388/10527
f 6383/10528 6389/10529 6390/10530 6391/10531
f 6384/10532 6392/10533 6393/10534 6394/10535
f 6385/10536 6395/10537 6396/10538 6397/10539
f 6396/10538 6395/10537 6394/10535 6393/10534
f 6396/10538 6393/10534 6387/10526 6390/10530
f 6396/10538 6390/10530 6389/10529 6397/10539
f 6393/10534 6392/10533 6388/10527 6387/10526
f 6390/10530 6387/10526 6386/10525 6391/10531
f 6398/10540 6402/10541 6403/10542 6404/10543
f 6399/10544 6405/10545 6406/10546 6407/10547
f 6400/10548 6407/10547 6406/10546 6408/10549
f 6401/10550 6409/10551 6403/10542 6402/10541
f 6409/10551 6408/10549 6406/10546 6403/10542
f 6406/10546 6405/10545 6404/10543 6403/10542
f 6410/10552 6414/10553 6415/10554 6416/10555
f 6411/10556 6417/10557 6418/10558 6419/10559
f 6412/10560 6420/10561 6421/10562 6422/10563
f 6413/10564 6423/10565 6424/10566 6425/10567
f 6425/10567 6424/10566 6421/10562 6420/10561
f 6424/10566 6423/10565 6419/10559 6418/10558
f 6424/10566 6418/10558 6415/10554 6421/10562
f 6421/10562 6415/10554 6414/10553 6422/10563
f 6418/10558 6417/10557 6416/10555 6415/10554
f 6426/10568 6427/10569 6428/10570 6429/10571
f 6430/10572 6431/10573 6432/10574 6433/10575
f 6433/10575 6432/10574 6434/10576 6435/10577
f 6434/10576 6432/10574 6436/10578 6437/10579
f 6437/10579 6436/10578 6438/10580 6439/10581
f 6439/10581 6438/10580 6440/10582 6441/10583
f 6441/10583 6440/10582 6442/10584 6443/10585
f 6427/10586 6426/10587 6429/10588
f 6444/10589 6445/10590 2420/10591 6446/10592
f 6444/10589 6446/10592 6447/10593 6448/10594
f 6444/10589 6448/10594 2426/10595 6449/10596
f 6451/10597 6473/10598 6450/10599 6472/10600 6454/10601
f 6457/10602 6456/10603 2430/10604 6458/10605
f 2430/10604 6459/10606 6460/10607 6458/10605
f 6461/10608 6448/10594 6447/10593 6462/10609
f 6462/10609 6447/10593 6463/10610 6464/10611
f 6463/10610 6447/10593 6446/10592 6465/10612
f 6465/10612 6446/10592 2420/10591 6466/10613
f 6466/10613 2420/10591 6467/10614 6468/10615
f 6459/10616 6469/10617 6449/10596 2426/10595 2424/10618
f 6469/10617 6470/10619 6471/10620 6449/10596
f 6468/10621 6467/10622 2420/10623
f 6468/10621 2420/10623 6445/10624 6444/10625
f 6468/10615 6444/10589 6449/10596
f 6468/10615 6449/10596 6471/10620
f 6468/10615 6471/10620 6470/10619
f 6472/10626 6450/10627 6473/10628 6452/10629 6454/10630
f 6455/10631 6459/10606 2430/10604 6456/10603 6457/10602
f 6474/10632 6478/10633 6479/10634 6480/10635
f 6475/10636 6480/10635 6479/10634 6481/10637
f 6476/10638 6482/10639 6483/10640 6484/10641
f 6477/10642 6485/10643 6483/10640 6482/10639
f 6485/10643 6486/10644 6487/10645 6483/10640
f 6487/10645 6479/10634 6478/10633 6488/10646
f 6487/10645 6488/10646 6484/10641 6483/10640
f 6487/10645 6486/10644 6481/10637 6479/10634
f 6490/10647 6489/10648 6492/10649 6493/10650
f 6490/10651 6493/10652 6494/10653 6495/10654
f 6490/10655 6495/10656 6496/10657 6491/10658
f 6496/10657 6495/10656 6497/10659 6498/10660
f 6498/10660 6497/10659 6499/10661 6500/10662
f 6500/10662 6499/10661 6501/10663 6502/10664
f 6501/10665 6499/10666 6503/10667 6504/10668
f 6503/10667 6499/10666 6497/10669 6505/10670
f 6505/10670 6497/10669 6495/10671 6494/10672
f 6489/10648 6490/10647 6491/10673 6492/10649
f 6506/10674 6510/10675 6511/10676 6512/10677
f 6507/10678 6513/10679 6514/10680 6515/10681
f 6508/10682 6516/10683 6517/10684 6518/10685
f 6509/10686 6519/10687 6520/10688 6521/10689
f 6520/10688 6519/10687 6518/10685 6517/10684
f 6520/10688 6517/10684 6511/10676 6514/10680
f 6520/10688 6514/10680 6513/10679 6521/10689
f 6517/10684 6516/10683 6512/10677 6511/10676
f 6514/10680 6511/10676 6510/10675 6515/10681
f 6522/10690 6523/10691 6524/10692
f 6523/10691 6525/10693 6526/10694 6524/10692
f 6526/10694 6525/10693 6527/10695 6528/10696
f 6527/10695 6529/10697 6530/10698 6528/10696
f 6527/10695 6531/10699 6532/10700 6529/10697
f 6532/10700 6533/10701 6534/10702 6529/10697
f 6534/10702 6535/10703 6536/10704 6537/10705
f 6534/10702 6537/10705 6530/10698 6529/10697
f 6534/10702 6533/10701 6538/10706 6535/10703
f 6538/10706 6539/10707 6540/10708 6535/10703
f 6540/10708 6541/10709 6536/10704 6535/10703
f 6542/10710 6546/10711 6547/10712 6548/10713
f 6543/10714 6549/10715 6550/10716 6551/10717
f 6544/10718 6552/10719 6553/10720 6554/10721
f 6545/10722 6555/10723 6556/10724 6557/10725
f 6556/10724 6555/10723 6551/10726 6550/10727
f 6556/10728 6550/10716 6547/10712 6553/10720
f 6556/10724 6553/10729 6552/10730 6557/10725
f 6553/10720 6547/10712 6546/10711 6554/10721
f 6550/10716 6549/10715 6548/10713 6547/10712
f 6558/10731 6559/10732 6560/10733 6561/10734
f 6558/10731 6561/10734 6562/10735 6563/10736
f 6558/10731 6563/10736 6564/10737 6559/10732
f 6564/10737 6565/10738 6566/10739 6559/10732
f 6566/10739 6567/10740 6560/10733 6559/10732
f 6567/10740 6568/10741 6569/10742 6560/10733
f 6569/10742 6570/10743 6561/10734 6560/10733
f 6570/10743 6571/10744 6562/10735 6561/10734
f 6571/10745 6573/10746 6574/10747
f 6573/10746 6575/10748 6576/10749 6574/10747
f 6573/10746 6577/10750 6578/10751 6575/10748
f 6576/10752 6575/10753 6579/10754 6580/10755
f 6579/10756 6575/10748 6578/10751
f 6581/10757 6582/10758 6583/10759
f 6583/10759 6582/10758 6584/10760 6585/10761
f 6584/10760 6586/10762 6587/10763 6585/10761
f 6587/10763 6588/10764 6589/10765 6585/10761
f 6590/10766 6591/10767 6592/10768 6593/10769
f 6590/10766 6593/10769 6594/10770 6595/10771
f 6590/10766 6595/10771 6596/10772 6591/10767
f 6596/10772 6595/10771 6597/10773 6598/10774
f 6597/10773 6595/10771 6594/10770 6599/10775
f 6599/10775 6594/10770 6600/10776 6601/10777
f 6600/10776 6594/10770 6593/10769 6602/10778
f 6602/10778 6593/10769 6592/10768 6603/10779
f 6604/10780 6608/10781 6609/10782 6610/10783
f 6605/10784 6610/10783 6609/10782 6611/10785
f 6606/10786 6612/10787 6613/10788 6614/10789
f 6607/10790 6615/10791 6613/10788 6612/10787
f 6615/10791 6611/10785 6609/10782 6613/10788
f 6614/10789 6613/10788 6609/10782 6608/10781
f 6616/10792 6620/10793 6621/10794 6622/10795
f 6617/10796 6623/10797 6621/10794 6620/10793
f 6618/10798 6624/10799 6625/10800 6626/10801
f 6619/10802 6626/10803 6625/10804 6627/10805
f 6627/10805 6625/10804 6628/10806 6629/10807
f 6629/10807 6628/10806 6630/10808 6631/10809
f 6631/10809 6630/10808 6632/10810 6633/10811
f 6633/10811 6632/10810 6634/10812 6635/10813
f 6635/10813 6634/10812 6636/10814 6637/10815
f 6637/10815 6636/10814 6638/10816 6639/10817
f 6639/10817 6638/10816 6640/10818 6641/10819
f 6641/10819 6640/10818 6642/10820 6643/10821
f 6643/10821 6642/10820 6644/10822 6645/10823
f 6645/10823 6644/10822 6621/10794 6623/10797
f 6644/10822 6646/10824 6622/10795 6621/10794
f 6644/10822 6642/10820 6647/10825 6646/10824
f 6647/10825 6642/10820 6640/10818 6648/10826
f 6648/10826 6640/10818 6638/10816 6649/10827
f 6649/10827 6638/10816 6636/10814 6650/10828
f 6650/10828 6636/10814 6634/10812 6651/10829
f 6651/10829 6634/10812 6632/10810 6652/10830
f 6652/10830 6632/10810 6630/10808 6653/10831
f 6653/10831 6630/10808 6628/10806 6654/10832
f 6654/10832 6628/10806 6625/10804 6624/10833
f 6655/10834 6660/10835 6661/10836 6662/10837
f 6656/10838 6659/10839 6658/10840 6663/10841
f 6657/10842 6664/10843 6665/10844 6666/10845
f 6658/10840 6661/10836 6660/10835 6663/10841
f 6658/10840 6666/10845 6665/10844 6661/10836
f 6665/10844 6667/10846 6662/10837 6661/10836
f 6667/10846 6665/10844 6664/10843
f 6668/10847 6672/10848 6673/10849 6674/10850
f 6669/10851 6675/10852 6676/10853 6677/10854
f 6670/10855 6678/10856 6679/10857 6680/10858
f 6671/10859 6681/10860 6682/10861 6683/10862
f 6683/10862 6682/10861 6679/10857 6678/10856
f 6682/10861 6676/10853 6673/10849 6679/10857
f 6682/10861 6681/10860 6677/10854 6676/10853
f 6679/10857 6673/10849 6672/10848 6680/10858
f 6676/10853 6675/10852 6674/10850 6673/10849
f 6684/10863 6692/10864 6693/10865 6694/10866
f 6684/10863 6685/10867 6695/10868 6692/10864
f 6684/10863 6694/10866 6696/10869 6697/10870
f 6686/10871 6697/10870 6696/10869 6691/10872
f 6687/10873 6688/10874 6698/10875 6699/10876
f 6689/10877 6700/10878 6692/10864 6695/10868
f 6690/10879 6701/10880 6693/10865 6702/10881
f 6691/10872 6696/10869 6703/10882 6704/10883
f 6691/10872 6704/10883 6699/10876 6698/10875
f 6703/10882 6696/10869 6694/10866 6705/10884
f 6705/10884 6694/10866 6693/10865 6701/10880
f 6702/10881 6693/10865 6692/10864 6700/10878
f 6706/10885 6707/10886 6708/10887
f 6707/10886 6709/10888 6710/10889 6708/10887
f 6710/10889 6711/10890 6712/10891 6713/10892
f 6710/10889 6713/10892 6714/10893 6708/10887
f 6712/10891 6711/10890 6715/10894 6716/10895
f 6716/10895 6717/10896 6718/10897 6719/10898
f 6716/10895 6719/10898 6720/10899 6712/10891
f 6716/10895 6715/10894 6721/10900 6717/10896
f 6720/10899 6719/10898 6722/10901 6723/10902
f 6723/10902 6722/10901 6724/10903 6725/10904
f 6725/10904 6724/10903 6726/10905 6727/10906
f 6727/10906 6726/10905 6728/10907 6729/10908
f 6729/10908 6728/10907 6730/10909 6731/10910
f 6732/10911 6728/10907 6726/10905 6733/10912
f 6733/10912 6726/10905 6724/10903 6734/10913
f 6734/10913 6724/10903 6722/10901 6735/10914
f 6735/10914 6722/10901 6719/10898 6718/10897
f 6730/10909 6728/10907 6732/10911
f 6736/10915 6737/10916 6738/10917 6739/10918
f 6736/10915 6739/10918 6741/10919 6742/10920
f 6741/10919 6739/10918 6743/10921 6744/10922
f 6741/10919 6744/10922 6745/10923 6746/10924
f 6741/10919 6746/10924 6747/10925 6742/10920
f 6747/10925 6746/10924 6748/10926 6749/10927
f 6749/10927 6748/10926 6750/10928 6751/10929
f 6751/10929 6750/10928 6752/10930 6753/10931
f 6752/10930 6750/10928 6754/10932 6755/10933
f 6752/10930 6755/10933 6756/10934 6757/10935
f 6757/10935 6756/10934 6758/10936 6759/10937
f 6754/10932 6750/10928 6748/10926 6760/10938
f 6760/10938 6748/10926 6746/10924 6745/10923
f 6743/10921 6739/10918 6738/10917 6761/10939
f 6761/10939 6738/10917 6762/10940 6763/10941
f 6762/10940 6738/10917 6737/10916 6764/10942
f 6764/10943 6737/10944 6740/10945 6765/10946
f 6764/10947 6765/10948 6766/10949
f 6740/10950 6736/10915 6742/10920 6747/10925
f 6740/10951 6737/10952 6736/10953
f 6767/10954 6768/10955 6769/10956
f 6770/10957 6771/10958 6769/10956 6768/10955
f 6770/10957 6768/10955 6772/10959
f 6770/10957 6772/10959 6773/10960 6774/10961
f 6770/10957 6774/10961 6775/10962 6771/10958
f 6775/10962 6774/10961 6776/10963 6777/10964
f 6777/10964 6776/10963 6778/10965 6779/10966
f 6778/10965 6776/10963 6780/10967 6781/10968
f 6780/10967 6776/10963 6774/10961 6773/10960
f 6782/10969 6783/10970 6784/10971
f 6786/10972 6787/10973 6784/10971 6783/10970
f 6783/10970 6785/10974 6786/10972
f 6787/10973 6786/10972 6788/10975 6789/10976
f 6788/10975 6790/10977 6791/10978 6789/10976
f 6788/10975 6792/10979 6793/10980 6790/10977
f 6793/10980 6792/10979 6794/10981 6795/10982
f 6794/10981 6792/10979 6786/10972 6785/10974
f 6792/10979 6788/10975 6786/10972
f 6796/10983 6799/10984 6800/10985 6801/10986
f 6797/10987 6802/10988 6803/10989 6798/10990
f 6803/10989 6802/10988 6804/10991 6805/10992
f 6805/10992 6804/10991 6806/10993 6807/10994
f 6807/10994 6806/10993 6808/10995 6809/10996
f 6809/10996 6808/10995 6810/10997 6811/10998
f 6811/10998 6810/10997 6812/10999 6813/11000
f 6813/11000 6812/10999 6814/11001 6815/11002
f 6815/11002 6814/11001 6816/11003 6817/11004
f 6817/11004 6816/11003 6818/11005 6819/11006
f 6819/11006 6818/11005 6820/11007 6821/11008
f 6821/11008 6820/11007 6801/10986 6800/10985
f 6822/11009 6826/11010 6827/11011 6828/11012
f 6823/11013 6828/11012 6827/11011 6829/11014
f 6824/11015 6830/11016 6827/11011 6826/11010
f 6825/11017 6829/11014 6827/11011 6830/11016
f 6831/11018 6835/11019 6836/11020 6837/11021
f 6832/11022 6838/11023 6836/11020 6835/11019
f 6833/11024 6839/11025 6840/11026 6841/11027
f 6834/11028 6842/11029 6840/11026 6839/11025
f 6842/11029 6843/11030 6844/11031 6840/11026
f 6844/11031 6843/11030 6845/11032 6846/11033
f 6844/11031 6846/11033 6847/11034 6848/11035
f 6844/11031 6848/11035 6841/11027 6840/11026
f 6847/11034 6846/11033 6836/11020 6838/11023
f 6846/11033 6845/11032 6837/11021 6836/11020
f 6849/11036 6853/11037 6854/11038 6855/11039
f 6850/11040 6856/11041 6857/11042 6858/11043
f 6851/11044 6859/11045 6860/11046 6861/11047
f 6852/11048 6862/11049 6863/11050 6864/11051
f 6864/11051 6863/11050 6860/11046 6859/11045
f 6863/11050 6857/11042 6854/11038 6860/11046
f 6863/11050 6862/11049 6858/11043 6857/11042
f 6860/11046 6854/11038 6853/11037 6861/11047
f 6857/11042 6856/11041 6855/11039 6854/11038
f 4331/11052 2233/11053 5032/11054
f 4327/11055 4328/11056 4059/11057
f 4960/11058 4962/11059 3778/11060
f 5028/7823 2446/7744 5026/7824
f 5121/7975 4972/7714 5132/7996
f 2439/11061 5970/11062 5972/11063
f 3769/10086 3770/11064 3772/5774
f 6473/10598 6451/10597 6452/11065
f 2426/10595 6448/10594 6461/10608
f 6460/10607 6459/10606 2424/11066
f 2414/11067 2413/3628 2435/11068 2434/11069
f 2435/11068 2413/3628 2436/3630
f 3769/10086 3772/5774 3773/5770 3780/10087
