# Blender 4.5.0
# www.blender.org
mtllib tripo_convert_2f7c9c0c-f787-47bf-9a2b-6b998d143d3f.mtl
o tripo_node_2f7c9c0c-f787-47bf-9a2b-6b998d143d3f
v 0.000007 -0.108337 -0.488464
v 0.000409 -0.063416 0.143784
v 0.000716 0.101212 -0.390015
v 0.001380 0.110672 -0.152985
v 0.001672 -0.118538 -0.020666
v 0.001799 0.124992 -0.229645
v 0.001849 0.099617 -0.249420
v 0.002159 -0.099419 -0.265564
v 0.002442 -0.119347 -0.488251
v 0.002661 -0.019949 0.473816
v 0.002867 0.086601 -0.488464
v 0.002869 -0.100502 -0.247253
v 0.002934 0.019737 0.451477
v 0.003011 0.099449 -0.265350
v 0.003022 -0.079460 0.181580
v 0.003184 0.009638 0.481812
v 0.003268 -0.099426 -0.250275
v 0.003388 0.100601 -0.020138
v 0.003390 0.099289 -0.251434
v 0.003432 0.100052 -0.248138
v 0.004060 0.022223 0.106354
v 0.004169 0.097443 -0.251343
v 0.004177 0.098633 -0.265564
v 0.004190 -0.098686 -0.265564
v 0.004195 0.101868 -0.246597
v 0.004221 0.089066 -0.265320
v 0.004370 0.101036 -0.265961
v 0.004388 -0.096909 -0.251190
v 0.004441 0.088959 -0.251282
v 0.004442 -0.088997 -0.251617
v 0.004686 -0.107742 -0.131256
v 0.004766 -0.088165 -0.265564
v 0.005902 -0.087975 -0.250275
v 0.005980 -0.061092 -0.020844
v 0.005997 0.087852 -0.265564
v 0.006105 0.095016 -0.249939
v 0.006173 0.089233 -0.250000
v 0.006196 0.087845 -0.251373
v 0.006555 0.020164 -0.095505
v 0.007036 0.001202 0.487946
v 0.007082 -0.095497 -0.249741
v 0.007228 0.040840 0.144562
v 0.007889 -0.012147 0.486023
v 0.007960 -0.118401 -0.488495
v 0.008050 0.021008 0.104599
v 0.008118 0.056808 -0.020842
v 0.008371 -0.026468 -0.092514
v 0.008923 -0.027519 -0.095406
v 0.009338 0.018551 -0.092728
v 0.009494 -0.027283 0.165390
v 0.009535 0.020061 0.106277
v 0.009612 -0.027197 -0.087166
v 0.009632 -0.027258 0.450989
v 0.009907 0.019983 -0.087173
v 0.010257 -0.027267 -0.021290
v 0.010348 0.004826 0.482330
v 0.010496 0.019865 0.447998
v 0.010770 -0.121178 -0.485291
v 0.010927 0.063896 -0.095474
v 0.011018 -0.027224 0.413757
v 0.011035 0.019554 0.166412
v 0.011373 -0.026642 0.325531
v 0.011383 -0.027168 0.103973
v 0.011443 0.019636 -0.035965
v 0.012116 -0.121391 -0.270996
v 0.012451 0.019247 -0.086548
v 0.012486 -0.026716 -0.039661
v 0.012562 -0.026430 0.171509
v 0.012572 -0.026558 -0.086929
v 0.012920 0.017111 -0.095322
v 0.013309 -0.001968 0.482758
v 0.013515 0.100761 -0.099487
v 0.013586 0.018759 -0.020641
v 0.013922 0.043026 0.144516
v 0.014380 0.042603 -0.055092
v 0.014390 -0.037426 -0.088753
v 0.014391 -0.054066 -0.020838
v 0.014400 -0.053162 -0.049004
v 0.014402 -0.037560 -0.020809
v 0.014413 0.030376 -0.052345
v 0.014423 0.046196 -0.088577
v 0.014457 0.046303 -0.020851
v 0.014458 0.028730 -0.020847
v 0.014569 0.029430 -0.090149
v 0.014690 -0.055565 -0.090775
v 0.014749 0.048138 -0.061520
v 0.014753 0.024963 -0.050480
v 0.014760 0.024549 -0.082962
v 0.014853 -0.057312 -0.021362
v 0.014914 -0.057392 -0.084908
v 0.015065 -0.028286 -0.020760
v 0.015187 0.017427 -0.045773
v 0.015289 0.101006 0.179138
v 0.015391 -0.025454 -0.020599
v 0.015397 0.021261 -0.021322
v 0.015431 -0.048843 0.143890
v 0.015465 -0.025524 -0.038052
v 0.015537 -0.025452 -0.062691
v 0.015622 0.048069 -0.092812
v 0.015642 0.017437 -0.070648
v 0.015648 -0.025501 -0.083900
v 0.015694 -0.063690 0.143570
v 0.015791 0.017454 -0.020918
v 0.015844 -0.024384 0.450653
v 0.015896 0.017744 -0.043129
v 0.015959 -0.024347 0.143066
v 0.016031 0.017595 -0.049747
v 0.016060 0.016172 -0.089073
v 0.016117 0.058285 0.181351
v 0.016230 0.017088 -0.084183
v 0.016268 0.052898 -0.020811
v 0.016283 -0.061554 -0.020975
v 0.016470 -0.114883 -0.171310
v 0.016489 0.016270 0.103905
v 0.016525 -0.120316 -0.202332
v 0.016624 -0.037411 -0.095291
v 0.016638 0.021458 -0.090515
v 0.016645 -0.062057 -0.052910
v 0.016687 -0.054348 -0.095413
v 0.016701 -0.024082 -0.088570
v 0.016783 0.053520 -0.054470
v 0.016819 0.053467 -0.088371
v 0.016821 0.015599 -0.089592
v 0.016872 -0.062183 -0.091087
v 0.017008 -0.060719 0.144409
v 0.017014 0.027971 -0.095436
v 0.017057 0.047939 -0.095238
v 0.017155 0.049637 0.169098
v 0.017382 0.010750 -0.094383
v 0.017448 -0.023134 0.274780
v 0.017799 0.053978 -0.091820
v 0.018036 0.100929 -0.488037
v 0.018145 0.022949 -0.095428
v 0.018518 -0.019897 -0.095184
v 0.018778 0.011341 -0.095520
v 0.019497 0.057167 -0.081291
v 0.019592 0.053650 -0.095337
v 0.019739 0.013058 0.436005
v 0.019756 -0.066246 -0.021046
v 0.019791 -0.061966 -0.095383
v 0.019880 0.057693 -0.020840
v 0.020071 -0.066628 -0.087227
v 0.020258 -0.069473 0.167389
v 0.020369 0.057606 -0.091324
v 0.021133 -0.067459 -0.069786
v 0.021597 0.059361 -0.022310
v 0.021776 -0.018740 0.451294
v 0.021776 -0.042252 0.106033
v 0.022070 -0.019297 0.104012
v 0.022627 0.009046 0.298737
v 0.022652 -0.068314 -0.091835
v 0.022724 0.079254 -0.020849
v 0.022861 -0.017931 0.359344
v 0.023193 0.009386 0.104111
v 0.023300 -0.017738 0.216553
v 0.023502 0.067101 0.181458
v 0.023565 -0.006469 0.453552
v 0.023899 -0.104820 -0.116203
v 0.024035 -0.017269 0.449188
v 0.024044 0.022331 0.107224
v 0.024220 0.019266 0.104080
v 0.024225 -0.016031 0.103920
v 0.024246 0.008179 0.448364
v 0.024250 0.097481 0.181580
v 0.024355 0.005449 0.104141
v 0.024389 0.007973 0.408783
v 0.024590 0.026731 0.139252
v 0.024683 -0.119965 -0.266449
v 0.024754 0.061787 -0.021265
v 0.024870 0.061733 -0.082283
v 0.024918 0.063217 -0.020775
v 0.025080 0.059402 -0.095398
v 0.025154 0.094833 -0.250000
v 0.025181 0.087631 -0.251709
v 0.025517 0.025513 0.128693
v 0.025520 -0.087845 -0.250458
v 0.025543 -0.038860 0.103821
v 0.025620 0.043144 0.144699
v 0.025827 0.043091 0.159119
v 0.025858 -0.123482 -0.220703
v 0.025942 0.024395 0.120575
v 0.026068 -0.094582 -0.250000
v 0.026291 -0.100151 -0.265564
v 0.026405 -0.071175 -0.021812
v 0.026419 0.062569 -0.090530
v 0.026596 -0.088005 -0.265411
v 0.026756 0.029034 0.143311
v 0.026852 -0.068848 -0.095245
v 0.026970 -0.098091 -0.265289
v 0.027016 0.088005 -0.265259
v 0.027109 -0.097878 -0.249710
v 0.027159 0.097878 -0.250366
v 0.027170 -0.045464 0.139511
v 0.027170 -0.089432 -0.251526
v 0.027178 0.098694 -0.265503
v 0.027212 0.088890 -0.250214
v 0.027281 0.101646 -0.246643
v 0.027330 -0.044991 0.129089
v 0.027885 0.033375 0.144562
v 0.028376 -0.099434 -0.265228
v 0.028547 -0.074806 -0.020853
v 0.028635 0.099480 -0.265259
v 0.028635 0.099579 -0.249207
v 0.028801 -0.099556 -0.248459
v 0.028906 -0.072174 -0.084183
v 0.029413 -0.103516 -0.245773
v 0.029612 -0.073242 -0.020874
v 0.029644 -0.124901 -0.235550
v 0.029715 0.101105 -0.266113
v 0.029726 0.064217 -0.023209
v 0.029982 0.113762 -0.240891
v 0.030060 -0.125504 -0.232452
v 0.030195 0.020258 0.107361
v 0.030544 0.125595 -0.234894
v 0.030560 0.101151 -0.246002
v 0.030666 -0.039848 0.107452
v 0.030924 -0.124954 -0.235001
v 0.031048 -0.046619 0.143188
v 0.031124 0.067596 -0.020788
v 0.031170 -0.114693 -0.239410
v 0.031183 0.101700 -0.243713
v 0.031206 0.109634 -0.240646
v 0.031315 0.124870 -0.234039
v 0.031368 -0.120193 -0.201996
v 0.031410 0.124557 -0.227219
v 0.031506 -0.072937 -0.021761
v 0.031860 -0.122177 -0.221344
v 0.031887 0.100281 -0.243546
v 0.031925 0.063011 -0.095436
v 0.031940 0.065010 -0.088448
v 0.031952 -0.050987 0.144516
v 0.032001 -0.100250 -0.245682
v 0.032093 0.118599 -0.195511
v 0.032150 0.099586 -0.247665
v 0.032230 0.100731 -0.196274
v 0.032410 0.100128 -0.020752
v 0.032448 0.099800 -0.095543
v 0.032661 0.042458 0.144424
v 0.032669 0.113449 -0.167618
v 0.032768 -0.102249 -0.210846
v 0.032875 -0.119415 -0.203079
v 0.033363 0.107430 -0.135406
v 0.033451 0.099739 -0.190826
v 0.033554 0.099556 -0.240189
v 0.033554 -0.115112 -0.177124
v 0.033585 0.103516 -0.114586
v 0.033619 0.100639 -0.098526
v 0.033730 -0.073174 -0.090988
v 0.033802 0.101463 -0.103256
v 0.033936 0.100319 -0.138351
v 0.034103 -0.101379 -0.183838
v 0.034161 -0.099838 -0.208267
v 0.034241 0.005910 0.103821
v 0.034260 0.100113 -0.108353
v 0.034325 -0.013819 0.103905
v 0.034451 -0.096062 -0.020840
v 0.034500 0.024578 0.140823
v 0.034752 -0.110603 -0.151352
v 0.034954 0.064209 -0.096634
v 0.035076 -0.099838 -0.095573
v 0.035118 0.022545 0.137024
v 0.035164 0.099541 -0.096581
v 0.035206 0.065849 -0.021015
v 0.035252 -0.033638 0.105019
v 0.035275 0.016218 0.108192
v 0.035408 -0.102097 -0.154663
v 0.035431 0.099525 -0.108131
v 0.035583 -0.106293 -0.123695
v 0.035618 -0.100548 -0.158508
v 0.035797 0.065926 -0.087296
v 0.035889 -0.071693 -0.095642
v 0.036053 -0.073715 -0.085144
v 0.036129 -0.116966 0.181458
v 0.036324 -0.101021 -0.096603
v 0.036339 -0.073784 -0.021664
v 0.036480 -0.102226 -0.100319
v 0.036648 -0.099663 -0.167038
v 0.036667 -0.039345 0.128555
v 0.036724 -0.104759 -0.124290
v 0.036888 -0.101166 -0.127045
v 0.037125 0.009831 0.105209
v 0.037151 -0.121246 0.178635
v 0.037403 -0.101990 -0.104820
v 0.037457 -0.099525 -0.143112
v 0.037861 -0.026442 0.106895
v 0.037968 -0.063927 0.159149
v 0.038296 -0.039055 0.140427
v 0.038422 -0.072289 -0.096420
v 0.038651 -0.099564 -0.096596
v 0.038773 0.010403 0.112885
v 0.038822 0.099586 -0.134140
v 0.038929 -0.099632 -0.113014
v 0.038975 0.058304 0.181351
v 0.039009 0.025990 0.143707
v 0.039024 0.063995 -0.095718
v 0.039429 0.065628 -0.092430
v 0.040119 0.099586 -0.214035
v 0.040245 0.016747 0.138428
v 0.041233 -0.107391 -0.265594
v 0.041622 0.010081 0.130356
v 0.041660 0.066269 -0.021000
v 0.041756 -0.029833 0.131424
v 0.042023 0.101234 -0.277466
v 0.042095 -0.029951 0.139481
v 0.042156 0.011098 0.139603
v 0.042507 -0.079353 0.181519
v 0.042713 0.017403 0.142685
v 0.043373 0.101242 -0.015673
v 0.043446 -0.038704 0.144272
v 0.044106 -0.029926 0.143005
v 0.044304 -0.121384 -0.413361
v 0.044731 -0.121376 -0.291321
v 0.044750 0.066322 -0.088562
v 0.044991 0.087517 0.181473
v 0.045086 -0.074158 -0.083595
v 0.045727 0.042908 0.144257
v 0.045761 0.099602 -0.096870
v 0.046062 0.040337 0.144608
v 0.046188 -0.099472 -0.254120
v 0.046329 0.026695 0.144485
v 0.046635 0.101234 0.171234
v 0.046989 0.007205 0.144135
v 0.047352 -0.030348 0.144470
v 0.047672 -0.120346 0.181000
v 0.048538 -0.121140 -0.018120
v 0.049553 -0.074142 -0.020853
v 0.049664 -0.063622 0.143234
v 0.050587 0.042950 0.143677
v 0.050621 -0.121384 0.126099
v 0.051353 0.101219 0.045361
v 0.051426 -0.121384 -0.351074
v 0.051479 -0.073753 -0.096474
v 0.051514 -0.121368 -0.012591
v 0.051628 -0.025398 -0.488464
v 0.052017 -0.060337 0.144409
v 0.052078 0.099586 -0.257355
v 0.052387 -0.073776 -0.091042
v 0.052704 0.064163 -0.095428
v 0.052814 0.064735 -0.096626
v 0.053024 -0.121262 -0.271027
v 0.053036 0.076813 -0.096558
v 0.053181 -0.121391 -0.468903
v 0.053555 -0.120949 -0.486694
v 0.053913 -0.099472 -0.111237
v 0.053932 -0.073837 -0.053532
v 0.054127 -0.121384 -0.002430
v 0.054329 0.058350 0.181396
v 0.054615 0.050838 0.170807
v 0.054638 -0.119820 -0.019815
v 0.054699 0.065742 -0.090973
v 0.054836 -0.118820 -0.488342
v 0.054985 -0.063728 0.138916
v 0.055508 -0.063728 0.127625
v 0.055622 0.042774 0.140472
v 0.055706 0.065575 -0.021366
v 0.055943 -0.071861 -0.095329
v 0.055973 0.100365 -0.265839
v 0.055977 -0.073586 -0.021286
v 0.056156 0.100868 -0.487701
v 0.056194 0.042934 0.127319
v 0.056477 0.099586 -0.140076
v 0.056564 -0.121338 -0.483154
v 0.056664 0.037827 0.144119
v 0.057270 0.100449 0.179642
v 0.057335 0.066978 -0.020792
v 0.057579 -0.055843 0.144531
v 0.057671 -0.060719 0.141571
v 0.057999 -0.026680 0.144531
v 0.058022 -0.099701 -0.265106
v 0.059422 0.085327 -0.488464
v 0.059731 0.019165 0.143982
v 0.059998 -0.072594 -0.090576
v 0.060532 0.097603 0.181580
v 0.060787 -0.056355 0.140671
v 0.060802 -0.063820 0.159149
v 0.060863 0.042877 0.141800
v 0.060905 0.042645 0.127640
v 0.061035 -0.062965 0.126907
v 0.061077 -0.057697 0.127731
v 0.061131 -0.072357 -0.020857
v 0.061184 0.031902 0.143219
v 0.061199 0.036610 0.128036
v 0.061256 0.035870 0.140793
v 0.061317 -0.063599 0.142624
v 0.061367 -0.056297 0.134094
v 0.061420 -0.022726 0.143646
v 0.061424 -0.052219 0.143295
v 0.061481 0.042950 0.159119
v 0.061504 0.100662 -0.019588
v 0.061508 0.042007 0.147461
v 0.061531 0.023701 0.159225
v 0.061546 -0.063255 0.159241
v 0.061588 -0.033802 0.159241
v 0.061668 0.063232 -0.020849
v 0.061806 0.062927 -0.089546
v 0.061893 -0.072021 -0.053635
v 0.062428 -0.116684 -0.020739
v 0.063065 0.060452 -0.096107
v 0.065300 0.060822 -0.021200
v 0.065346 -0.070114 -0.089905
v 0.065460 -0.066956 -0.095421
v 0.065529 0.046719 0.164978
v 0.065720 -0.120911 -0.268402
v 0.066040 -0.068291 0.165695
v 0.066101 -0.119560 -0.266785
v 0.066307 -0.067787 -0.096550
v 0.066582 -0.079445 0.181534
v 0.066628 -0.069405 -0.020853
v 0.066689 0.101227 -0.469849
v 0.067589 -0.068268 -0.055210
v 0.067780 0.058224 -0.087906
v 0.068077 0.057980 -0.020872
v 0.068626 -0.121109 -0.017405
v 0.068802 -0.069420 0.168625
v 0.069389 -0.066063 -0.086273
v 0.069550 -0.060295 -0.095154
v 0.069801 0.048832 0.169922
v 0.070091 0.049179 -0.095421
v 0.070320 -0.006333 -0.096169
v 0.070389 -0.037556 -0.096191
v 0.070572 -0.113640 -0.266113
v 0.070580 0.035637 -0.095245
v 0.070663 -0.053509 -0.095612
v 0.070679 -0.121170 -0.295685
v 0.070686 0.024410 -0.096260
v 0.070709 0.053886 -0.090279
v 0.070724 -0.073067 0.172531
v 0.070770 0.054066 -0.022009
v 0.070786 -0.063011 -0.090813
v 0.071060 0.001280 -0.091148
v 0.071274 0.049049 -0.096603
v 0.071297 -0.031803 -0.088951
v 0.071487 -0.004380 -0.080818
v 0.071571 -0.004811 -0.054241
v 0.071571 -0.033951 -0.021202
v 0.071579 -0.034870 -0.027567
v 0.071594 -0.061726 -0.021009
v 0.071625 -0.005088 -0.021412
v 0.071663 0.021946 -0.081680
v 0.071739 0.018316 -0.042515
v 0.071754 -0.061596 -0.081146
v 0.071770 -0.057224 -0.096626
v 0.071823 -0.111366 -0.488464
v 0.071869 -0.040596 -0.086967
v 0.072121 0.023024 -0.021103
v 0.072144 0.026545 -0.057598
v 0.072182 0.031284 -0.086906
v 0.072250 0.053181 0.174210
v 0.072380 0.032883 -0.051571
v 0.072395 0.049377 -0.090118
v 0.072433 -0.055901 -0.091934
v 0.072548 0.049305 -0.020857
v 0.072601 0.048813 -0.054462
v 0.072624 -0.042961 -0.044720
v 0.072662 0.101219 0.110252
v 0.072731 -0.039322 -0.020851
v 0.072754 0.042530 -0.091377
v 0.072861 -0.045628 -0.021507
v 0.072975 -0.056480 -0.084511
v 0.073013 -0.048214 -0.087921
v 0.073090 -0.054745 -0.020895
v 0.073158 -0.049496 -0.033726
v 0.073196 0.041996 -0.020927
v 0.073227 0.042309 -0.084389
v 0.074936 0.053768 0.176468
v 0.075073 0.101227 -0.308746
v 0.075462 -0.099487 -0.265442
v 0.075722 -0.070511 -0.020855
v 0.075768 -0.121323 -0.471130
v 0.075974 -0.076614 0.177856
v 0.078804 -0.079018 0.181503
v 0.078827 0.058353 0.181442
v 0.078835 0.022844 0.181488
v 0.078850 -0.027653 0.181458
v 0.078850 -0.063889 0.181488
v 0.078926 0.101219 -0.391479
v 0.079338 -0.121315 0.177734
v 0.079887 -0.120911 -0.271393
v 0.079956 0.099472 -0.096954
v 0.082047 0.049599 -0.096542
v 0.082077 -0.064796 -0.096535
v 0.082306 -0.120972 0.179901
v 0.082909 0.101227 0.012039
v 0.083237 0.099594 -0.125824
v 0.084007 0.099472 -0.207718
v 0.084068 -0.020233 -0.096512
v 0.084419 -0.112877 0.181458
v 0.084793 -0.099480 -0.186646
v 0.085197 -0.099480 -0.223862
v 0.085480 0.001068 -0.020954
v 0.085594 -0.120979 -0.485840
v 0.085640 -0.027790 -0.020943
v 0.085648 0.070015 -0.020853
v 0.085693 -0.099487 -0.102974
v 0.085732 -0.099487 -0.157501
v 0.085854 0.099236 -0.129639
v 0.085915 -0.099434 -0.264374
v 0.086098 0.099617 -0.265320
v 0.086258 -0.053879 -0.020895
v 0.086693 0.099236 -0.248123
v 0.087120 -0.083427 -0.021290
v 0.087273 -0.099533 -0.096550
v 0.087296 0.055782 -0.020945
v 0.087334 -0.118889 0.181473
v 0.087395 -0.098969 -0.218231
v 0.087410 -0.120453 -0.487061
v 0.087608 -0.093094 -0.020855
v 0.087669 0.097603 -0.149948
v 0.088150 0.096817 -0.211868
v 0.088264 0.088959 0.181488
v 0.088348 0.098091 -0.264862
v 0.088379 -0.121239 0.066093
v 0.088409 0.097839 -0.096619
v 0.088425 -0.098389 -0.264679
v 0.088432 0.098610 0.181519
v 0.088478 -0.119041 -0.019770
v 0.088562 -0.098022 -0.164703
v 0.088783 0.016741 -0.021486
v 0.088837 -0.097557 -0.110031
v 0.088867 0.093529 -0.166351
v 0.088867 -0.051281 -0.021544
v 0.088875 0.094391 -0.124039
v 0.088905 0.057255 -0.195114
v 0.088959 -0.074471 -0.131241
v 0.089012 0.092850 -0.209915
v 0.089043 0.095558 -0.264526
v 0.089043 0.099922 -0.265717
v 0.089058 0.058800 -0.096466
v 0.089104 -0.096375 -0.215546
v 0.089111 0.059654 -0.264709
v 0.089134 0.000521 -0.107857
v 0.089165 0.052235 -0.197388
v 0.089172 -0.099747 -0.265594
v 0.089188 0.032421 -0.109055
v 0.089188 -0.096260 -0.264679
v 0.089195 0.056591 -0.255615
v 0.089195 0.072739 -0.218628
v 0.089195 0.099968 0.180893
v 0.089203 0.064590 -0.020914
v 0.089203 0.071953 -0.264587
v 0.089211 -0.013746 -0.096458
v 0.089218 -0.119629 -0.487915
v 0.089226 -0.058456 -0.109756
v 0.089249 -0.063835 -0.096474
v 0.089256 0.087135 -0.112564
v 0.089264 0.059193 -0.110237
v 0.089287 0.022532 -0.096458
v 0.089287 0.057819 -0.152481
v 0.089287 -0.083321 -0.264771
v 0.089287 -0.084808 -0.096527
v 0.089302 0.052502 -0.226151
v 0.089302 0.052521 -0.265228
v 0.089302 0.084488 -0.188278
v 0.089310 0.088112 -0.243668
v 0.089317 -0.029339 -0.102463
v 0.089317 -0.059547 -0.124802
v 0.089317 -0.081406 -0.175949
v 0.089317 -0.082870 -0.213089
v 0.089355 0.033638 -0.102715
v 0.089355 -0.068596 -0.022757
v 0.089363 -0.078636 -0.130493
v 0.089378 0.068314 -0.097206
v 0.089417 0.052231 -0.178833
v 0.089455 0.036446 -0.119751
v 0.089470 -0.072464 -0.125214
v 0.089478 -0.078499 -0.194916
v 0.089485 -0.057240 -0.119850
v 0.089561 0.036453 -0.124985
v 0.089584 0.061062 -0.265503
v 0.089600 0.046783 -0.126617
v 0.089607 -0.076538 -0.215530
v 0.089622 0.041698 -0.126480
v 0.089645 -0.076225 -0.228989
v 0.089653 0.052383 -0.260071
v 0.089661 -0.007949 -0.022945
v 0.089668 -0.078125 -0.229523
v 0.089706 -0.078094 -0.161484
v 0.089722 -0.119965 -0.268372
v 0.089737 -0.078232 -0.265228
v 0.089783 -0.077995 -0.178818
v 0.089867 -0.075890 -0.203568
v 0.089958 -0.085518 -0.265411
v 0.090118 0.101212 -0.017492
v 0.090141 -0.120300 0.180832
v 0.090157 -0.120987 -0.347382
v 0.090302 0.089798 -0.265503
v 0.090302 -0.076477 -0.131439
v 0.090309 0.052055 -0.125153
v 0.090416 0.030075 -0.119858
v 0.090416 -0.120903 -0.425171
v 0.090454 -0.026503 -0.119850
v 0.090515 0.052326 -0.151749
v 0.090530 -0.081612 -0.024353
v 0.090607 0.058308 -0.022860
v 0.090660 -0.049343 -0.023502
v 0.090706 -0.077209 -0.184891
v 0.090858 0.015029 -0.023680
v 0.090973 -0.080078 -0.027691
v 0.090981 0.052544 -0.223495
v 0.091110 0.052406 -0.186096
v 0.091110 0.061749 -0.021727
v 0.091118 0.059147 -0.264648
v 0.091164 -0.078003 -0.203995
v 0.091164 -0.083054 -0.264252
v 0.091202 -0.075676 -0.215240
v 0.091209 0.052219 -0.260376
v 0.091217 0.036430 -0.125015
v 0.091248 -0.036049 -0.026745
v 0.091278 0.034370 -0.100761
v 0.091278 -0.076073 -0.207794
v 0.091293 -0.007050 -0.102623
v 0.091309 -0.057045 -0.119873
v 0.091309 -0.059639 -0.097885
v 0.091316 -0.081306 -0.098572
v 0.091324 0.041569 -0.125092
v 0.091331 0.047249 -0.125153
v 0.091331 0.047756 -0.025679
v 0.091339 -0.004176 -0.028036
v 0.091339 -0.058273 -0.087219
v 0.091354 0.057667 -0.026697
v 0.091362 -0.077843 -0.143097
v 0.091393 -0.077423 -0.132080
v 0.091415 0.045609 -0.109955
v 0.091415 -0.078102 -0.176071
v 0.091423 -0.072800 -0.124779
v 0.091431 0.057827 -0.153580
v 0.091454 0.058258 -0.122093
v 0.091454 -0.058842 -0.124908
v 0.091469 -0.077126 -0.228851
v 0.091484 -0.081345 -0.129883
v 0.091530 -0.074081 -0.130280
v 0.091537 -0.008626 -0.108917
v 0.091599 0.058441 -0.041485
v 0.091599 -0.054531 -0.108299
v 0.091621 0.058537 -0.092796
v 0.091660 -0.078102 -0.255554
v 0.091713 0.058720 -0.147217
v 0.091774 -0.120926 -0.320007
v 0.091812 -0.121162 0.107155
v 0.091835 0.058777 -0.259583
v 0.091835 -0.081665 -0.241440
v 0.091835 -0.082253 -0.089096
v 0.091850 -0.082039 -0.042816
v 0.091873 0.058475 -0.215195
v 0.091911 -0.082367 -0.134171
v 0.091972 0.100891 0.179626
v 0.092003 -0.081802 -0.183975
v 0.092163 -0.120903 -0.380890
v 0.092857 0.101097 -0.269012
v 0.092896 -0.083237 -0.026531
v 0.093056 0.059639 -0.136490
v 0.093109 0.060307 -0.024078
v 0.093147 -0.082993 -0.131409
v 0.093178 -0.083443 -0.263031
v 0.093193 -0.085709 -0.021637
v 0.093277 0.059807 -0.038033
v 0.093559 -0.121216 0.023710
v 0.093605 0.060459 -0.264648
v 0.093674 0.059841 -0.182556
v 0.093697 -0.083015 -0.048054
v 0.093750 0.059742 -0.085281
v 0.093979 0.059978 -0.261780
v 0.094025 0.059872 -0.223267
v 0.094177 -0.083130 -0.248871
v 0.094254 0.062706 -0.265564
v 0.094666 -0.120659 -0.286224
v 0.095055 -0.121216 0.142075
v 0.095909 0.100990 -0.487000
v 0.096756 0.051277 0.181473
v 0.096878 -0.120377 -0.270721
v 0.096909 -0.112961 -0.020607
v 0.097000 -0.118408 -0.488373
v 0.097099 -0.053951 0.181473
v 0.097260 -0.121101 -0.483521
v 0.099106 -0.120934 0.071579
v 0.099289 -0.120201 -0.487091
v 0.099579 -0.120537 -0.421082
v 0.099823 -0.121078 0.177429
v 0.099884 -0.004789 0.181473
v 0.099945 -0.120293 -0.282471
v 0.099976 -0.121071 -0.466034
v 0.100151 -0.120537 -0.017128
v 0.100365 0.097763 -0.020176
v 0.100677 -0.121078 -0.012023
v 0.100975 -0.120461 -0.362335
v 0.101028 -0.050037 -0.488464
v 0.101212 -0.120552 -0.310303
v 0.102028 -0.117348 -0.020033
v 0.102058 -0.120621 0.095993
v 0.102661 0.101105 -0.016201
v 0.102722 0.101219 -0.414673
v 0.102875 -0.120476 -0.441132
v 0.102951 0.101227 -0.001702
v 0.103188 -0.118889 -0.268188
v 0.103348 -0.120712 0.043129
v 0.103378 -0.120819 0.141266
v 0.103477 0.101166 -0.486633
v 0.103485 0.100746 0.180099
v 0.104286 -0.119957 0.179993
v 0.104446 0.099808 -0.018997
v 0.104500 0.098671 0.181580
v 0.104507 0.101059 0.131149
v 0.104591 0.098976 -0.265625
v 0.104736 -0.120613 -0.481171
v 0.104836 -0.118774 -0.019043
v 0.104843 0.101128 0.042763
v 0.104935 0.099518 -0.488434
v 0.104942 0.101181 0.177917
v 0.104965 -0.120552 0.176453
v 0.104996 -0.120430 -0.456482
v 0.105057 -0.116112 -0.266937
v 0.105286 -0.120018 -0.305145
v 0.105316 -0.120064 -0.485626
v 0.105530 0.101028 -0.009538
v 0.105705 -0.119690 -0.414917
v 0.105743 -0.120407 -0.012905
v 0.105759 -0.119408 -0.270660
v 0.105789 -0.119965 -0.324341
v 0.105797 0.100937 -0.338074
v 0.106155 0.100471 -0.266632
v 0.106262 0.041718 -0.488464
v 0.106529 0.100800 -0.416107
v 0.106789 0.100723 -0.485687
v 0.106789 -0.119743 0.074677
v 0.106911 0.100761 -0.300262
v 0.107033 -0.117821 -0.488007
v 0.107391 -0.083130 -0.196564
v 0.107475 -0.120110 0.150223
v 0.107773 0.100471 -0.009513
v 0.107819 -0.119965 -0.469269
v 0.107849 -0.116623 -0.267212
v 0.108177 0.100327 0.112640
v 0.108200 -0.119339 0.105583
v 0.108658 -0.119240 -0.321838
v 0.108665 0.099541 -0.017691
v 0.108841 -0.117844 -0.268524
v 0.109062 -0.118668 -0.380676
v 0.109100 0.099426 0.180878
v 0.109131 -0.117142 0.181351
v 0.109169 -0.118828 -0.434967
v 0.109253 0.059795 -0.048080
v 0.109421 0.099800 -0.268402
v 0.109474 -0.118759 -0.295288
v 0.109833 -0.119057 0.026752
v 0.110115 -0.119217 0.149017
v 0.110161 0.098495 -0.265961
v 0.110260 -0.118301 -0.017075
v 0.110489 -0.096474 0.181473
v 0.110504 0.098900 0.082619
v 0.110596 -0.118858 -0.468628
v 0.110611 -0.118271 0.077805
v 0.110680 0.099342 -0.317993
v 0.110794 -0.118347 -0.334167
v 0.110817 -0.015778 0.181458
v 0.110886 0.099091 0.179565
v 0.111069 0.099060 -0.454468
v 0.111198 0.098953 -0.011636
v 0.111694 -0.118263 -0.011603
v 0.111786 0.098518 -0.486847
v 0.111786 -0.117302 -0.486176
v 0.111786 -0.117477 -0.270813
v 0.111839 -0.118111 -0.482300
v 0.111900 -0.118195 0.177231
v 0.111969 -0.117844 -0.311401
v 0.112030 0.098495 -0.359558
v 0.112564 -0.117226 0.103210
v 0.112724 -0.083191 -0.251129
v 0.112854 -0.116730 -0.421265
v 0.112877 0.059872 -0.188980
v 0.112907 0.084740 -0.020620
v 0.112976 0.097870 -0.267914
v 0.113121 -0.117386 -0.466949
v 0.113144 -0.111771 -0.488495
v 0.113281 -0.116714 -0.286285
v 0.113319 -0.083031 -0.097839
v 0.113571 -0.116432 0.076050
v 0.113686 -0.117172 0.146393
v 0.113762 -0.114830 -0.267944
v 0.113815 0.059967 0.181458
v 0.114014 0.097130 -0.458710
v 0.114227 -0.083023 -0.054577
v 0.114281 -0.113213 -0.019262
v 0.114296 -0.116074 -0.342163
v 0.114304 0.095436 -0.488434
v 0.114426 -0.108299 -0.020325
v 0.114571 -0.116127 -0.312195
v 0.114647 0.096245 0.170456
v 0.114693 -0.083069 -0.138092
v 0.114700 -0.115089 -0.398132
v 0.114799 0.092598 -0.019983
v 0.114906 0.096451 -0.012801
v 0.115067 -0.112717 -0.487732
v 0.115120 -0.113823 0.180847
v 0.115211 0.096016 -0.486847
v 0.115273 0.094635 -0.265625
v 0.115379 -0.114822 -0.485504
v 0.115509 -0.084602 -0.022282
v 0.115654 -0.114601 0.088448
v 0.115814 0.095665 -0.352417
v 0.115814 -0.115227 0.000325
v 0.115898 0.095604 -0.307190
v 0.115997 -0.113937 -0.413116
v 0.116089 -0.114449 -0.270508
v 0.116241 0.095047 0.016296
v 0.116318 -0.114548 -0.304810
v 0.116386 -0.114197 0.111778
v 0.116447 0.095001 -0.462341
v 0.116592 -0.113411 -0.426422
v 0.116646 0.093056 0.181503
v 0.116653 -0.088188 -0.020792
v 0.116669 -0.113556 0.075813
v 0.116791 -0.109207 -0.266632
v 0.116814 -0.070229 -0.488434
v 0.116844 0.093971 -0.017748
v 0.117012 -0.113853 0.033417
v 0.117073 -0.113754 -0.472107
v 0.117279 -0.113304 -0.344940
v 0.117310 0.094025 -0.268127
v 0.117325 -0.113464 0.177414
v 0.117706 -0.111267 -0.419678
v 0.117744 0.093338 -0.373108
v 0.117760 0.093323 0.112984
v 0.117821 -0.113136 0.147476
v 0.117828 -0.112595 -0.272797
v 0.117844 -0.112267 -0.016247
v 0.117882 -0.109138 -0.487762
v 0.118034 -0.110451 -0.396423
v 0.118172 0.092514 -0.486938
v 0.118179 -0.111542 -0.364838
v 0.118271 -0.102463 -0.266022
v 0.118294 -0.111832 -0.299377
v 0.118393 -0.110947 0.082954
v 0.118477 0.092537 -0.303955
v 0.118477 -0.111366 -0.330078
v 0.118584 -0.108749 -0.267487
v 0.118652 -0.111534 -0.011356
v 0.118683 0.064751 -0.020836
v 0.118706 -0.087105 -0.265503
v 0.118744 -0.111259 -0.483429
v 0.118759 0.091888 -0.013098
v 0.118851 0.091728 0.043106
v 0.118904 -0.083420 -0.261780
v 0.118927 -0.107239 -0.432251
v 0.118935 0.060078 -0.262878
v 0.119003 -0.109116 -0.357849
v 0.119064 0.091370 -0.431671
v 0.119110 -0.110756 0.023060
v 0.119133 -0.104012 0.181488
v 0.119171 -0.092316 -0.488068
v 0.119209 0.085968 -0.265594
v 0.119247 -0.096298 0.181458
v 0.119278 0.059677 -0.111473
v 0.119278 0.090897 -0.266907
v 0.119286 -0.109657 -0.270233
v 0.119377 0.090736 0.165451
v 0.119392 0.061241 -0.265167
v 0.119400 -0.014745 -0.488403
v 0.119400 -0.104355 -0.380707
v 0.119453 -0.101280 -0.409912
v 0.119499 0.083939 -0.019918
v 0.119530 0.060219 -0.024441
v 0.119606 -0.109398 -0.463837
v 0.119614 -0.105209 -0.018230
v 0.119637 0.080750 -0.488434
v 0.119659 -0.105675 -0.350525
v 0.119667 -0.082901 -0.224304
v 0.119690 -0.109818 0.153488
v 0.119698 0.059841 -0.180313
v 0.119743 -0.084282 -0.264435
v 0.119759 -0.037315 -0.487579
v 0.119759 -0.108101 0.072968
v 0.119820 0.089897 0.077957
v 0.119858 -0.105637 -0.304779
v 0.119881 -0.007308 0.181213
v 0.119926 -0.083435 -0.025211
v 0.119934 0.059601 -0.234024
v 0.119972 -0.108826 0.126160
v 0.119980 -0.098259 -0.434570
v 0.120041 -0.108009 0.179077
v 0.120132 -0.108177 -0.011078
v 0.120140 0.089203 -0.477814
v 0.120232 0.089188 -0.313782
v 0.120262 -0.084816 -0.020918
v 0.120262 -0.107658 -0.484283
v 0.120277 -0.102135 -0.487213
v 0.120300 -0.059982 0.181198
v 0.120316 -0.106789 0.098251
v 0.120361 0.063744 -0.265594
v 0.120392 -0.082222 -0.179031
v 0.120392 -0.104416 -0.269867
v 0.120415 -0.088097 -0.018648
v 0.120430 0.042000 0.181107
v 0.120430 0.088493 -0.003064
v 0.120438 0.059753 -0.033161
v 0.120438 -0.082787 -0.050850
v 0.120514 -0.098709 -0.267426
v 0.120529 0.088081 0.180084
v 0.120544 -0.095894 -0.361969
v 0.120575 0.083565 0.180939
v 0.120575 -0.104851 0.072502
v 0.120598 -0.106003 0.026718
v 0.120621 -0.038094 0.180817
v 0.120667 0.086967 -0.487549
v 0.120728 0.061142 -0.022026
v 0.120728 -0.085205 -0.416595
v 0.120758 0.087532 -0.269012
v 0.120789 -0.095985 -0.295074
v 0.120789 -0.104271 -0.470306
v 0.120796 -0.002327 -0.487854
v 0.120796 -0.082748 -0.258270
v 0.120872 0.064003 -0.019865
v 0.120926 0.086319 -0.016846
v 0.120979 -0.095352 0.071671
v 0.121017 -0.105629 0.148209
v 0.121025 -0.081642 -0.114365
v 0.121040 -0.104248 0.112488
v 0.121048 -0.099625 0.091080
v 0.121056 -0.097786 -0.270538
v 0.121071 -0.103142 0.179260
v 0.121086 0.052315 -0.487427
v 0.121086 -0.081635 -0.228973
v 0.121094 0.059414 -0.260895
v 0.121124 0.080353 -0.487244
v 0.121124 -0.102173 -0.013268
v 0.121162 -0.085358 -0.451813
v 0.121170 0.059124 -0.177017
v 0.121178 0.085045 -0.361145
v 0.121193 0.058365 -0.068390
v 0.121193 -0.083099 -0.370483
v 0.121201 -0.085945 -0.303741
v 0.121208 0.060169 -0.265350
v 0.121231 0.085381 0.129227
v 0.121231 0.085655 0.061371
v 0.121239 -0.089294 -0.486359
v 0.121269 -0.101379 -0.484436
v 0.121284 0.085876 -0.307343
v 0.121315 -0.098778 0.131897
v 0.121338 0.052021 0.179260
v 0.121346 0.082840 -0.267029
v 0.121346 0.084274 -0.449188
v 0.121353 0.082993 -0.017673
v 0.121376 -0.066841 -0.422424
v 0.121384 -0.076904 0.053699
v 0.121407 -0.076469 -0.307281
v 0.121429 0.015451 0.178131
v 0.121429 -0.092590 -0.014678
v 0.121475 -0.008497 -0.486481
v 0.121483 0.031330 -0.474915
v 0.121483 -0.084076 -0.267242
v 0.121483 -0.086548 0.177490
v 0.121513 -0.019552 0.177338
v 0.121529 0.057796 -0.228317
v 0.121529 0.083664 -0.011502
v 0.121536 -0.087921 -0.482300
v 0.121544 0.057785 -0.127411
v 0.121544 -0.024355 0.096848
v 0.121552 0.057774 -0.183426
v 0.121552 0.058380 -0.267334
v 0.121552 -0.081436 -0.058353
v 0.121559 0.014788 -0.374664
v 0.121559 -0.023199 0.131149
v 0.121559 -0.081642 -0.264557
v 0.121567 -0.023727 -0.000090
v 0.121567 -0.024944 -0.177490
v 0.121574 0.041313 -0.274902
v 0.121574 0.046761 -0.185730
v 0.121574 0.048634 0.053123
v 0.121574 0.083061 -0.311768
v 0.121582 0.046783 -0.109093
v 0.121582 0.057861 -0.018686
v 0.121582 0.066162 -0.447968
v 0.121582 0.083839 0.177414
v 0.121582 -0.082085 -0.019876
v 0.121590 -0.024569 -0.081833
v 0.121590 -0.063118 -0.223602
v 0.121597 -0.023918 -0.261627
v 0.121605 0.046566 -0.396271
v 0.121620 -0.039791 -0.452667
v 0.121643 -0.048428 -0.481689
v 0.121651 -0.045864 0.176910
v 0.121666 -0.042984 -0.334717
v 0.121681 -0.052940 -0.318695
v 0.121696 -0.054214 -0.385071
v 0.121696 -0.071312 -0.268341
v 0.121704 -0.060310 -0.105911
v 0.121719 -0.057888 -0.155670
v 0.121735 -0.027002 -0.379761
v 0.121773 0.000905 -0.416534
v 0.121773 -0.044384 0.052914
v 0.121849 -0.048523 0.129837
v 0.121887 -0.043304 -0.148026
v 0.121902 -0.045914 -0.066109
v 0.121910 -0.047668 -0.014146
v 0.121986 -0.047428 -0.244171
v -0.000701 0.101196 -0.266632
v -0.000940 -0.024435 -0.488464
v -0.001021 -0.125458 -0.232086
v -0.001098 0.118668 -0.195938
v -0.001231 0.112457 -0.241547
v -0.001929 0.042419 0.144333
v -0.002132 0.099831 -0.095848
v -0.002496 -0.043934 0.121513
v -0.002602 -0.088593 0.181488
v -0.002975 0.105049 -0.122887
v -0.003328 0.101242 -0.002671
v -0.003500 -0.063919 0.159088
v -0.003783 0.125259 -0.234024
v -0.004131 0.089752 0.181473
v -0.004261 0.001759 0.488464
v -0.004551 -0.071762 -0.095467
v -0.004831 0.101067 -0.266235
v -0.005082 -0.112022 -0.020838
v -0.005102 -0.015482 0.483734
v -0.005830 0.008082 0.480042
v -0.005997 -0.028854 -0.020830
v -0.006124 -0.102242 -0.102318
v -0.006821 0.101234 -0.280365
v -0.008203 -0.021471 0.464172
v -0.008364 0.101288 -0.246796
v -0.008562 0.099976 -0.248123
v -0.008853 -0.124565 -0.235641
v -0.008879 0.101234 -0.474304
v -0.009027 0.019367 -0.092354
v -0.009084 -0.026613 -0.094124
v -0.009352 0.065033 0.181442
v -0.009377 0.020046 0.104439
v -0.009565 -0.007226 0.487762
v -0.009875 0.019957 0.416840
v -0.009935 -0.076927 -0.020836
v -0.010088 -0.120964 -0.018518
v -0.010544 -0.027264 0.104019
v -0.010649 0.019434 0.323090
v -0.010650 0.100571 -0.488129
v -0.010656 -0.027332 -0.085899
v -0.010719 -0.027222 0.448547
v -0.010801 0.019636 0.449921
v -0.011093 -0.026970 0.288208
v -0.011125 0.019560 -0.020872
v -0.011182 0.019066 0.184525
v -0.011481 0.019888 -0.095619
v -0.011508 0.001694 0.481537
v -0.011703 -0.114761 0.181442
v -0.011790 0.019428 -0.080475
v -0.012351 -0.027281 0.201279
v -0.012351 -0.027327 0.387878
v -0.012475 -0.044991 -0.020933
v -0.012520 0.060947 -0.020853
v -0.012571 -0.068802 -0.020910
v -0.012572 -0.048336 -0.033169
v -0.012577 0.038731 -0.085869
v -0.012582 -0.049259 -0.089493
v -0.012605 0.059006 -0.088402
v -0.012644 0.031815 -0.020906
v -0.012696 -0.027109 -0.020941
v -0.012796 0.036572 -0.031080
v -0.012827 -0.029285 -0.043903
v -0.012862 0.101242 0.170135
v -0.012877 0.059765 -0.052959
v -0.012912 -0.068420 -0.035084
v -0.013135 0.038792 -0.091202
v -0.013161 -0.068703 -0.087563
v -0.013175 -0.036411 -0.020893
v -0.013432 0.059238 -0.092110
v -0.013453 -0.026613 -0.088593
v -0.013461 -0.043274 -0.029306
v -0.013469 0.099586 -0.255524
v -0.013508 -0.033932 -0.031658
v -0.013520 -0.045109 -0.081932
v -0.013615 -0.045006 -0.055153
v -0.013623 -0.067734 -0.092400
v -0.013659 0.062256 -0.087700
v -0.013659 0.035034 -0.081619
v -0.013716 0.024265 -0.040485
v -0.013746 0.034107 -0.047115
v -0.013963 0.017199 -0.092796
v -0.013971 0.064476 -0.020842
v -0.014039 -0.071587 -0.028763
v -0.014117 -0.032997 -0.082733
v -0.014570 0.033649 -0.056103
v -0.014571 0.063599 -0.044415
v -0.014710 0.073944 -0.020844
v -0.014729 -0.071854 -0.059444
v -0.014734 -0.072647 -0.020878
v -0.014803 0.017191 0.103851
v -0.014870 0.024492 -0.095505
v -0.015040 0.024870 -0.075615
v -0.015044 -0.024227 -0.094765
v -0.015071 0.026255 -0.090233
v -0.015080 -0.032909 -0.095528
v -0.015191 0.099495 -0.265198
v -0.015232 0.029230 -0.036755
v -0.015319 -0.035610 -0.049767
v -0.015362 0.063576 -0.091225
v -0.015479 0.042934 0.158905
v -0.015640 -0.039116 -0.033195
v -0.015642 0.033062 -0.093071
v -0.015697 -0.049683 -0.095428
v -0.015720 0.042690 0.144516
v -0.015755 -0.041000 -0.090866
v -0.015800 0.046459 -0.095299
v -0.016001 -0.068542 -0.095398
v -0.016008 0.059174 -0.095261
v -0.016045 -0.037865 -0.087669
v -0.016058 0.030342 -0.087105
v -0.016619 0.098244 0.181366
v -0.016619 -0.072929 -0.089638
v -0.016817 0.065201 -0.075226
v -0.017023 0.066315 -0.020819
v -0.017082 -0.073822 -0.021313
v -0.017277 -0.073502 -0.042770
v -0.017496 0.065742 -0.041874
v -0.018038 -0.074463 -0.020798
v -0.018167 -0.013349 0.463013
v -0.018234 -0.022312 0.450256
v -0.018387 0.029446 -0.057617
v -0.018452 -0.039829 -0.057697
v -0.018778 0.029900 -0.077713
v -0.018915 -0.038792 -0.078690
v -0.018976 0.066048 -0.089256
v -0.019083 -0.041740 0.104042
v -0.019464 0.066338 -0.026226
v -0.019667 0.063301 -0.094849
v -0.019848 0.058277 0.181320
v -0.019905 0.063805 -0.095543
v -0.020151 -0.072670 -0.093094
v -0.020199 -0.074043 -0.025585
v -0.020231 -0.101059 -0.097336
v -0.020248 0.100906 -0.019367
v -0.020475 -0.074005 -0.086319
v -0.020559 0.066360 -0.050652
v -0.020683 0.065178 -0.092514
v -0.021257 -0.071320 -0.095047
v -0.021265 -0.018505 0.125092
v -0.021475 -0.071655 -0.095444
v -0.021523 0.011924 0.215622
v -0.022121 -0.097832 -0.095497
v -0.022223 0.011312 0.433533
v -0.022264 0.066368 -0.085320
v -0.022449 0.050938 0.170868
v -0.022543 -0.018621 0.393311
v -0.022549 -0.018602 0.332001
v -0.022863 0.101189 -0.266449
v -0.022936 -0.073715 -0.090469
v -0.022947 0.010103 0.337006
v -0.023073 0.010552 0.104340
v -0.023289 -0.016886 0.241531
v -0.023474 -0.122810 -0.215164
v -0.023554 0.072968 -0.095497
v -0.023766 -0.016029 0.449188
v -0.023985 0.008507 0.450043
v -0.024019 0.029331 0.142960
v -0.024204 -0.003573 0.450958
v -0.024221 0.002696 0.278870
v -0.024242 -0.015010 0.358490
v -0.024271 -0.014760 0.103867
v -0.024294 0.007370 0.103874
v -0.024706 0.101212 0.077629
v -0.025219 0.022097 0.106430
v -0.025419 -0.046059 0.140762
v -0.025616 0.026611 0.138412
v -0.026403 -0.045052 0.130081
v -0.026480 0.025600 0.127991
v -0.027645 -0.043941 0.122658
v -0.027666 0.017704 0.103897
v -0.027744 0.124924 -0.235260
v -0.028936 0.033577 0.144516
v -0.029173 0.101234 0.008721
v -0.029753 -0.120491 -0.019726
v -0.029852 -0.119751 0.181137
v -0.030340 -0.039402 0.106071
v -0.030388 0.020315 0.107414
v -0.030653 -0.106697 -0.265594
v -0.030720 -0.049892 0.144135
v -0.030767 -0.044769 0.140610
v -0.031391 -0.099480 -0.264404
v -0.032921 -0.100006 -0.248230
v -0.033768 -0.028128 0.103889
v -0.033997 0.003800 0.103951
v -0.034019 0.023750 0.140228
v -0.034374 -0.121376 0.179047
v -0.034664 -0.078819 -0.020851
v -0.035126 0.101204 0.178345
v -0.035439 0.089531 0.181488
v -0.035725 0.027420 0.143982
v -0.035797 0.014110 0.106293
v -0.036850 0.010011 0.106308
v -0.036991 -0.028875 0.106491
v -0.037109 -0.062157 0.144043
v -0.037304 -0.120506 -0.487335
v -0.037319 0.099953 -0.096054
v -0.037746 -0.039471 0.138336
v -0.038326 0.017229 0.128876
v -0.038883 0.098740 -0.020838
v -0.039406 -0.041862 0.142944
v -0.039497 0.100838 0.179794
v -0.039516 0.067078 0.181458
v -0.040161 -0.074455 -0.021303
v -0.040394 0.016346 0.140961
v -0.040405 0.010952 0.128540
v -0.040417 0.066208 -0.089127
v -0.040558 -0.030983 0.129990
v -0.041218 0.007382 0.139374
v -0.041348 0.058323 0.181351
v -0.041489 -0.030384 0.140152
v -0.041687 0.099869 -0.248306
v -0.042309 0.042721 0.144516
v -0.043671 -0.034256 0.143417
v -0.043839 -0.073448 -0.095459
v -0.043964 0.015466 0.143768
v -0.044323 -0.115265 -0.488464
v -0.045345 -0.071533 0.170242
v -0.045513 -0.121170 -0.267212
v -0.046604 -0.118515 -0.020649
v -0.046627 0.101646 -0.246628
v -0.046970 0.020155 0.144501
v -0.047302 0.110359 -0.242538
v -0.047348 0.039955 0.144577
v -0.048000 -0.043766 0.144470
v -0.048759 -0.071144 -0.095070
v -0.049191 -0.118393 -0.238754
v -0.049820 -0.079445 0.181519
v -0.050129 -0.112381 -0.157166
v -0.050598 0.043007 0.143326
v -0.051441 0.101265 -0.019096
v -0.052372 -0.063690 0.142059
v -0.053658 -0.121384 0.101753
v -0.054562 0.063736 -0.095306
v -0.054623 -0.063553 0.137375
v -0.054790 0.042892 0.139893
v -0.054939 -0.108704 -0.020847
v -0.055389 0.038700 0.143967
v -0.055687 -0.063286 0.127121
v -0.055756 -0.114319 0.181458
v -0.056061 0.100746 -0.266357
v -0.056355 0.042313 0.126907
v -0.056534 -0.121384 -0.343506
v -0.057228 0.032932 0.144501
v -0.057522 -0.054111 0.144409
v -0.057545 -0.008142 0.144455
v -0.059216 0.119949 -0.202759
v -0.059727 0.043068 0.136932
v -0.059780 0.099579 -0.257141
v -0.060715 0.064499 -0.096016
v -0.060814 0.077026 -0.095482
v -0.060825 0.100189 0.180695
v -0.061016 0.033276 0.142609
v -0.061119 0.042732 0.137772
v -0.061146 0.036278 0.127808
v -0.061211 -0.063675 0.127472
v -0.061237 0.022095 0.142883
v -0.061241 0.042896 0.127472
v -0.061348 -0.055466 0.141541
v -0.061356 -0.056076 0.128036
v -0.061428 0.001994 0.142975
v -0.061428 -0.063896 0.158966
v -0.061470 -0.034229 0.142700
v -0.061485 -0.080482 -0.095596
v -0.061543 0.009860 0.158340
v -0.061569 0.036018 0.140381
v -0.061573 0.035324 0.159149
v -0.061573 -0.062767 0.158981
v -0.061592 -0.017778 0.158981
v -0.061592 -0.063789 0.149902
v -0.061619 -0.021294 0.150711
v -0.061653 0.037781 0.145615
v -0.062576 -0.071281 -0.095406
v -0.063248 -0.121391 -0.474335
v -0.063667 0.099518 -0.020624
v -0.064034 -0.120667 -0.019464
v -0.064270 0.046894 0.164612
v -0.064575 0.101082 -0.100983
v -0.064796 -0.073059 -0.092598
v -0.064919 -0.074715 -0.020811
v -0.065208 0.045387 0.163757
v -0.065414 -0.071884 -0.095963
v -0.065659 0.110947 -0.154633
v -0.065964 -0.069107 0.166565
v -0.066124 -0.121384 -0.428589
v -0.066185 0.098236 0.181488
v -0.066216 0.066368 -0.087524
v -0.066376 0.066353 -0.036640
v -0.066467 0.062805 -0.095764
v -0.066635 -0.074051 -0.025696
v -0.066818 0.066299 -0.020824
v -0.066856 0.101219 -0.363617
v -0.066978 -0.067909 0.166138
v -0.067055 0.065315 -0.092407
v -0.067886 0.101051 -0.487396
v -0.067902 -0.121384 -0.008446
v -0.068413 -0.120049 -0.266205
v -0.068527 -0.073929 -0.021364
v -0.068924 -0.073448 -0.074623
v -0.069405 0.065521 -0.087257
v -0.069527 0.065559 -0.064377
v -0.069611 0.099716 -0.096169
v -0.069931 0.065750 -0.020887
v -0.070068 0.065231 -0.035366
v -0.070282 -0.077194 -0.020834
v -0.070328 0.059891 -0.095650
v -0.070328 -0.010674 0.170486
v -0.070404 -0.071785 -0.092628
v -0.070580 -0.067558 -0.095634
v -0.070625 0.052532 0.173004
v -0.070663 -0.098686 -0.095497
v -0.070694 -0.051304 -0.095581
v -0.070831 0.100494 -0.247253
v -0.070946 0.041214 -0.095627
v -0.070984 0.050819 0.171600
v -0.071037 -0.072639 -0.022585
v -0.071068 -0.073418 -0.020830
v -0.071594 -0.125443 -0.231842
v -0.071732 0.125153 -0.232468
v -0.071777 0.063744 -0.084602
v -0.071800 -0.117226 -0.020794
v -0.071815 -0.072929 0.172577
v -0.071831 0.063126 -0.090218
v -0.071838 -0.124557 -0.235840
v -0.071846 -0.071671 -0.087669
v -0.071960 0.115631 -0.240005
v -0.072014 -0.100487 -0.247177
v -0.072021 0.032913 -0.090614
v -0.072128 -0.125473 -0.234299
v -0.072136 -0.082855 -0.095795
v -0.072258 -0.100075 -0.095924
v -0.072319 -0.042496 -0.090813
v -0.072342 0.083626 -0.095772
v -0.072372 0.029730 -0.086098
v -0.072456 0.063599 -0.020845
v -0.072617 0.062714 -0.033474
v -0.072647 0.018610 -0.076645
v -0.072655 -0.038704 -0.083656
v -0.072685 0.021717 -0.050186
v -0.072716 0.020117 -0.088020
v -0.072731 -0.031708 -0.054081
v -0.072731 -0.037189 -0.027176
v -0.072762 0.026638 -0.070656
v -0.072830 0.058010 -0.092461
v -0.072838 -0.005015 -0.021509
v -0.072853 -0.120155 0.181137
v -0.072853 -0.123734 -0.222275
v -0.072868 -0.034168 -0.089790
v -0.072891 0.026728 -0.051003
v -0.072998 0.040752 -0.092125
v -0.072998 -0.036427 -0.063568
v -0.072998 -0.069992 -0.051968
v -0.073044 -0.039677 -0.094559
v -0.073082 0.100624 -0.246552
v -0.073097 -0.037090 -0.021076
v -0.073158 0.027805 -0.021412
v -0.073265 -0.067757 -0.091599
v -0.073334 -0.069763 -0.021448
v -0.073341 0.099319 -0.096039
v -0.073387 -0.028467 -0.094032
v -0.073441 0.099579 -0.249176
v -0.073502 0.124847 -0.234787
v -0.073547 0.058674 -0.087593
v -0.073570 0.059296 -0.034126
v -0.073586 0.029045 -0.095329
v -0.073662 0.008374 -0.094788
v -0.073677 0.029800 -0.071190
v -0.073685 -0.067657 -0.022097
v -0.073700 -0.111526 -0.241089
v -0.073708 -0.124603 -0.234009
v -0.073715 0.036945 -0.088371
v -0.073730 -0.067802 -0.086945
v -0.073738 0.030304 -0.037811
v -0.073753 0.030270 -0.021774
v -0.073753 -0.048763 -0.090210
v -0.073753 -0.121231 -0.018255
v -0.073761 -0.040157 -0.079063
v -0.073769 0.032494 -0.083000
v -0.073784 -0.039742 -0.039207
v -0.073792 -0.067215 -0.054890
v -0.073799 0.048786 -0.039867
v -0.073883 -0.037151 -0.095566
v -0.073891 0.114212 -0.238937
v -0.074013 0.058537 -0.021412
v -0.074028 -0.038937 -0.021027
v -0.074043 -0.100494 -0.245590
v -0.074081 0.101501 -0.244064
v -0.074158 0.086998 -0.096077
v -0.074249 0.044582 -0.020748
v -0.074287 -0.068054 -0.020824
v -0.074417 0.029743 -0.020779
v -0.074799 0.121246 -0.209976
v -0.074799 0.122635 -0.223022
v -0.074837 -0.076416 0.177231
v -0.074997 -0.099503 -0.249130
v -0.075035 -0.058987 -0.020708
v -0.075203 0.049629 0.176880
v -0.075226 0.101059 -0.231293
v -0.075470 -0.100616 -0.229919
v -0.075676 0.099602 -0.245193
v -0.075813 -0.070885 0.177673
v -0.076012 0.101105 -0.018410
v -0.076027 -0.119759 -0.212036
v -0.076187 -0.118553 -0.192993
v -0.076401 -0.121330 -0.327911
v -0.076469 0.099670 -0.233841
v -0.076591 0.100960 -0.216049
v -0.076706 -0.101349 -0.215240
v -0.076767 0.101074 0.178482
v -0.076805 0.088577 -0.488434
v -0.076958 0.055790 0.179077
v -0.076965 0.057560 0.180298
v -0.076996 0.118172 -0.199951
v -0.077042 -0.099396 -0.231552
v -0.077240 0.115974 -0.181961
v -0.077957 0.069756 -0.020832
v -0.078156 0.073860 -0.095871
v -0.078209 -0.100166 -0.265167
v -0.078217 0.057995 0.181198
v -0.078430 0.099915 -0.211609
v -0.078560 -0.099564 -0.207153
v -0.078682 -0.012434 0.181396
v -0.078712 0.054607 0.181366
v -0.078789 -0.048931 0.181488
v -0.078804 -0.079262 0.181503
v -0.078842 0.101601 -0.192139
v -0.078979 -0.121300 0.091255
v -0.079041 0.058933 0.181519
v -0.079117 0.022806 0.181412
v -0.079216 -0.113876 -0.179321
v -0.079407 0.113670 -0.175003
v -0.079613 0.090248 0.181488
v -0.079987 -0.100464 -0.184067
v -0.080048 0.017742 -0.020855
v -0.080055 -0.111877 -0.156296
v -0.080193 -0.121147 0.179550
v -0.080330 0.110573 -0.153397
v -0.080482 0.100182 -0.194626
v -0.080750 0.102654 -0.166977
v -0.080925 -0.079659 -0.095833
v -0.081131 -0.107971 -0.134293
v -0.081444 0.109451 -0.155212
v -0.081444 -0.099258 -0.188492
v -0.081673 0.101372 -0.163483
v -0.081757 0.099579 -0.255859
v -0.082054 0.105110 -0.123383
v -0.082123 -0.100685 -0.155869
v -0.082260 -0.118500 0.181488
v -0.082291 0.106850 -0.133331
v -0.082344 0.102837 -0.148346
v -0.082642 0.107056 -0.140228
v -0.082703 0.053188 -0.095947
v -0.083000 -0.107513 -0.140488
v -0.083130 -0.040291 -0.095970
v -0.083183 0.100685 -0.162155
v -0.083191 0.066147 0.181473
v -0.083199 0.012484 -0.096031
v -0.083397 -0.104790 -0.117683
v -0.083824 -0.099411 -0.157181
v -0.084297 0.100739 -0.098984
v -0.084518 0.101227 0.120537
v -0.084534 0.101234 -0.461761
v -0.084618 -0.100800 -0.130295
v -0.084793 0.102402 -0.127106
v -0.084808 0.101448 -0.134460
v -0.085014 -0.121117 -0.485748
v -0.085266 0.101089 -0.266937
v -0.085289 0.088440 -0.020786
v -0.085342 -0.099457 -0.238144
v -0.085365 -0.102455 -0.118431
v -0.085442 -0.101318 -0.099464
v -0.085487 0.099495 -0.265320
v -0.085625 -0.066391 -0.020872
v -0.085732 0.100052 -0.190460
v -0.085831 0.101822 -0.113403
v -0.086060 -0.099403 -0.133286
v -0.086067 0.099655 -0.209030
v -0.086365 -0.100067 -0.265503
v -0.086433 0.099365 -0.234299
v -0.086571 -0.085411 -0.020853
v -0.086586 0.100151 -0.019918
v -0.086769 0.027199 -0.020887
v -0.086807 0.062080 -0.020893
v -0.086815 -0.048016 -0.020920
v -0.086868 0.100128 -0.152863
v -0.086876 -0.099869 -0.096161
v -0.087105 0.099220 -0.265320
v -0.087219 -0.015600 -0.020994
v -0.087502 -0.119286 -0.020468
v -0.087692 0.099007 -0.221817
v -0.087700 -0.099030 -0.265137
v -0.087715 -0.099236 -0.122162
v -0.087891 0.099686 -0.096634
v -0.088120 -0.019026 0.181473
v -0.088127 0.100105 -0.115532
v -0.088142 -0.098709 -0.153580
v -0.088432 0.098396 -0.265503
v -0.088493 0.057438 -0.021301
v -0.088585 -0.097420 -0.241913
v -0.088593 -0.097519 -0.195221
v -0.088684 0.015572 -0.102440
v -0.088730 0.098473 -0.144852
v -0.088837 -0.120811 -0.018763
v -0.088844 0.096909 -0.096130
v -0.088875 0.007475 -0.105446
v -0.088875 0.097031 -0.215378
v -0.088882 0.020071 -0.104645
v -0.088898 0.004230 -0.105011
v -0.088982 0.096733 -0.253784
v -0.088989 -0.049828 -0.021555
v -0.089066 0.101234 0.010542
v -0.089096 -0.009223 -0.104904
v -0.089119 -0.060993 -0.096359
v -0.089119 -0.097321 -0.265167
v -0.089142 0.015676 -0.107353
v -0.089142 -0.108543 0.181473
v -0.089149 0.003046 -0.096451
v -0.089149 -0.097939 -0.096497
v -0.089157 0.016245 -0.104584
v -0.089157 0.052090 -0.113731
v -0.089172 0.057804 -0.166153
v -0.089172 0.058941 -0.096352
v -0.089172 -0.034485 -0.096336
v -0.089180 0.082458 -0.096207
v -0.089188 0.054855 -0.194336
v -0.089188 -0.084740 -0.096169
v -0.089195 0.060730 -0.137207
v -0.089203 0.056747 -0.236359
v -0.089241 -0.080803 -0.174149
v -0.089249 0.034687 -0.096428
v -0.089249 -0.021868 -0.104370
v -0.089256 0.051941 -0.104210
v -0.089256 -0.079651 -0.136383
v -0.089264 0.066879 -0.189682
v -0.089264 -0.064751 -0.104225
v -0.089264 -0.079239 -0.212830
v -0.089264 -0.096954 -0.139648
v -0.089272 0.097435 -0.103653
v -0.089279 0.057823 -0.265015
v -0.089279 0.067276 -0.234451
v -0.089279 0.096107 -0.146362
v -0.089279 -0.078285 -0.104263
v -0.089287 -0.079010 -0.235886
v -0.089294 -0.091156 -0.265411
v -0.089310 0.031136 -0.104294
v -0.089333 0.052937 -0.133652
v -0.089348 0.021229 -0.021622
v -0.089355 -0.082008 -0.021660
v -0.089424 0.052971 -0.166367
v -0.089424 0.061031 -0.213898
v -0.089470 -0.078262 -0.153961
v -0.089485 -0.078445 -0.265625
v -0.089485 -0.121254 -0.268311
v -0.089653 0.100578 -0.266052
v -0.089684 0.052219 -0.204605
v -0.089684 0.052998 -0.265076
v -0.089691 -0.078102 -0.183701
v -0.089745 0.055836 -0.022127
v -0.089783 0.052448 -0.228439
v -0.089813 0.008245 -0.108437
v -0.089828 0.052704 -0.182480
v -0.090019 0.080254 -0.265442
v -0.090118 0.060482 -0.021629
v -0.090126 -0.083862 -0.265289
v -0.090179 -0.098457 -0.265564
v -0.090210 -0.036476 -0.104218
v -0.090218 0.052113 -0.155945
v -0.090378 0.097740 -0.265564
v -0.090393 0.009880 -0.103706
v -0.090408 -0.078125 -0.130829
v -0.090431 0.052685 -0.208328
v -0.090439 0.052711 -0.247849
v -0.090530 0.011973 -0.107750
v -0.090546 0.052887 -0.263763
v -0.090576 0.062401 -0.265533
v -0.090630 -0.071724 -0.022896
v -0.090698 -0.008008 -0.023327
v -0.090706 0.014790 -0.104416
v -0.090706 0.052486 -0.130600
v -0.090797 0.057178 0.181473
v -0.090851 -0.034218 -0.023712
v -0.090874 -0.082382 -0.023434
v -0.090942 0.060093 -0.264954
v -0.090965 0.026899 -0.024004
v -0.090965 -0.078224 -0.253845
v -0.091049 0.052452 -0.226654
v -0.091125 -0.063133 -0.104126
v -0.091133 0.053745 -0.181564
v -0.091141 0.052940 -0.236176
v -0.091156 0.031151 -0.104233
v -0.091179 0.023912 -0.103783
v -0.091179 -0.080681 -0.025166
v -0.091187 0.052876 -0.160873
v -0.091194 -0.002757 -0.103180
v -0.091194 -0.079201 -0.232590
v -0.091209 -0.006621 -0.104286
v -0.091225 0.052071 -0.104332
v -0.091232 0.057846 -0.262329
v -0.091240 -0.021629 -0.104568
v -0.091263 -0.078171 -0.263336
v -0.091278 0.025368 -0.100929
v -0.091278 0.054356 -0.218475
v -0.091278 -0.081078 -0.260193
v -0.091286 -0.078064 -0.107536
v -0.091293 -0.069534 -0.025269
v -0.091331 0.016443 -0.045715
v -0.091339 -0.081131 -0.055363
v -0.091347 -0.064148 -0.077232
v -0.091347 -0.081871 -0.076958
v -0.091354 0.038162 -0.092178
v -0.091354 -0.081139 -0.096245
v -0.091362 -0.078995 -0.174957
v -0.091370 -0.080315 -0.108582
v -0.091377 0.057907 -0.051109
v -0.091385 0.000804 -0.096352
v -0.091393 -0.031582 -0.095734
v -0.091423 0.052258 -0.115562
v -0.091438 0.013415 -0.099937
v -0.091438 0.020374 -0.101608
v -0.091461 -0.079422 -0.140839
v -0.091469 -0.081505 -0.032337
v -0.091515 -0.030617 -0.104408
v -0.091522 0.006378 -0.101471
v -0.091583 0.058731 -0.170837
v -0.091621 -0.084167 -0.022232
v -0.091759 0.059052 -0.117706
v -0.091782 -0.082191 -0.105133
v -0.091805 -0.082703 -0.263519
v -0.091858 0.058552 -0.232513
v -0.091888 0.058979 -0.213776
v -0.091896 -0.082314 -0.249115
v -0.091949 -0.085785 -0.021500
v -0.091957 0.059780 -0.261261
v -0.091965 0.058990 -0.090820
v -0.092148 -0.087364 -0.021107
v -0.092384 0.012475 -0.100845
v -0.092392 0.059155 -0.039825
v -0.092461 -0.082558 -0.060066
v -0.092644 -0.082695 -0.144302
v -0.092789 -0.092262 -0.020859
v -0.092850 -0.083000 -0.078094
v -0.093102 0.060211 -0.024191
v -0.093109 -0.082703 -0.219925
v -0.093124 0.062485 -0.021374
v -0.093147 0.059860 -0.161316
v -0.093155 -0.083023 -0.036510
v -0.093262 -0.082993 -0.098312
v -0.093330 0.059849 -0.129486
v -0.093399 -0.082993 -0.168472
v -0.093506 -0.116798 -0.020655
v -0.093643 -0.083237 -0.257446
v -0.093666 0.065605 -0.020975
v -0.093674 0.059898 -0.198120
v -0.093750 -0.083176 -0.025663
v -0.093933 0.060215 -0.263000
v -0.093941 -0.083672 -0.263947
v -0.094093 0.029963 -0.488464
v -0.094116 0.101234 -0.284393
v -0.094704 -0.085930 -0.265503
v -0.094788 -0.083870 -0.023029
v -0.095314 -0.046043 -0.488464
v -0.095726 0.098076 0.181549
v -0.096046 0.015559 0.181473
v -0.096077 -0.084427 -0.264893
v -0.096954 0.060844 -0.264740
v -0.099197 -0.118652 -0.488495
v -0.101723 -0.083160 -0.250763
v -0.102036 -0.119637 -0.266083
v -0.102203 -0.118011 -0.020128
v -0.102280 -0.121132 -0.268005
v -0.102585 0.101173 -0.016241
v -0.102615 -0.120880 -0.016638
v -0.103065 0.100739 -0.018124
v -0.103256 0.101219 -0.394073
v -0.103378 -0.119949 -0.487762
v -0.103485 -0.121170 -0.429932
v -0.103516 0.100960 -0.486755
v -0.103615 -0.119797 0.181091
v -0.103691 -0.121132 0.178970
v -0.103737 0.099747 -0.488373
v -0.103844 -0.121208 -0.479675
v -0.103889 -0.121063 -0.002613
v -0.104172 -0.120934 -0.267914
v -0.104202 0.097595 -0.020319
v -0.104271 -0.121193 0.177856
v -0.104561 0.100441 0.180161
v -0.104683 -0.083031 -0.103416
v -0.104897 -0.120956 -0.316071
v -0.104904 0.101097 -0.329407
v -0.105011 0.101021 -0.268250
v -0.105026 0.101166 0.177170
v -0.105141 -0.120903 0.127182
v -0.105415 0.100990 0.032322
v -0.105553 -0.120674 -0.364746
v -0.105583 -0.083031 -0.038761
v -0.105675 0.101044 -0.375732
v -0.105721 -0.120728 0.050022
v -0.106033 -0.118835 -0.019236
v -0.106079 0.100906 -0.434326
v -0.106224 -0.120872 -0.457001
v -0.106285 0.100845 0.138748
v -0.106346 0.099411 -0.019171
v -0.106544 -0.120598 -0.010830
v -0.106712 0.099640 -0.265930
v -0.106827 -0.120209 -0.015699
v -0.106903 0.100723 -0.486298
v -0.107216 -0.120232 -0.409882
v -0.107559 0.099945 -0.487854
v -0.107567 0.059822 -0.117615
v -0.108017 0.100395 -0.369171
v -0.108177 0.098969 0.181320
v -0.108704 -0.119667 -0.380188
v -0.108719 -0.119934 -0.480896
v -0.108788 -0.119713 -0.270508
v -0.108910 0.099976 0.178146
v -0.108925 -0.114441 -0.020279
v -0.108955 0.100052 0.064468
v -0.109131 -0.119682 0.176270
v -0.109245 -0.119591 0.097351
v -0.109375 -0.119499 -0.301300
v -0.109604 0.099701 -0.427612
v -0.109634 0.096741 -0.019962
v -0.109703 -0.118660 -0.266632
v -0.109764 -0.118919 0.180176
v -0.110123 -0.119217 -0.444305
v -0.110138 -0.119118 0.024204
v -0.110352 -0.076202 0.181473
v -0.110474 0.099205 -0.299835
v -0.110535 -0.118843 -0.325073
v -0.110542 0.099213 -0.483948
v -0.110756 -0.115662 -0.488495
v -0.110756 -0.116203 0.181412
v -0.110832 0.099014 -0.267609
v -0.110947 -0.118301 -0.486084
v -0.111115 -0.083092 -0.167282
v -0.111221 -0.118568 -0.004297
v -0.111855 -0.117905 -0.398682
v -0.111931 0.098488 0.156967
v -0.111961 0.098465 -0.361481
v -0.112022 -0.118118 0.144516
v -0.112442 -0.116867 -0.017227
v -0.112465 0.098190 0.056416
v -0.112572 -0.083130 -0.208572
v -0.112656 0.097092 -0.018131
v -0.112663 -0.117599 0.102608
v -0.112709 -0.117554 -0.012926
v -0.112907 0.097961 0.006004
v -0.113052 -0.117569 -0.478302
v -0.113075 -0.117363 0.178513
v -0.113152 0.097687 -0.014249
v -0.113182 -0.117050 -0.359802
v -0.113350 -0.027201 0.181488
v -0.113411 -0.117081 -0.269287
v -0.113571 0.097366 -0.427429
v -0.113876 0.097214 -0.480957
v -0.113907 -0.116714 -0.309082
v -0.113914 -0.116821 0.149689
v -0.114044 0.096916 -0.487427
v -0.114082 0.097023 0.179504
v -0.114105 0.097046 0.117569
v -0.114159 0.095520 -0.488464
v -0.114220 -0.113388 -0.019243
v -0.114433 -0.116531 -0.459320
v -0.114525 -0.116302 0.002515
v -0.114555 -0.116196 0.042824
v -0.114639 0.094810 -0.265625
v -0.114815 0.094505 0.181534
v -0.114815 -0.083015 -0.068710
v -0.114967 -0.105156 -0.020525
v -0.115273 0.096054 -0.270111
v -0.115295 0.036129 0.181473
v -0.115341 0.086853 -0.020605
v -0.115372 0.096008 0.046528
v -0.115379 -0.084030 -0.022694
v -0.115395 -0.111732 -0.265778
v -0.115501 -0.111862 0.181473
v -0.115509 -0.090912 -0.020853
v -0.115547 -0.114624 -0.266754
v -0.115616 -0.114998 -0.414673
v -0.115776 0.095657 -0.302155
v -0.115784 0.095467 -0.355469
v -0.115868 0.095520 0.119797
v -0.115868 -0.114708 -0.360718
v -0.115883 -0.086281 -0.021269
v -0.116219 0.094559 -0.016966
v -0.116234 -0.114494 0.179688
v -0.116386 -0.114578 0.132935
v -0.116417 -0.114601 0.176575
v -0.116440 0.091660 -0.019499
v -0.116699 -0.114281 -0.452423
v -0.116898 0.094330 -0.481873
v -0.116943 -0.113708 -0.268829
v -0.116951 -0.113800 -0.483551
v -0.116974 -0.113884 0.106224
v -0.117043 0.094254 0.178528
v -0.117119 0.094200 0.069809
v -0.117172 0.093346 0.180618
v -0.117226 0.065353 -0.020920
v -0.117439 -0.112602 -0.015778
v -0.117493 0.093529 -0.267059
v -0.117508 0.093597 -0.010201
v -0.117691 0.093475 0.135773
v -0.117752 -0.112785 -0.000192
v -0.117836 -0.112244 -0.384430
v -0.117928 -0.112480 0.036369
v -0.118004 -0.111885 -0.322510
v -0.118042 -0.112198 -0.424683
v -0.118080 0.062344 -0.021196
v -0.118095 -0.104439 -0.019978
v -0.118164 -0.083023 -0.043186
v -0.118210 0.092644 -0.308105
v -0.118225 0.092697 0.084091
v -0.118248 -0.107582 -0.488098
v -0.118347 0.092316 -0.420502
v -0.118431 -0.111855 0.129272
v -0.118462 -0.110260 -0.486908
v -0.118462 -0.112015 -0.454956
v -0.118568 -0.108795 -0.018291
v -0.118652 0.060127 -0.024328
v -0.118675 -0.085205 -0.265228
v -0.118736 -0.083229 -0.025431
v -0.118973 0.091499 -0.448639
v -0.119034 -0.083382 -0.263428
v -0.119072 0.062328 -0.265564
v -0.119087 -0.090584 -0.488068
v -0.119156 -0.109924 -0.389526
v -0.119194 0.090889 -0.267944
v -0.119217 0.091103 0.149933
v -0.119255 0.078995 -0.020056
v -0.119270 0.059891 -0.242905
v -0.119293 0.060181 -0.263062
v -0.119293 -0.088158 -0.020025
v -0.119316 0.059845 -0.156525
v -0.119324 -0.109512 -0.305481
v -0.119339 0.059723 -0.106537
v -0.119347 -0.109314 -0.270233
v -0.119362 0.090019 -0.016695
v -0.119400 -0.110069 0.176758
v -0.119408 -0.047680 -0.488098
v -0.119408 -0.085060 -0.021044
v -0.119431 -0.083656 -0.023413
v -0.119469 -0.106224 -0.266479
v -0.119568 -0.105705 0.181290
v -0.119652 -0.083122 -0.247299
v -0.119675 -0.087013 0.181488
v -0.119690 0.090057 -0.346619
v -0.119690 -0.102852 -0.265717
v -0.119713 0.083992 -0.488342
v -0.119728 0.090187 0.106499
v -0.119759 -0.109291 -0.012697
v -0.119766 -0.108948 -0.421906
v -0.119888 0.089745 0.178497
v -0.119919 -0.082832 -0.037800
v -0.119926 0.000940 -0.488190
v -0.119934 0.059605 -0.027037
v -0.119934 -0.082642 -0.158920
v -0.119942 0.085091 -0.018969
v -0.119957 -0.064980 0.181152
v -0.119987 0.085808 0.181519
v -0.119987 0.089478 0.045933
v -0.120010 0.059460 -0.199554
v -0.120087 0.089226 -0.485626
v -0.120140 -0.108917 -0.481354
v -0.120186 0.046192 -0.488312
v -0.120216 -0.082779 -0.087456
v -0.120224 0.089241 -0.010055
v -0.120300 0.085251 -0.266174
v -0.120308 -0.085381 -0.265991
v -0.120338 -0.108307 -0.466339
v -0.120346 -0.101883 -0.487610
v -0.120453 0.088310 -0.411469
v -0.120468 -0.107903 0.074829
v -0.120522 -0.106247 -0.328705
v -0.120529 -0.101608 -0.018255
v -0.120567 -0.082581 -0.025263
v -0.120621 -0.107407 0.127655
v -0.120628 0.063065 -0.019352
v -0.120636 -0.106544 0.179626
v -0.120644 0.062233 -0.265961
v -0.120697 -0.107338 0.020916
v -0.120712 -0.105904 -0.375092
v -0.120827 -0.101768 0.180496
v -0.120834 -0.010018 0.180588
v -0.120857 0.058994 -0.080917
v -0.120865 0.087738 0.128738
v -0.120880 0.080894 0.180893
v -0.120888 0.059097 -0.024323
v -0.120956 -0.084991 -0.018286
v -0.120979 0.086937 -0.272949
v -0.121010 0.086792 -0.014529
v -0.121056 0.042660 0.180435
v -0.121094 0.086464 -0.449402
v -0.121132 0.058430 -0.231491
v -0.121140 -0.103928 -0.015499
v -0.121147 -0.081535 -0.211288
v -0.121147 -0.082191 -0.252350
v -0.121155 0.058720 -0.164276
v -0.121155 -0.081970 -0.045181
v -0.121162 -0.105408 -0.009686
v -0.121216 0.058422 -0.256805
v -0.121223 -0.104172 -0.417786
v -0.121239 0.086578 0.014910
v -0.121239 -0.003076 -0.486877
v -0.121246 0.082298 -0.016882
v -0.121254 -0.105446 0.174911
v -0.121262 -0.105705 0.112289
v -0.121277 -0.001063 -0.430542
v -0.121284 -0.085068 -0.267487
v -0.121292 -0.103233 -0.292725
v -0.121315 -0.103569 -0.480164
v -0.121323 0.058201 -0.023499
v -0.121338 0.080070 -0.486908
v -0.121338 0.084976 -0.400055
v -0.121338 -0.105278 0.018164
v -0.121346 0.039570 -0.445435
v -0.121353 -0.047684 -0.485138
v -0.121368 0.084869 -0.327942
v -0.121368 -0.090263 -0.485596
v -0.121368 -0.103157 -0.484772
v -0.121376 0.060184 -0.266937
v -0.121376 -0.105232 0.068092
v -0.121384 0.059776 -0.020117
v -0.121407 -0.002671 -0.378021
v -0.121407 -0.080750 -0.095535
v -0.121414 -0.026680 -0.463318
v -0.121414 -0.101463 -0.268799
v -0.121429 0.056511 -0.397339
v -0.121437 0.085678 0.178299
v -0.121437 -0.027809 -0.317444
v -0.121445 0.055885 -0.328552
v -0.121445 -0.042789 0.177750
v -0.121445 -0.099777 0.178268
v -0.121452 0.057655 -0.130539
v -0.121468 -0.103889 0.175766
v -0.121475 0.012168 -0.267334
v -0.121475 0.012861 0.064743
v -0.121475 0.022419 -0.486206
v -0.121475 -0.095947 -0.458649
v -0.121483 0.021845 0.141541
v -0.121483 -0.077835 0.102615
v -0.121490 0.042706 -0.193985
v -0.121490 0.069458 0.083855
v -0.121490 0.085579 0.141190
v -0.121490 -0.039787 -0.230087
v -0.121490 -0.053825 0.009176
v -0.121490 -0.102699 -0.012288
v -0.121498 0.000449 0.173019
v -0.121498 0.026667 -0.001570
v -0.121498 0.045872 -0.110664
v -0.121498 0.049137 -0.050587
v -0.121498 0.054455 0.170898
v -0.121498 0.064011 -0.015478
v -0.121498 0.083908 -0.012558
v -0.121498 0.083992 -0.268463
v -0.121498 0.085213 0.054207
v -0.121498 0.085632 0.118629
v -0.121498 -0.030849 -0.063370
v -0.121498 -0.070816 0.170090
v -0.121498 -0.080894 -0.043121
v -0.121498 -0.084015 -0.015854
v -0.121506 0.054020 -0.273560
v -0.121506 0.076530 -0.460419
v -0.121506 0.084412 0.008450
v -0.121506 -0.015463 -0.485016
v -0.121506 -0.040154 -0.118439
v -0.121506 -0.091614 -0.416382
v -0.121506 -0.103569 0.008165
v -0.121506 -0.103722 0.153809
v -0.121513 0.057003 -0.019152
v -0.121513 -0.081032 -0.022810
v -0.121513 -0.081955 -0.266968
v -0.121513 -0.103874 0.102707
v -0.121521 0.057171 -0.041328
v -0.121521 0.057457 -0.075867
v -0.121521 0.057465 -0.185883
v -0.121521 -0.103874 0.053005
v -0.121536 0.054726 -0.485687
v -0.121536 0.057510 -0.151733
v -0.121536 -0.061008 -0.177567
v -0.121536 -0.077911 -0.354858
v -0.121544 -0.101814 -0.357941
v -0.121559 -0.078018 -0.275482
v -0.121582 -0.099800 -0.277924
vt 0.346191 0.038574
vt 0.339600 0.042725
vt 0.336182 0.035400
vt 0.335205 0.041748
vt 0.331055 0.041992
vt 0.331787 0.046631
vt 0.336426 0.047607
vt 0.325928 0.063232
vt 0.334229 0.063477
vt 0.338623 0.065674
vt 0.381592 0.133545
vt 0.331055 0.083984
vt 0.348633 0.068115
vt 0.340576 0.045410
vt 0.359131 0.079102
vt 0.387695 0.092285
vt 0.350342 0.060303
vt 0.343994 0.043457
vt 0.355957 0.054199
vt 0.362305 0.053711
vt 0.362793 0.050781
vt 0.366455 0.049072
vt 0.406982 0.099121
vt 0.380859 0.061035
vt 0.368896 0.045898
vt 0.401855 0.053223
vt 0.376953 0.037842
vt 0.378174 0.034668
vt 0.407471 0.041748
vt 0.384277 0.031494
vt 0.423828 0.044189
vt 0.385498 0.024658
vt 0.071045 0.012451
vt 0.068115 0.017334
vt 0.060059 0.015869
vt 0.079346 0.025391
vt 0.081787 0.034424
vt 0.087158 0.029785
vt 0.077148 0.035645
vt 0.071289 0.028320
vt 0.072266 0.037842
vt 0.064453 0.023438
vt 0.060547 0.037109
vt 0.056885 0.037842
vt 0.834717 0.616699
vt 0.840576 0.618896
vt 0.832520 0.634277
vt 0.829346 0.626709
vt 0.836914 0.638428
vt 0.845215 0.620117
vt 0.845459 0.637451
vt 0.840820 0.645996
vt 0.855713 0.691650
vt 0.852295 0.650635
vt 0.851562 0.634766
vt 0.867920 0.696777
vt 0.896729 0.697998
vt 0.884033 0.762207
vt 0.864014 0.749756
vt 0.853027 0.720459
vt 0.833496 0.895264
vt 0.932129 0.887939
vt 0.886719 0.899902
vt 0.833740 0.888184
vt 0.898682 0.884766
vt 0.826660 0.020996
vt 0.783447 0.031738
vt 0.795166 0.010498
vt 0.728271 0.038086
vt 0.806396 0.042725
vt 0.831787 0.032959
vt 0.816650 0.042969
vt 0.039551 0.420898
vt 0.037598 0.406738
vt 0.045654 0.389648
vt 0.028809 0.339600
vt 0.074463 0.370361
vt 0.514648 0.968506
vt 0.489990 0.959229
vt 0.541016 0.959961
vt 0.563721 0.969482
vt 0.027100 0.762695
vt 0.035400 0.809326
vt 0.023193 0.830811
vt 0.024170 0.778076
vt 0.069580 0.610840
vt 0.071289 0.661133
vt 0.046875 0.690674
vt 0.485107 0.954834
vt 0.477295 0.968750
vt 0.411621 0.960449
vt 0.281006 0.000244
vt 0.356445 0.000244
vt 0.278076 0.001709
vt 0.952148 0.451660
vt 0.954102 0.461670
vt 0.908936 0.445312
vt 0.924316 0.460693
vt 0.969482 0.476562
vt 0.968750 0.479004
vt 0.972168 0.473633
vt 0.954834 0.450439
vt 0.968750 0.434814
vt 0.984619 0.394043
vt 0.982910 0.477051
vt 0.227783 0.369141
vt 0.242920 0.390625
vt 0.166504 0.345459
vt 0.156250 0.368896
vt 0.156494 0.356445
vt 0.150391 0.360352
vt 0.155029 0.372070
vt 0.208008 0.389160
vt 0.189697 0.394775
vt 0.150879 0.376953
vt 0.149170 0.370361
vt 0.149902 0.380859
vt 0.177734 0.402588
vt 0.147217 0.392334
vt 0.146484 0.391846
vt 0.145020 0.395508
vt 0.146484 0.389160
vt 0.141846 0.397217
vt 0.146484 0.372803
vt 0.134521 0.398193
vt 0.135010 0.371338
vt 0.130371 0.398682
vt 0.124512 0.397705
vt 0.145020 0.369385
vt 0.129639 0.371338
vt 0.126953 0.372070
vt 0.122070 0.398926
vt 0.129150 0.366943
vt 0.125732 0.367188
vt 0.146484 0.365479
vt 0.135742 0.364258
vt 0.128174 0.363037
vt 0.125000 0.362793
vt 0.129150 0.359863
vt 0.117432 0.346680
vt 0.136230 0.361572
vt 0.117432 0.344727
vt 0.147217 0.363525
vt 0.133057 0.351074
vt 0.141602 0.356689
vt 0.444580 0.060303
vt 0.415283 0.060791
vt 0.498291 0.044678
vt 0.514404 0.062012
vt 0.521240 0.054688
vt 0.515381 0.039062
vt 0.509766 0.030518
vt 0.520752 0.017334
vt 0.274658 0.110352
vt 0.283203 0.090332
vt 0.288574 0.091064
vt 0.297852 0.074463
vt 0.303955 0.088623
vt 0.297852 0.113525
vt 0.312988 0.085938
vt 0.324463 0.080566
vt 0.315186 0.084961
vt 0.302002 0.115234
vt 0.297363 0.119629
vt 0.287842 0.135986
vt 0.288086 0.138184
vt 0.284668 0.134521
vt 0.285400 0.149414
vt 0.287842 0.146973
vt 0.282227 0.151855
vt 0.277588 0.151855
vt 0.274414 0.147949
vt 0.275391 0.153564
vt 0.258789 0.164795
vt 0.245117 0.164307
vt 0.243896 0.167969
vt 0.257568 0.144531
vt 0.238770 0.156494
vt 0.243164 0.139404
vt 0.267334 0.130859
vt 0.260254 0.133057
vt 0.260010 0.123047
vt 0.269531 0.123291
vt 0.265381 0.127930
vt 0.240234 0.123535
vt 0.262695 0.124023
vt 0.269287 0.095947
vt 0.276855 0.068115
vt 0.262939 0.083252
vt 0.259521 0.120361
vt 0.260986 0.102783
vt 0.253662 0.119385
vt 0.257080 0.116943
vt 0.242676 0.114746
vt 0.229736 0.118164
vt 0.228516 0.116211
vt 0.252686 0.113281
vt 0.247070 0.113037
vt 0.243408 0.108643
vt 0.244873 0.111328
vt 0.246582 0.108643
vt 0.249268 0.111572
vt 0.248047 0.111572
vt 0.249512 0.110352
vt 0.250488 0.108398
vt 0.251709 0.105469
vt 0.247070 0.105225
vt 0.249512 0.090820
vt 0.247070 0.090576
vt 0.250488 0.083984
vt 0.249756 0.067871
vt 0.237549 0.068604
vt 0.239502 0.093994
vt 0.237549 0.085938
vt 0.236084 0.070557
vt 0.233643 0.087402
vt 0.230957 0.067871
vt 0.236572 0.093506
vt 0.234131 0.102783
vt 0.228516 0.088379
vt 0.223145 0.076172
vt 0.233154 0.098633
vt 0.230957 0.107666
vt 0.218262 0.111816
vt 0.229980 0.105469
vt 0.229736 0.104004
vt 0.216553 0.104004
vt 0.225830 0.099121
vt 0.211670 0.102783
vt 0.214111 0.091797
vt 0.227539 0.094482
vt 0.217041 0.090820
vt 0.208252 0.090332
vt 0.219238 0.088623
vt 0.217773 0.084961
vt 0.212402 0.068359
vt 0.215576 0.085938
vt 0.204834 0.070068
vt 0.207275 0.081055
vt 0.205566 0.084961
vt 0.205322 0.086670
vt 0.325928 0.196533
vt 0.331543 0.183105
vt 0.322754 0.206543
vt 0.325439 0.187744
vt 0.321289 0.200684
vt 0.301758 0.185059
vt 0.297607 0.195801
vt 0.287109 0.181396
vt 0.314453 0.218506
vt 0.311279 0.226318
vt 0.315186 0.223389
vt 0.289551 0.219238
vt 0.312256 0.227539
vt 0.262451 0.187988
vt 0.244385 0.172363
vt 0.233154 0.181396
vt 0.227783 0.207275
vt 0.309326 0.228516
vt 0.257324 0.205566
vt 0.309570 0.230957
vt 0.260986 0.217285
vt 0.269043 0.218262
vt 0.240479 0.221680
vt 0.261475 0.222656
vt 0.279053 0.221436
vt 0.295410 0.224365
vt 0.296143 0.227295
vt 0.283936 0.225098
vt 0.272705 0.223877
vt 0.260254 0.224854
vt 0.266846 0.227783
vt 0.238037 0.225586
vt 0.230469 0.220947
vt 0.291016 0.229492
vt 0.306885 0.230713
vt 0.242920 0.229004
vt 0.225586 0.226562
vt 0.230713 0.230225
vt 0.239014 0.235107
vt 0.226318 0.231201
vt 0.306396 0.234375
vt 0.311523 0.235840
vt 0.311768 0.237549
vt 0.291260 0.233398
vt 0.278076 0.230713
vt 0.263184 0.229736
vt 0.270020 0.231689
vt 0.261719 0.232666
vt 0.274658 0.235596
vt 0.293701 0.236328
vt 0.262451 0.235352
vt 0.274902 0.239258
vt 0.295166 0.238037
vt 0.308350 0.237793
vt 0.292480 0.240723
vt 0.310303 0.240723
vt 0.313721 0.246338
vt 0.260742 0.238037
vt 0.270508 0.242432
vt 0.293457 0.245605
vt 0.246094 0.239746
vt 0.225830 0.242920
vt 0.239502 0.250488
vt 0.259033 0.244141
vt 0.275879 0.247803
vt 0.257568 0.252930
vt 0.231934 0.273926
vt 0.229004 0.274658
vt 0.288574 0.266357
vt 0.283447 0.317139
vt 0.228760 0.335205
vt 0.312012 0.251465
vt 0.314697 0.272705
vt 0.325684 0.308350
vt 0.313232 0.250488
vt 0.315918 0.267090
vt 0.147705 0.875244
vt 0.149170 0.872314
vt 0.152588 0.873535
vt 0.142090 0.891113
vt 0.132812 0.890869
vt 0.109375 0.908203
vt 0.111328 0.917725
vt 0.145996 0.901367
vt 0.120117 0.920654
vt 0.139160 0.918701
vt 0.114746 0.932129
vt 0.162842 0.886230
vt 0.156982 0.906738
vt 0.156738 0.911133
vt 0.156494 0.916748
vt 0.158203 0.913086
vt 0.158936 0.918701
vt 0.161133 0.921875
vt 0.167480 0.919922
vt 0.187744 0.929443
vt 0.184082 0.933594
vt 0.176514 0.921143
vt 0.169434 0.913818
vt 0.185303 0.916992
vt 0.180908 0.900879
vt 0.178223 0.890381
vt 0.191406 0.897461
vt 0.181396 0.889404
vt 0.165283 0.881104
vt 0.159180 0.875244
vt 0.157715 0.872559
vt 0.160156 0.873779
vt 0.165527 0.880127
vt 0.164795 0.878174
vt 0.367676 0.959473
vt 0.374756 0.957031
vt 0.379150 0.961426
vt 0.397461 0.948242
vt 0.401855 0.952148
vt 0.407227 0.926758
vt 0.385986 0.965820
vt 0.404785 0.960938
vt 0.388428 0.975342
vt 0.398926 0.979248
vt 0.409912 0.970703
vt 0.404785 0.974854
vt 0.401611 0.978027
vt 0.397949 0.982178
vt 0.423584 0.968018
vt 0.422607 0.977051
vt 0.399658 0.988525
vt 0.421875 0.982422
vt 0.403076 0.991943
vt 0.425781 0.981689
vt 0.168457 0.790039
vt 0.168701 0.844238
vt 0.117432 0.776611
vt 0.177246 0.843506
vt 0.165771 0.845947
vt 0.169678 0.850830
vt 0.178223 0.848145
vt 0.158691 0.849365
vt 0.133545 0.827881
vt 0.155273 0.851562
vt 0.170166 0.853516
vt 0.161621 0.854248
vt 0.154785 0.853271
vt 0.159668 0.857910
vt 0.184814 0.849121
vt 0.164795 0.856689
vt 0.164307 0.863281
vt 0.151855 0.866943
vt 0.169922 0.870361
vt 0.167725 0.856934
vt 0.172607 0.869873
vt 0.171875 0.858154
vt 0.176514 0.865967
vt 0.174805 0.871094
vt 0.187256 0.884277
vt 0.962646 0.936279
vt 0.976318 0.940186
vt 0.957520 0.954590
vt 0.970215 0.955322
vt 0.948730 0.943604
vt 0.943115 0.940674
vt 0.930420 0.940186
vt 0.916992 0.931885
vt 0.933838 0.947021
vt 0.942383 0.958984
vt 0.923096 0.970459
vt 0.931885 0.974854
vt 0.953369 0.960693
vt 0.984619 0.954834
vt 0.967285 0.959717
vt 0.945557 0.968018
vt 0.934326 0.974121
vt 0.919922 0.990967
vt 0.904541 0.322266
vt 0.876709 0.324951
vt 0.893311 0.300293
vt 0.892578 0.349121
vt 0.874268 0.335938
vt 0.863037 0.318848
vt 0.864014 0.322754
vt 0.863037 0.327148
vt 0.861816 0.332031
vt 0.859619 0.323730
vt 0.859375 0.331543
vt 0.856934 0.336914
vt 0.882812 0.357178
vt 0.855713 0.337646
vt 0.859131 0.342285
vt 0.841797 0.326660
vt 0.822754 0.346436
vt 0.832031 0.355713
vt 0.822021 0.338867
vt 0.838135 0.356689
vt 0.831543 0.368408
vt 0.845215 0.356689
vt 0.838379 0.369385
vt 0.857666 0.348877
vt 0.858398 0.351318
vt 0.863525 0.353271
vt 0.860596 0.355469
vt 0.819336 0.333496
vt 0.813721 0.355225
vt 0.812988 0.318359
vt 0.808105 0.341797
vt 0.849854 0.304688
vt 0.787842 0.327393
vt 0.805420 0.313721
vt 0.841309 0.303467
vt 0.872070 0.297852
vt 0.860352 0.284668
vt 0.866211 0.285889
vt 0.848633 0.293213
vt 0.824463 0.303711
vt 0.795166 0.312012
vt 0.852295 0.286377
vt 0.834229 0.288818
vt 0.854980 0.284912
vt 0.775146 0.288818
vt 0.850586 0.286621
vt 0.854736 0.282715
vt 0.861572 0.281982
vt 0.852295 0.281494
vt 0.825684 0.238037
vt 0.761230 0.232666
vt 0.848145 0.262939
vt 0.853271 0.278809
vt 0.857422 0.279541
vt 0.850586 0.249512
vt 0.843018 0.231689
vt 0.854248 0.248779
vt 0.847412 0.237061
vt 0.850342 0.215088
vt 0.844238 0.211670
vt 0.839844 0.203369
vt 0.798096 0.180664
vt 0.739990 0.192383
vt 0.833252 0.177979
vt 0.812988 0.163086
vt 0.837646 0.183594
vt 0.831543 0.166748
vt 0.841797 0.184814
vt 0.835449 0.165039
vt 0.845703 0.169922
vt 0.855225 0.193604
vt 0.855225 0.168945
vt 0.861572 0.196777
vt 0.857910 0.234619
vt 0.867188 0.185303
vt 0.859619 0.163330
vt 0.863770 0.159424
vt 0.868652 0.165771
vt 0.865723 0.232910
vt 0.872803 0.199951
vt 0.896729 0.168701
vt 0.869141 0.229004
vt 0.891357 0.227295
vt 0.908447 0.235352
vt 0.872559 0.246826
vt 0.867432 0.279541
vt 0.870117 0.281006
vt 0.884277 0.284424
vt 0.905273 0.298584
vt 0.905029 0.301514
vt 0.870850 0.282227
vt 0.886963 0.289307
vt 0.872559 0.285156
vt 0.882568 0.290527
vt 0.866943 0.283203
vt 0.863770 0.279785
vt 0.864502 0.261475
vt 0.861572 0.262451
vt 0.861084 0.279297
vt 0.857910 0.251221
vt 0.176270 0.773193
vt 0.174805 0.752197
vt 0.188721 0.754639
vt 0.182373 0.773438
vt 0.192871 0.757568
vt 0.194336 0.751465
vt 0.204590 0.762695
vt 0.210449 0.757080
vt 0.216064 0.772949
vt 0.212646 0.744873
vt 0.221436 0.772217
vt 0.181152 0.734863
vt 0.174805 0.742432
vt 0.168213 0.756836
vt 0.175537 0.737305
vt 0.177490 0.736328
vt 0.175781 0.735352
vt 0.180420 0.733154
vt 0.188477 0.734131
vt 0.181885 0.731201
vt 0.185791 0.733398
vt 0.180420 0.729248
vt 0.165283 0.705322
vt 0.172119 0.711182
vt 0.182373 0.727051
vt 0.176514 0.716309
vt 0.179688 0.696289
vt 0.177002 0.685303
vt 0.184326 0.706543
vt 0.187012 0.731445
vt 0.183350 0.670898
vt 0.175293 0.678467
vt 0.209473 0.739502
vt 0.234863 0.741943
vt 0.206543 0.730713
vt 0.231445 0.736084
vt 0.224365 0.715820
vt 0.187012 0.713379
vt 0.187012 0.701904
vt 0.197021 0.685059
vt 0.234131 0.675049
vt 0.187256 0.673096
vt 0.193604 0.645996
vt 0.227051 0.635986
vt 0.202637 0.628662
vt 0.194336 0.632324
vt 0.190430 0.649902
vt 0.191406 0.631348
vt 0.189941 0.633545
vt 0.185059 0.635498
vt 0.174561 0.663574
vt 0.176514 0.644531
vt 0.182129 0.634766
vt 0.170166 0.663330
vt 0.165527 0.649170
vt 0.166748 0.662598
vt 0.822021 0.999023
vt 0.806885 0.991455
vt 0.807373 0.990479
vt 0.808594 0.985352
vt 0.806885 0.991211
vt 0.804932 0.990967
vt 0.789795 0.989014
vt 0.806641 0.989746
vt 0.803955 0.988525
vt 0.770752 0.980469
vt 0.775635 0.971924
vt 0.807129 0.984619
vt 0.805908 0.978760
vt 0.802979 0.972900
vt 0.807129 0.978760
vt 0.822021 0.961914
vt 0.949951 0.212646
vt 0.946533 0.218018
vt 0.947998 0.212646
vt 0.954102 0.222656
vt 0.967773 0.232910
vt 0.963379 0.245605
vt 0.971924 0.255859
vt 0.977783 0.260498
vt 0.970459 0.271240
vt 0.973877 0.292236
vt 0.977295 0.298096
vt 0.971191 0.301025
vt 0.965088 0.286377
vt 0.955811 0.258057
vt 0.953857 0.302246
vt 0.949463 0.301514
vt 0.947998 0.300781
vt 0.948730 0.276611
vt 0.947021 0.297363
vt 0.947021 0.243164
vt 0.940430 0.236816
vt 0.939697 0.304443
vt 0.931885 0.292725
vt 0.913574 0.306885
vt 0.912842 0.280029
vt 0.919434 0.245850
vt 0.922119 0.207764
vt 0.911133 0.216309
vt 0.944824 0.213867
vt 0.944824 0.212646
vt 0.942871 0.213379
vt 0.939453 0.210449
vt 0.942871 0.211426
vt 0.094482 0.051025
vt 0.097168 0.067383
vt 0.091797 0.047119
vt 0.099121 0.068115
vt 0.097412 0.070557
vt 0.124756 0.070068
vt 0.093994 0.030762
vt 0.091797 0.016846
vt 0.096924 0.009521
vt 0.123535 0.011230
vt 0.165527 0.050293
vt 0.142334 0.006348
vt 0.195068 0.008545
vt 0.160889 0.072754
vt 0.202148 0.057373
vt 0.197998 0.076172
vt 0.632812 0.034668
vt 0.631592 0.045166
vt 0.629883 0.026367
vt 0.628174 0.011230
vt 0.625732 0.011475
vt 0.627441 0.010010
vt 0.603760 0.013672
vt 0.594971 0.025146
vt 0.629639 0.048584
vt 0.630371 0.079590
vt 0.547607 0.008789
vt 0.625000 0.062500
vt 0.628174 0.096191
vt 0.636230 0.099365
vt 0.594238 0.110840
vt 0.573730 0.059814
vt 0.556152 0.101318
vt 0.535889 0.025146
vt 0.537842 0.063477
vt 0.522705 0.032227
vt 0.526855 0.075439
vt 0.523193 0.064941
vt 0.521729 0.103027
vt 0.524902 0.013184
vt 0.524170 0.012695
vt 0.523682 0.010742
vt 0.523926 0.006836
vt 0.525146 0.006104
vt 0.701172 0.965332
vt 0.683594 0.963135
vt 0.685791 0.960205
vt 0.689209 0.969238
vt 0.681641 0.966064
vt 0.715088 0.988281
vt 0.723633 0.996826
vt 0.709473 0.994385
vt 0.693359 0.983154
vt 0.689697 0.986328
vt 0.709717 0.997314
vt 0.699219 0.995605
vt 0.682129 0.992676
vt 0.694580 0.998779
vt 0.335938 1.000000
vt 0.307129 0.994629
vt 0.311035 0.980225
vt 0.297119 0.985352
vt 0.341553 0.982910
vt 0.314941 0.970459
vt 0.338867 0.972412
vt 0.340332 0.969727
vt 0.320068 0.963135
vt 0.044189 0.039062
vt 0.031738 0.062012
vt 0.031006 0.052490
vt 0.043457 0.027832
vt 0.033447 0.031494
vt 0.031006 0.034424
vt 0.036621 0.024170
vt 0.033936 0.027588
vt 0.038818 0.024658
vt 0.052490 0.032227
vt 0.052246 0.019775
vt 0.051758 0.011963
vt 0.040771 0.004639
vt 0.050293 0.003418
vt 0.041260 0.010986
vt 0.039307 0.006348
vt 0.038330 0.009521
vt 0.043457 0.013672
vt 0.040283 0.015869
vt 0.034668 0.011963
vt 0.032471 0.005859
vt 0.031006 0.010254
vt 0.954590 0.047119
vt 0.942871 0.033691
vt 0.962891 0.023926
vt 0.952881 0.027832
vt 0.964355 0.016357
vt 0.942383 0.015137
vt 0.953125 0.011230
vt 0.011963 0.379883
vt 0.002441 0.381592
vt 0.003906 0.355713
vt 0.017334 0.365479
vt 0.019287 0.379150
vt 0.018799 0.363525
vt 0.019043 0.358887
vt 0.016357 0.360840
vt 0.016846 0.358154
vt 0.016357 0.354980
vt 0.010986 0.354248
vt 0.019043 0.351807
vt 0.015625 0.354492
vt 0.012695 0.352051
vt 0.046875 0.618164
vt 0.056885 0.595703
vt 0.071533 0.601562
vt 0.069824 0.596191
vt 0.065674 0.591064
vt 0.063721 0.582275
vt 0.049561 0.592041
vt 0.070801 0.589844
vt 0.079102 0.592773
vt 0.067627 0.583496
vt 0.076172 0.589355
vt 0.078857 0.585449
vt 0.054932 0.580322
vt 0.047607 0.536133
vt 0.051270 0.575928
vt 0.061523 0.550293
vt 0.065186 0.568359
vt 0.063477 0.544434
vt 0.986084 0.694580
vt 0.985596 0.687988
vt 0.994141 0.689453
vt 0.978516 0.701416
vt 0.983887 0.697510
vt 0.995117 0.693604
vt 0.978760 0.702881
vt 0.976318 0.702148
vt 0.986816 0.708252
vt 0.976807 0.712891
vt 0.986572 0.713867
vt 0.980957 0.715576
vt 0.983398 0.718506
vt 0.989502 0.717285
vt 0.992676 0.724121
vt 0.994385 0.729248
vt 0.982910 0.721191
vt 0.975830 0.718994
vt 0.977295 0.721924
vt 0.973633 0.722900
vt 0.969727 0.722656
vt 0.969238 0.715576
vt 0.952393 0.738281
vt 0.283691 0.977295
vt 0.287354 0.990234
vt 0.275391 0.982178
vt 0.278809 0.991943
vt 0.286377 0.984375
vt 0.286865 0.977539
vt 0.310791 0.966309
vt 0.268799 0.966309
vt 0.269531 0.978760
vt 0.267822 0.971436
vt 0.267090 0.984619
vt 0.003906 0.129395
vt 0.005127 0.125244
vt 0.007812 0.123779
vt 0.007812 0.120850
vt 0.013916 0.121338
vt 0.005859 0.121094
vt 0.005859 0.118164
vt 0.053223 0.177490
vt 0.058350 0.170654
vt 0.062256 0.174072
vt 0.064209 0.166748
vt 0.052490 0.172852
vt 0.050049 0.176270
vt 0.043457 0.172607
vt 0.057373 0.166748
vt 0.042480 0.166748
vt 0.025146 0.178955
vt 0.030273 0.159668
vt 0.064941 0.162354
vt 0.088867 0.178223
vt 0.039551 0.154541
vt 0.041260 0.145264
vt 0.063232 0.155762
vt 0.078125 0.159180
vt 0.044678 0.145264
vt 0.026855 0.125244
vt 0.061035 0.135742
vt 0.020264 0.129150
vt 0.008301 0.136719
vt 0.013428 0.128418
vt 0.018066 0.135742
vt 0.020508 0.141602
vt 0.016846 0.138184
vt 0.018799 0.115967
vt 0.015137 0.115479
vt 0.016357 0.108887
vt 0.019287 0.108887
vt 0.019531 0.118652
vt 0.189453 0.600586
vt 0.216309 0.601807
vt 0.223145 0.609619
vt 0.211914 0.596436
vt 0.218994 0.597900
vt 0.211182 0.593262
vt 0.185791 0.589844
vt 0.214355 0.591553
vt 0.205078 0.583984
vt 0.213379 0.581299
vt 0.228516 0.612061
vt 0.229248 0.616699
vt 0.218750 0.588623
vt 0.218018 0.582031
vt 0.217773 0.575684
vt 0.190674 0.563721
vt 0.221191 0.570312
vt 0.224121 0.574463
vt 0.223145 0.579346
vt 0.221191 0.593262
vt 0.207520 0.537109
vt 0.260742 0.551025
vt 0.250488 0.563721
vt 0.268555 0.556152
vt 0.263916 0.562256
vt 0.237549 0.573975
vt 0.260986 0.567871
vt 0.226562 0.579590
vt 0.232910 0.582031
vt 0.232422 0.611084
vt 0.257568 0.598633
vt 0.294434 0.564697
vt 0.230957 0.614746
vt 0.311768 0.568604
vt 0.297852 0.587158
vt 0.289551 0.596436
vt 0.278320 0.606445
vt 0.264160 0.609619
vt 0.256592 0.608887
vt 0.235596 0.614990
vt 0.232422 0.619141
vt 0.258789 0.615479
vt 0.262695 0.614502
vt 0.271973 0.613525
vt 0.263916 0.616943
vt 0.260986 0.630371
vt 0.282227 0.630127
vt 0.259766 0.637451
vt 0.267334 0.674072
vt 0.242920 0.643799
vt 0.247803 0.683105
vt 0.266602 0.712891
vt 0.236816 0.642090
vt 0.244385 0.700195
vt 0.235352 0.647705
vt 0.397949 0.158203
vt 0.399658 0.156738
vt 0.411621 0.171143
vt 0.392090 0.156494
vt 0.398193 0.154541
vt 0.403076 0.156250
vt 0.391357 0.158936
vt 0.404785 0.155762
vt 0.385010 0.159424
vt 0.388916 0.165039
vt 0.383789 0.163330
vt 0.382324 0.156982
vt 0.382324 0.159668
vt 0.361572 0.160400
vt 0.403809 0.153076
vt 0.412109 0.156494
vt 0.409180 0.149902
vt 0.398682 0.152588
vt 0.390381 0.154541
vt 0.399902 0.149414
vt 0.383301 0.150879
vt 0.364746 0.155762
vt 0.364746 0.126953
vt 0.359619 0.129883
vt 0.356689 0.131836
vt 0.365479 0.158447
vt 0.360352 0.156982
vt 0.351562 0.163086
vt 0.357910 0.156738
vt 0.353027 0.134521
vt 0.336182 0.154053
vt 0.283936 0.175049
vt 0.301270 0.143311
vt 0.340332 0.135498
vt 0.296387 0.141602
vt 0.339111 0.132812
vt 0.353760 0.129150
vt 0.857910 0.036377
vt 0.843262 0.031982
vt 0.858887 0.032471
vt 0.863525 0.015869
vt 0.861572 0.033203
vt 0.861328 0.040283
vt 0.864502 0.030518
vt 0.865967 0.016113
vt 0.865234 0.037598
vt 0.865234 0.042969
vt 0.856934 0.050537
vt 0.866699 0.033203
vt 0.868164 0.019043
vt 0.868408 0.016357
vt 0.867920 0.049316
vt 0.858398 0.054932
vt 0.864990 0.056152
vt 0.871826 0.054199
vt 0.871826 0.020996
vt 0.873779 0.051270
vt 0.870605 0.062012
vt 0.869873 0.046387
vt 0.877686 0.052490
vt 0.874756 0.046875
vt 0.868652 0.041748
vt 0.892822 0.060059
vt 0.902832 0.078125
vt 0.872314 0.041992
vt 0.869629 0.033691
vt 0.879150 0.048096
vt 0.886230 0.047119
vt 0.906738 0.068359
vt 0.958252 0.062500
vt 0.895264 0.058105
vt 0.914307 0.065674
vt 0.940918 0.062256
vt 0.931152 0.059570
vt 0.908203 0.056152
vt 0.892822 0.023926
vt 0.924316 0.042969
vt 0.956299 0.057373
vt 0.898926 0.016846
vt 0.937500 0.010010
vt 0.894287 0.018555
vt 0.894775 0.016846
vt 0.872314 0.017090
vt 0.873047 0.014893
vt 0.868896 0.013916
vt 0.869385 0.012695
vt 0.889893 0.014404
vt 0.891602 0.012207
vt 0.894043 0.015137
vt 0.895020 0.013428
vt 0.893799 0.013916
vt 0.892822 0.006348
vt 0.375244 0.905762
vt 0.395996 0.936768
vt 0.366455 0.907959
vt 0.322754 0.945557
vt 0.373535 0.904297
vt 0.371338 0.902100
vt 0.367188 0.902588
vt 0.349121 0.904785
vt 0.307129 0.889893
vt 0.363281 0.904785
vt 0.347412 0.902344
vt 0.317139 0.890381
vt 0.365967 0.901611
vt 0.352783 0.899902
vt 0.349365 0.896729
vt 0.328857 0.885986
vt 0.358154 0.885010
vt 0.373047 0.875244
vt 0.347168 0.865234
vt 0.364746 0.872314
vt 0.369141 0.870850
vt 0.428223 0.680908
vt 0.500488 0.648193
vt 0.543457 0.667969
vt 0.566162 0.666748
vt 0.572510 0.694580
vt 0.543457 0.651855
vt 0.529053 0.637695
vt 0.528320 0.631592
vt 0.531250 0.634033
vt 0.533203 0.636719
vt 0.571533 0.666016
vt 0.534912 0.635742
vt 0.536621 0.632080
vt 0.537842 0.635742
vt 0.568848 0.620605
vt 0.613281 0.673340
vt 0.552490 0.611572
vt 0.552734 0.607666
vt 0.555176 0.604736
vt 0.610596 0.639160
vt 0.567627 0.581543
vt 0.567383 0.574951
vt 0.583984 0.550293
vt 0.585938 0.584229
vt 0.579834 0.623047
vt 0.616455 0.619873
vt 0.626709 0.634033
vt 0.635498 0.635010
vt 0.637451 0.639160
vt 0.648193 0.642090
vt 0.447266 0.150635
vt 0.468506 0.166260
vt 0.449219 0.176270
vt 0.469727 0.165771
vt 0.457031 0.154785
vt 0.471924 0.165039
vt 0.441650 0.136475
vt 0.470215 0.160645
vt 0.475586 0.164307
vt 0.477783 0.167480
vt 0.484863 0.161133
vt 0.483398 0.165771
vt 0.482178 0.169434
vt 0.479492 0.171143
vt 0.483643 0.174805
vt 0.486328 0.168945
vt 0.489990 0.174316
vt 0.490479 0.169922
vt 0.489258 0.164795
vt 0.492676 0.166260
vt 0.493408 0.170410
vt 0.504150 0.154053
vt 0.492188 0.159912
vt 0.502197 0.151123
vt 0.505615 0.150146
vt 0.503418 0.146729
vt 0.498779 0.148193
vt 0.500977 0.147461
vt 0.489990 0.121826
vt 0.465332 0.136719
vt 0.486328 0.126709
vt 0.488281 0.124756
vt 0.487549 0.119385
vt 0.484375 0.117920
vt 0.424561 0.119873
vt 0.408691 0.118408
vt 0.389648 0.115234
vt 0.431396 0.133545
vt 0.398193 0.142090
vt 0.473145 0.117188
vt 0.419189 0.090820
vt 0.425049 0.086914
vt 0.468994 0.108643
vt 0.470947 0.110352
vt 0.473145 0.110596
vt 0.477539 0.106445
vt 0.489990 0.100342
vt 0.513672 0.084717
vt 0.501221 0.089111
vt 0.502441 0.086426
vt 0.511719 0.096680
vt 0.489014 0.116211
vt 0.517090 0.094238
vt 0.490234 0.116699
vt 0.654541 0.164795
vt 0.666260 0.169922
vt 0.656250 0.227783
vt 0.708008 0.243408
vt 0.648193 0.170410
vt 0.643066 0.166748
vt 0.646484 0.224365
vt 0.637695 0.161377
vt 0.671143 0.236572
vt 0.678711 0.247070
vt 0.610352 0.195068
vt 0.639893 0.235352
vt 0.576660 0.235596
vt 0.580811 0.205811
vt 0.597412 0.252197
vt 0.597168 0.261719
vt 0.595215 0.260742
vt 0.591064 0.263184
vt 0.572754 0.278564
vt 0.558105 0.276367
vt 0.564453 0.284668
vt 0.558105 0.286621
vt 0.540039 0.294922
vt 0.549805 0.249512
vt 0.555664 0.247070
vt 0.561279 0.228760
vt 0.531982 0.214844
vt 0.484619 0.210205
vt 0.492676 0.192627
vt 0.559814 0.222900
vt 0.499512 0.194580
vt 0.497070 0.186768
vt 0.560547 0.216797
vt 0.567139 0.213379
vt 0.531250 0.200684
vt 0.504395 0.179932
vt 0.579590 0.205078
vt 0.523193 0.185791
vt 0.500488 0.175293
vt 0.512451 0.170166
vt 0.573242 0.207520
vt 0.577148 0.204102
vt 0.118164 0.236816
vt 0.099609 0.261963
vt 0.113770 0.228027
vt 0.140869 0.260986
vt 0.134521 0.291504
vt 0.187500 0.280029
vt 0.172607 0.298584
vt 0.181885 0.340088
vt 0.128174 0.316406
vt 0.443604 0.973145
vt 0.467285 0.973145
vt 0.450195 1.000000
vt 0.482422 0.976318
vt 0.432129 0.970215
vt 0.979736 0.572021
vt 0.968262 0.613770
vt 0.951172 0.608887
vt 0.944580 0.627686
vt 0.990479 0.555420
vt 0.980713 0.583984
vt 0.993164 0.605225
vt 0.999023 0.639893
vt 0.986572 0.657471
vt 0.132568 0.463135
vt 0.113281 0.498291
vt 0.131104 0.458496
vt 0.144775 0.469971
vt 0.144043 0.509766
vt 0.106201 0.526855
vt 0.128418 0.552246
vt 0.154297 0.524414
vt 0.159912 0.518066
vt 0.148682 0.531006
vt 0.145020 0.535889
vt 0.148193 0.538086
vt 0.142334 0.550781
vt 0.209473 0.556885
vt 0.137451 0.556152
vt 0.139160 0.558105
vt 0.171631 0.585693
vt 0.136719 0.565674
vt 0.131836 0.562988
vt 0.130615 0.566162
vt 0.124756 0.593506
vt 0.125977 0.567871
vt 0.126221 0.565186
vt 0.100342 0.608154
vt 0.118164 0.570557
vt 0.099365 0.567871
vt 0.124023 0.568604
vt 0.751709 0.128662
vt 0.754639 0.139160
vt 0.735596 0.134766
vt 0.746826 0.119873
vt 0.753418 0.119629
vt 0.755127 0.114746
vt 0.741699 0.102783
vt 0.735840 0.116943
vt 0.808838 0.129883
vt 0.766357 0.145508
vt 0.753174 0.149658
vt 0.772705 0.154785
vt 0.816162 0.158203
vt 0.749756 0.156250
vt 0.801758 0.159424
vt 0.757812 0.163086
vt 0.748535 0.162354
vt 0.730225 0.193359
vt 0.727783 0.227539
vt 0.709961 0.219482
vt 0.706787 0.191406
vt 0.722900 0.160400
vt 0.705078 0.177979
vt 0.696777 0.202637
vt 0.728027 0.134521
vt 0.721680 0.134277
vt 0.729492 0.103516
vt 0.707275 0.145996
vt 0.701172 0.177246
vt 0.693604 0.190918
vt 0.666504 0.109619
vt 0.925781 0.562500
vt 0.920898 0.574219
vt 0.919189 0.569580
vt 0.932617 0.582764
vt 0.961670 0.575928
vt 0.954834 0.568848
vt 0.917969 0.560059
vt 0.910889 0.560547
vt 0.919922 0.558350
vt 0.923096 0.556396
vt 0.919922 0.555664
vt 0.957275 0.565918
vt 0.967285 0.577393
vt 0.931885 0.556641
vt 0.971191 0.562256
vt 0.924072 0.552979
vt 0.923828 0.540771
vt 0.972900 0.489258
vt 0.930176 0.489990
vt 0.913086 0.499268
vt 0.920166 0.483887
vt 0.009766 0.627441
vt 0.006104 0.626465
vt 0.013428 0.626953
vt 0.008057 0.681885
vt 0.000244 0.626221
vt 0.002686 0.684814
vt 0.014893 0.679688
vt 0.018066 0.628418
vt 0.023193 0.626709
vt 0.021484 0.680908
vt 0.024658 0.653076
vt 0.029297 0.626465
vt 0.026123 0.680176
vt 0.026123 0.684814
vt 0.032227 0.675781
vt 0.040771 0.650391
vt 0.043945 0.624512
vt 0.031738 0.681152
vt 0.041504 0.678955
vt 0.048096 0.654785
vt 0.054199 0.643066
vt 0.037842 0.684814
vt 0.026367 0.685791
vt 0.998291 0.170410
vt 0.999023 0.177979
vt 0.998047 0.184082
vt 0.000732 0.234863
vt 0.002441 0.236084
vt 0.000488 0.259766
vt 0.002686 0.244141
vt 0.003418 0.238525
vt 0.235352 0.840332
vt 0.236572 0.841797
vt 0.232666 0.840820
vt 0.246582 0.822754
vt 0.240234 0.823486
vt 0.246826 0.819092
vt 0.226807 0.816650
vt 0.250488 0.843994
vt 0.227539 0.848145
vt 0.220703 0.815430
vt 0.207520 0.815186
vt 0.195801 0.781006
vt 0.256836 0.875977
vt 0.314453 0.860840
vt 0.208008 0.859863
vt 0.197754 0.818115
vt 0.203857 0.877686
vt 0.198242 0.862061
vt 0.186035 0.822754
vt 0.194824 0.868164
vt 0.233643 0.900391
vt 0.254395 0.887451
vt 0.260010 0.899902
vt 0.276855 0.885010
vt 0.314209 0.872314
vt 0.294678 0.893066
vt 0.271729 0.893066
vt 0.279053 0.905029
vt 0.290771 0.901855
vt 0.407715 0.015137
vt 0.410156 0.006104
vt 0.410889 0.011719
vt 0.428223 0.014404
vt 0.430420 0.010986
vt 0.455078 0.018066
vt 0.480957 0.036377
vt 0.404541 0.027100
vt 0.477539 0.020020
vt 0.485352 0.022949
vt 0.479004 0.014893
vt 0.481934 0.010254
vt 0.489502 0.008057
vt 0.493164 0.019287
vt 0.499268 0.031494
vt 0.492676 0.006592
vt 0.075928 0.549561
vt 0.049072 0.517822
vt 0.075439 0.543945
vt 0.051514 0.469238
vt 0.074707 0.467773
vt 0.917236 0.101318
vt 0.911377 0.094482
vt 0.921143 0.102295
vt 0.927246 0.083740
vt 0.914307 0.100098
vt 0.902832 0.118164
vt 0.908936 0.127441
vt 0.904541 0.122070
vt 0.890869 0.143799
vt 0.946289 0.121826
vt 0.896729 0.151123
vt 0.895264 0.157715
vt 0.920410 0.157715
vt 0.943604 0.134521
vt 0.899902 0.153564
vt 0.939209 0.141602
vt 0.898926 0.157959
vt 0.897461 0.162842
vt 0.907959 0.166748
vt 0.916016 0.163086
vt 0.917969 0.170654
vt 0.924561 0.158936
vt 0.921387 0.178223
vt 0.924561 0.168213
vt 0.931396 0.160645
vt 0.944092 0.148682
vt 0.935303 0.165283
vt 0.925293 0.172363
vt 0.936279 0.172363
vt 0.928223 0.178223
vt 0.927246 0.180908
vt 0.930908 0.181396
vt 0.944092 0.190186
vt 0.937988 0.193359
vt 0.933838 0.193359
vt 0.931641 0.203125
vt 0.938477 0.197021
vt 0.936523 0.203125
vt 0.220947 0.206543
vt 0.219971 0.205078
vt 0.221191 0.200195
vt 0.220947 0.231689
vt 0.196289 0.198730
vt 0.215332 0.209717
vt 0.208740 0.258545
vt 0.148682 0.185303
vt 0.130615 0.234375
vt 0.143311 0.185059
vt 0.117676 0.222900
vt 0.146973 0.178955
vt 0.212646 0.196533
vt 0.223145 0.197754
vt 0.179932 0.187988
vt 0.207764 0.189453
vt 0.230713 0.165039
vt 0.151855 0.174072
vt 0.147705 0.170898
vt 0.143799 0.171387
vt 0.214844 0.165039
vt 0.155762 0.150391
vt 0.146240 0.148926
vt 0.127930 0.164795
vt 0.220947 0.158936
vt 0.146973 0.131104
vt 0.116455 0.135986
vt 0.138428 0.111328
vt 0.217529 0.150635
vt 0.193604 0.152100
vt 0.231201 0.155029
vt 0.165527 0.145264
vt 0.220703 0.144287
vt 0.234131 0.146973
vt 0.211670 0.126953
vt 0.192383 0.141602
vt 0.203613 0.137207
vt 0.168457 0.136230
vt 0.150635 0.139648
vt 0.156250 0.135742
vt 0.166748 0.128906
vt 0.161865 0.123291
vt 0.162598 0.119873
vt 0.152832 0.123779
vt 0.149658 0.119141
vt 0.149902 0.103027
vt 0.142578 0.107910
vt 0.311523 0.947266
vt 0.297119 0.964600
vt 0.285156 0.969727
vt 0.318115 0.953125
vt 0.345215 0.964111
vt 0.263672 0.940186
vt 0.302490 0.903809
vt 0.918945 0.715088
vt 0.914062 0.714844
vt 0.900635 0.690186
vt 0.915771 0.719727
vt 0.935303 0.714355
vt 0.929688 0.730225
vt 0.916504 0.725586
vt 0.916992 0.734375
vt 0.913330 0.751221
vt 0.929443 0.746826
vt 0.932129 0.745361
vt 0.940918 0.714111
vt 0.940186 0.718750
vt 0.941406 0.718018
vt 0.941406 0.728516
vt 0.930176 0.758057
vt 0.922363 0.777100
vt 0.918945 0.774658
vt 0.922119 0.804443
vt 0.917725 0.809570
vt 0.912354 0.799805
vt 0.905762 0.778809
vt 0.912109 0.752686
vt 0.646729 0.886963
vt 0.646973 0.890625
vt 0.645996 0.889160
vt 0.638916 0.867676
vt 0.640381 0.887695
vt 0.644287 0.892334
vt 0.613770 0.923828
vt 0.649902 0.893555
vt 0.653076 0.893799
vt 0.652344 0.894775
vt 0.679688 0.905762
vt 0.638184 0.912842
vt 0.619629 0.931641
vt 0.641602 0.917236
vt 0.625000 0.934326
vt 0.620361 0.938477
vt 0.615967 0.942627
vt 0.618408 0.945801
vt 0.624268 0.939453
vt 0.624756 0.946777
vt 0.619385 0.947998
vt 0.639404 0.947998
vt 0.634766 0.953125
vt 0.645264 0.955322
vt 0.652588 0.950195
vt 0.652588 0.952637
vt 0.671387 0.923584
vt 0.665527 0.943359
vt 0.675049 0.942383
vt 0.678223 0.916748
vt 0.681152 0.905762
vt 0.703125 0.916016
vt 0.044189 0.056152
vt 0.049316 0.042969
vt 0.057861 0.079834
vt 0.083008 0.042480
vt 0.100830 0.101562
vt 0.882080 0.671143
vt 0.879639 0.669189
vt 0.880127 0.667969
vt 0.870850 0.660156
vt 0.868164 0.644531
vt 0.898682 0.665771
vt 0.890381 0.646240
vt 0.884521 0.635742
vt 0.871582 0.637939
vt 0.910645 0.667969
vt 0.909668 0.674561
vt 0.932373 0.648193
vt 0.925293 0.656006
vt 0.929932 0.661621
vt 0.938477 0.667480
vt 0.937744 0.707764
vt 0.945557 0.654541
vt 0.937012 0.649170
vt 0.940918 0.644043
vt 0.946045 0.644775
vt 0.940918 0.633545
vt 0.936035 0.640625
vt 0.937744 0.634033
vt 0.932861 0.616455
vt 0.924805 0.622803
vt 0.929688 0.620117
vt 0.925781 0.615479
vt 0.928711 0.609863
vt 0.932129 0.611816
vt 0.936768 0.603760
vt 0.884766 0.630371
vt 0.920166 0.616699
vt 0.884521 0.625000
vt 0.869141 0.635010
vt 0.868896 0.630127
vt 0.922852 0.611816
vt 0.904785 0.615967
vt 0.923340 0.607178
vt 0.937500 0.587646
vt 0.881104 0.618652
vt 0.854004 0.588135
vt 0.848389 0.592773
vt 0.390137 0.864990
vt 0.321045 0.857422
vt 0.372803 0.793213
vt 0.336426 0.783936
vt 0.361816 0.788330
vt 0.305420 0.771729
vt 0.292480 0.773682
vt 0.302002 0.788574
vt 0.247314 0.810791
vt 0.945801 0.712891
vt 0.949219 0.729004
vt 0.947021 0.733887
vt 0.949951 0.699707
vt 0.991699 0.666992
vt 0.942871 0.680420
vt 0.952881 0.672119
vt 0.968506 0.662354
vt 0.949707 0.671143
vt 0.945801 0.667969
vt 0.952637 0.667969
vt 0.973877 0.642090
vt 0.600342 0.771729
vt 0.606934 0.766357
vt 0.600830 0.774414
vt 0.593994 0.769775
vt 0.607178 0.763184
vt 0.638916 0.751465
vt 0.663330 0.699219
vt 0.659180 0.735840
vt 0.577637 0.733154
vt 0.577881 0.757324
vt 0.573242 0.756104
vt 0.557861 0.742676
vt 0.554688 0.743164
vt 0.541748 0.731201
vt 0.551270 0.701904
vt 0.534668 0.718262
vt 0.531494 0.726074
vt 0.532471 0.729492
vt 0.529541 0.727295
vt 0.510986 0.722412
vt 0.502197 0.723633
vt 0.498291 0.725098
vt 0.534912 0.733398
vt 0.531250 0.744385
vt 0.471680 0.731689
vt 0.211670 0.403076
vt 0.217285 0.403564
vt 0.214111 0.433838
vt 0.206299 0.403320
vt 0.222900 0.432617
vt 0.224121 0.402344
vt 0.208252 0.435059
vt 0.197510 0.403076
vt 0.213867 0.467773
vt 0.209229 0.464600
vt 0.206299 0.461426
vt 0.201660 0.462158
vt 0.192871 0.400146
vt 0.220459 0.467529
vt 0.213867 0.472900
vt 0.224854 0.472900
vt 0.213867 0.474365
vt 0.228760 0.466553
vt 0.235840 0.459229
vt 0.240723 0.401123
vt 0.229492 0.474609
vt 0.243896 0.495605
vt 0.243164 0.471436
vt 0.247314 0.465820
vt 0.245605 0.460205
vt 0.247070 0.400391
vt 0.253174 0.460449
vt 0.259033 0.466797
vt 0.254639 0.469482
vt 0.245850 0.470947
vt 0.248291 0.495605
vt 0.238770 0.514648
vt 0.248291 0.509521
vt 0.204590 0.510742
vt 0.206055 0.514893
vt 0.203613 0.520752
vt 0.195068 0.516602
vt 0.192871 0.545654
vt 0.427979 0.388672
vt 0.377197 0.452881
vt 0.376709 0.396729
vt 0.336914 0.444336
vt 0.340576 0.384766
vt 0.360107 0.359375
vt 0.317627 0.351562
vt 0.281250 0.433594
vt 0.265137 0.373535
vt 0.302734 0.364502
vt 0.282227 0.346924
vt 0.284912 0.341309
vt 0.312744 0.344727
vt 0.356445 0.346924
vt 0.279297 0.326660
vt 0.313965 0.332520
vt 0.330322 0.334473
vt 0.310059 0.328613
vt 0.333008 0.332520
vt 0.339844 0.332275
vt 0.324219 0.329346
vt 0.304199 0.326416
vt 0.311035 0.325684
vt 0.336426 0.330322
vt 0.284668 0.322754
vt 0.463867 0.887451
vt 0.380615 0.884521
vt 0.471436 0.855469
vt 0.405273 0.903076
vt 0.802734 0.965820
vt 0.773926 0.927734
vt 0.809326 0.924316
vt 0.783691 0.899414
vt 0.733398 0.958496
vt 0.732910 0.969971
vt 0.742676 0.927246
vt 0.736328 0.896484
vt 0.729980 0.921875
vt 0.976318 0.030762
vt 0.959717 0.052002
vt 0.975342 0.007812
vt 0.982178 0.004395
vt 0.983398 0.027100
vt 0.986572 0.005127
vt 0.992676 0.030029
vt 0.792969 0.852539
vt 0.727051 0.828125
vt 0.824219 0.818848
vt 0.840332 0.841553
vt 0.838867 0.819580
vt 0.857910 0.757568
vt 0.850098 0.848389
vt 0.880859 0.881104
vt 0.861816 0.829590
vt 0.847412 0.811768
vt 0.864746 0.757812
vt 0.372314 0.549561
vt 0.371094 0.552979
vt 0.346191 0.505615
vt 0.375488 0.552002
vt 0.366455 0.553955
vt 0.376953 0.559326
vt 0.377197 0.552979
vt 0.371826 0.559326
vt 0.368408 0.563965
vt 0.363525 0.556641
vt 0.364502 0.564209
vt 0.375244 0.543701
vt 0.378662 0.555908
vt 0.394775 0.539062
vt 0.416748 0.554688
vt 0.415039 0.559082
vt 0.420166 0.558594
vt 0.374268 0.565186
vt 0.380127 0.579834
vt 0.416504 0.593262
vt 0.423828 0.556152
vt 0.426270 0.578125
vt 0.440674 0.596436
vt 0.369873 0.569336
vt 0.366455 0.566895
vt 0.417969 0.629150
vt 0.454834 0.661621
vt 0.488281 0.642578
vt 0.389893 0.614258
vt 0.395264 0.647461
vt 0.382324 0.643066
vt 0.380371 0.612549
vt 0.377930 0.614990
vt 0.378418 0.653320
vt 0.379395 0.612793
vt 0.375244 0.609131
vt 0.375244 0.613770
vt 0.375732 0.616211
vt 0.364746 0.608398
vt 0.343018 0.607422
vt 0.343018 0.569580
vt 0.363037 0.571045
vt 0.361328 0.566650
vt 0.358887 0.561523
vt 0.343506 0.566406
vt 0.328125 0.549561
vt 0.340088 0.570557
vt 0.337158 0.568115
vt 0.337402 0.561768
vt 0.881592 0.974365
vt 0.851562 0.999023
vt 0.858398 0.985840
vt 0.861328 0.981934
vt 0.902588 0.974365
vt 0.915283 0.999023
vt 0.898926 0.972412
vt 0.901367 0.966064
vt 0.915039 0.967773
vt 0.889404 0.959473
vt 0.857666 0.973145
vt 0.856201 0.966797
vt 0.889893 0.950684
vt 0.895508 0.966797
vt 0.900879 0.957031
vt 0.908203 0.961426
vt 0.914551 0.959717
vt 0.901611 0.964844
vt 0.904541 0.947998
vt 0.907715 0.959961
vt 0.224121 0.340088
vt 0.217529 0.334717
vt 0.220459 0.261230
vt 0.216553 0.338623
vt 0.219482 0.349609
vt 0.267090 0.403564
vt 0.212158 0.350830
vt 0.208740 0.340332
vt 0.111328 0.104980
vt 0.119141 0.085693
vt 0.127441 0.107666
vt 0.148682 0.096191
vt 0.135986 0.078369
vt 0.195312 0.083252
vt 0.142822 0.076660
vt 0.000244 0.620117
vt 0.004883 0.564209
vt 0.006836 0.621094
vt 0.977051 0.779785
vt 0.967773 0.778320
vt 0.996094 0.744385
vt 0.961426 0.775879
vt 0.964111 0.753174
vt 0.956299 0.782959
vt 0.973145 0.785645
vt 0.979248 0.787842
vt 0.981201 0.780273
vt 0.983154 0.785889
vt 0.986084 0.791260
vt 0.982910 0.794434
vt 0.976074 0.792236
vt 0.982910 0.795898
vt 0.969727 0.789307
vt 0.972168 0.792969
vt 0.970703 0.804688
vt 0.996826 0.831055
vt 0.982910 0.825684
vt 0.935547 0.791260
vt 0.927246 0.781738
vt 0.967285 0.812256
vt 0.972168 0.842041
vt 0.928223 0.796875
vt 0.961670 0.820312
vt 0.937012 0.812256
vt 0.910889 0.827637
vt 0.145020 0.443115
vt 0.176514 0.444824
vt 0.195068 0.454346
vt 0.145264 0.431641
vt 0.121338 0.456543
vt 0.136963 0.421143
vt 0.126953 0.429688
vt 0.143555 0.409180
vt 0.112793 0.461426
vt 0.091797 0.490967
vt 0.097412 0.465576
vt 0.106201 0.395264
vt 0.983887 0.997803
vt 0.920898 0.997803
vt 0.977295 0.963379
vt 0.579590 0.915283
vt 0.486084 0.915283
vt 0.552490 0.858398
vt 0.045166 0.907715
vt 0.077393 0.894531
vt 0.078125 0.901123
vt 0.050537 0.912842
vt 0.079590 0.909180
vt 0.080811 0.896729
vt 0.052246 0.915527
vt 0.047119 0.919189
vt 0.083984 0.914551
vt 0.094727 0.896240
vt 0.049805 0.929932
vt 0.054688 0.933105
vt 0.079346 0.921875
vt 0.097412 0.920166
vt 0.072998 0.931885
vt 0.086670 0.926758
vt 0.097656 0.926758
vt 0.109619 0.924316
vt 0.098389 0.928467
vt 0.110596 0.925049
vt 0.090820 0.927979
vt 0.095703 0.932373
vt 0.088379 0.929199
vt 0.093994 0.930176
vt 0.089600 0.930176
vt 0.104980 0.936279
vt 0.088867 0.931885
vt 0.090576 0.933350
vt 0.089355 0.935547
vt 0.087158 0.931152
vt 0.087891 0.934814
vt 0.085693 0.931396
vt 0.085205 0.933350
vt 0.084473 0.930908
vt 0.084229 0.935059
vt 0.081543 0.930908
vt 0.077393 0.934570
vt 0.080811 0.940186
vt 0.051025 0.968018
vt 0.114746 0.968994
vt 0.059570 0.943115
vt 0.074463 0.934570
vt 0.064941 0.936279
vt 0.064209 0.935059
vt 0.059082 0.938232
vt 0.055176 0.938721
vt 0.041992 0.940674
vt 0.044189 0.949219
vt 0.359375 0.456055
vt 0.355713 0.456543
vt 0.322510 0.450439
vt 0.308105 0.448242
vt 0.285156 0.444580
vt 0.299561 0.447754
vt 0.275635 0.444580
vt 0.338135 0.455811
vt 0.329834 0.463135
vt 0.304443 0.450195
vt 0.273438 0.462646
vt 0.319580 0.471191
vt 0.344971 0.478027
vt 0.298340 0.467285
vt 0.291504 0.467529
vt 0.327393 0.473633
vt 0.297607 0.472656
vt 0.283936 0.469727
vt 0.317871 0.476562
vt 0.300781 0.474121
vt 0.282959 0.470703
vt 0.327881 0.478516
vt 0.293701 0.473877
vt 0.328857 0.480225
vt 0.335449 0.480469
vt 0.315674 0.477295
vt 0.293213 0.477295
vt 0.274658 0.472168
vt 0.312012 0.481934
vt 0.339111 0.488037
vt 0.276611 0.481201
vt 0.302979 0.505127
vt 0.010986 0.181885
vt 0.016602 0.189209
vt 0.008301 0.191162
vt 0.005615 0.183350
vt 0.001221 0.195312
vt 0.010010 0.170166
vt 0.003174 0.185303
vt 0.992676 0.350098
vt 0.986816 0.353271
vt 0.988770 0.348145
vt 0.977539 0.352295
vt 0.989746 0.343506
vt 1.000000 0.306396
vt 0.935547 0.310059
vt 0.984375 0.356934
vt 0.984131 0.379639
vt 0.987549 0.357178
vt 0.010742 0.386230
vt 0.016846 0.401855
vt 0.010742 0.403564
vt 0.019287 0.414062
vt 0.006592 0.388428
vt 0.006348 0.414062
vt 0.016602 0.418457
vt 0.099609 0.860596
vt 0.099365 0.853760
vt 0.104248 0.859131
vt 0.101562 0.809082
vt 0.104492 0.862549
vt 0.107422 0.854736
vt 0.106445 0.829346
vt 0.108398 0.854980
vt 0.107666 0.817139
vt 0.108398 0.875488
vt 0.139893 0.855713
vt 0.104492 0.904053
vt 0.112061 0.832764
vt 0.118164 0.810791
vt 0.108643 0.810791
vt 0.002441 0.510742
vt 0.009521 0.506104
vt 0.010498 0.514404
vt 0.010498 0.475830
vt 0.033447 0.998779
vt 0.040039 0.991455
vt 0.036621 0.998291
vt 0.033203 0.986328
vt 0.043701 0.985840
vt 0.028320 0.997803
vt 0.027100 0.997559
vt 0.042969 0.981689
vt 0.016846 0.996338
vt 0.042725 0.980713
vt 0.052490 0.983887
vt 0.039062 0.970459
vt 0.053467 0.976807
vt 0.013428 0.950195
vt 0.039307 0.951172
vt 0.003906 0.956543
vt 0.005127 0.992432
vt 0.783203 0.070312
vt 0.805908 0.102783
vt 0.766113 0.097412
vt 0.796387 0.067627
vt 0.837646 0.068359
vt 0.839111 0.071045
vt 0.872070 0.069580
vt 0.843750 0.080322
vt 0.862549 0.108398
vt 0.885254 0.097900
vt 0.836914 0.105713
vt 0.858643 0.111084
vt 0.809326 0.110107
vt 0.768555 0.119629
vt 0.790771 0.115723
vt 0.782227 0.125732
vt 0.813965 0.111328
vt 0.836914 0.121338
vt 0.812256 0.117920
vt 0.794922 0.124023
vt 0.812744 0.124268
vt 0.864014 0.117920
vt 0.831787 0.122559
vt 0.841553 0.131104
vt 0.844482 0.123779
vt 0.827148 0.153809
vt 0.854980 0.146973
vt 0.881836 0.126465
vt 0.865234 0.120117
vt 0.885010 0.127197
vt 0.075195 0.382080
vt 0.076416 0.425293
vt 0.053955 0.459473
vt 0.056396 0.420898
vt 0.058350 0.460938
vt 0.079102 0.462891
vt 0.258789 0.000000
vt 0.270996 0.000977
vt 0.257812 0.005859
vt 0.277832 0.012939
vt 0.253662 0.010986
vt 0.266602 0.021484
vt 0.279785 0.028809
vt 0.250488 0.017334
vt 0.244141 0.033691
vt 0.232422 0.019043
vt 0.222900 0.015869
vt 0.202881 0.004395
vt 0.253906 0.042480
vt 0.298584 0.031982
vt 0.283691 0.065430
vt 0.236572 0.051270
vt 0.221680 0.064941
vt 0.249756 0.052246
vt 0.250244 0.057861
vt 0.248047 0.052734
vt 0.909668 0.927734
vt 0.904053 0.907471
vt 0.925781 0.915527
vt 0.921875 0.927002
vt 0.925537 0.907227
vt 0.947266 0.888184
vt 0.926270 0.925293
vt 0.942139 0.933350
vt 0.940186 0.910156
vt 0.929443 0.916748
vt 0.941162 0.917725
vt 0.941162 0.914551
vt 0.946777 0.912109
vt 0.979492 0.895020
vt 0.996826 0.933350
vt 0.977539 0.892822
vt 0.953125 0.901367
vt 0.981201 0.885742
vt 0.948975 0.899658
vt 0.962158 0.885742
vt 0.985352 0.875977
vt 0.983398 0.873535
vt 0.968750 0.877686
vt 0.955322 0.888184
vt 0.950928 0.876709
vt 0.943848 0.852539
vt 0.957031 0.875000
vt 0.967285 0.868652
vt 0.965576 0.865723
vt 0.226074 0.949463
vt 0.223877 0.958740
vt 0.210205 0.954590
vt 0.208984 0.956299
vt 0.208740 0.969971
vt 0.221680 0.970703
vt 0.210205 0.971436
vt 0.227539 0.965576
vt 0.238281 0.981201
vt 0.233887 0.947754
vt 0.238770 0.951660
vt 0.250244 0.957031
vt 0.261963 0.963379
vt 0.257812 0.975830
vt 0.260986 0.981934
vt 0.041748 0.887939
vt 0.072266 0.874023
vt 0.039795 0.900146
vt 0.096924 0.881348
vt 0.072510 0.859863
vt 0.024170 0.881348
vt 0.038330 0.863770
vt 0.071045 0.853760
vt 0.067627 0.843018
vt 0.023193 0.835205
vt 0.349609 0.987305
vt 0.378662 0.986572
vt 0.372559 0.995117
vt 0.357422 0.977539
vt 0.379150 0.974121
vt 0.356689 0.971680
vt 0.361084 0.962646
vt 0.355713 0.962646
vt 0.358887 0.958496
vt 0.360107 0.956543
vt 0.358154 0.958008
vt 0.358154 0.954102
vt 0.350098 0.948730
vt 0.010254 0.223877
vt 0.017334 0.246338
vt 0.008301 0.244873
vt 0.291016 0.633057
vt 0.280762 0.611572
vt 0.291992 0.624023
vt 0.331543 0.629639
vt 0.304932 0.597656
vt 0.326416 0.643311
vt 0.392334 0.670410
vt 0.300049 0.637939
vt 0.293701 0.638916
vt 0.291260 0.635254
vt 0.299316 0.639160
vt 0.330322 0.650879
vt 0.303223 0.644531
vt 0.278809 0.656738
vt 0.319336 0.655518
vt 0.288818 0.682617
vt 0.370361 0.666748
vt 0.341553 0.671875
vt 0.313965 0.691650
vt 0.285156 0.742920
vt 0.372070 0.669922
vt 0.357666 0.684570
vt 0.305420 0.766113
vt 0.278320 0.754150
vt 0.331787 0.763916
vt 0.345703 0.716797
vt 0.380615 0.728027
vt 0.374756 0.786377
vt 0.381104 0.702881
vt 0.385254 0.732178
vt 0.386230 0.749268
vt 0.386719 0.704346
vt 0.396973 0.729004
vt 0.387207 0.703369
vt 0.406982 0.762695
vt 0.396729 0.700928
vt 0.394287 0.695801
vt 0.401367 0.692139
vt 0.404297 0.693604
vt 0.402832 0.690186
vt 0.406738 0.693604
vt 0.405518 0.698730
vt 0.402832 0.687256
vt 0.420654 0.682129
vt 0.410889 0.701172
vt 0.409424 0.720947
vt 0.404053 0.723633
vt 0.405518 0.724365
vt 0.408203 0.735352
vt 0.416992 0.763428
vt 0.418701 0.760254
vt 0.409424 0.735107
vt 0.407471 0.725586
vt 0.420410 0.731445
vt 0.408203 0.724609
vt 0.418701 0.727783
vt 0.693848 0.781250
vt 0.692627 0.781982
vt 0.659668 0.759277
vt 0.694824 0.783203
vt 0.697510 0.778320
vt 0.675293 0.756836
vt 0.704346 0.780518
vt 0.711426 0.786377
vt 0.705078 0.760498
vt 0.663574 0.664795
vt 0.686279 0.649170
vt 0.718994 0.772705
vt 0.722900 0.779053
vt 0.736816 0.775635
vt 0.720459 0.775391
vt 0.740967 0.758057
vt 0.745361 0.767578
vt 0.750000 0.767578
vt 0.755859 0.767578
vt 0.774414 0.759033
vt 0.799072 0.760498
vt 0.713867 0.735352
vt 0.805176 0.759277
vt 0.838379 0.779541
vt 0.829590 0.749023
vt 0.721436 0.666992
vt 0.715332 0.629395
vt 0.757812 0.731934
vt 0.769775 0.745605
vt 0.801514 0.750244
vt 0.755371 0.636475
vt 0.792480 0.725586
vt 0.799072 0.745850
vt 0.816895 0.743896
vt 0.827393 0.737549
vt 0.829102 0.735352
vt 0.825195 0.736328
vt 0.813965 0.728760
vt 0.796387 0.681152
vt 0.830322 0.702637
vt 0.796387 0.628662
vt 0.775391 0.629639
vt 0.807373 0.624023
vt 0.740234 0.631104
vt 0.809814 0.621826
vt 0.836914 0.696777
vt 0.853760 0.740479
vt 0.701172 0.624756
vt 0.735840 0.610352
vt 0.708740 0.611572
vt 0.710938 0.608643
vt 0.700439 0.591553
vt 0.739014 0.607910
vt 0.708740 0.604248
vt 0.068359 0.334229
vt 0.045898 0.351318
vt 0.074707 0.327393
vt 0.066406 0.360352
vt 0.088623 0.335449
vt 0.112793 0.377686
vt 0.105469 0.343018
vt 0.108398 0.330566
vt 0.110352 0.337402
vt 0.113281 0.334717
vt 0.111084 0.338379
vt 0.110840 0.342041
vt 0.115234 0.334473
vt 0.117920 0.330566
vt 0.125977 0.329102
vt 0.919922 0.400146
vt 0.920166 0.390381
vt 0.923584 0.390869
vt 0.914551 0.437744
vt 0.921387 0.387451
vt 0.962402 0.422607
vt 0.940674 0.377686
vt 0.939697 0.373779
vt 0.957520 0.364746
vt 0.955322 0.369385
vt 0.967773 0.358643
vt 0.948242 0.363770
vt 0.963135 0.352295
vt 0.947998 0.360352
vt 0.936279 0.366699
vt 0.945801 0.342773
vt 0.947754 0.338867
vt 0.937744 0.350586
vt 0.902588 0.369385
vt 0.906250 0.379639
vt 0.915527 0.340576
vt 0.933350 0.316650
vt 0.912598 0.343262
vt 0.914062 0.331299
vt 0.901367 0.365234
vt 0.889160 0.365234
vt 0.883789 0.369141
vt 0.886963 0.363525
vt 0.859375 0.362305
vt 0.887695 0.932373
vt 0.813232 0.932373
vt 0.903564 0.926025
vt 0.034912 0.075928
vt 0.031006 0.085693
vt 0.025146 0.064697
vt 0.024902 0.103271
vt 0.088135 0.103516
vt 0.145752 0.674072
vt 0.114746 0.672852
vt 0.142578 0.647705
vt 0.131592 0.727295
vt 0.148438 0.677002
vt 0.152100 0.648438
vt 0.153076 0.688965
vt 0.134521 0.732422
vt 0.121582 0.757080
vt 0.123047 0.771729
vt 0.126953 0.771973
vt 0.152588 0.701904
vt 0.164307 0.670898
vt 0.140625 0.732910
vt 0.156250 0.719727
vt 0.142578 0.760010
vt 0.161133 0.743896
vt 0.165283 0.772461
vt 0.045166 0.266357
vt 0.093506 0.266357
vt 0.042969 0.273682
vt 0.105957 0.277832
vt 0.087402 0.288574
vt 0.918945 0.840088
vt 0.878418 0.823730
vt 0.880615 0.816162
vt 0.862061 0.813965
vt 0.904541 0.847168
vt 0.962891 0.845215
vt 0.871094 0.821533
vt 0.860352 0.814697
vt 0.871094 0.822510
vt 0.871094 0.830322
vt 0.899414 0.877197
vt 0.878174 0.826416
vt 0.354248 0.241943
vt 0.323975 0.237061
vt 0.358398 0.240723
vt 0.400146 0.253418
vt 0.357910 0.238037
vt 0.335205 0.227295
vt 0.357178 0.232910
vt 0.352295 0.229492
vt 0.374023 0.239258
vt 0.356201 0.231201
vt 0.353271 0.229004
vt 0.357910 0.231689
vt 0.357422 0.230469
vt 0.361328 0.229736
vt 0.337646 0.217529
vt 0.387939 0.239258
vt 0.396973 0.246582
vt 0.401367 0.238281
vt 0.401123 0.242188
vt 0.405518 0.245361
vt 0.416260 0.243896
vt 0.419434 0.251465
vt 0.390869 0.220703
vt 0.346191 0.209473
vt 0.343018 0.202148
vt 0.434326 0.243652
vt 0.386475 0.216309
vt 0.360352 0.181152
vt 0.439209 0.231934
vt 0.465820 0.232666
vt 0.405518 0.178955
vt 0.392334 0.170898
vt 0.360107 0.166504
vt 0.411377 0.219971
vt 0.446045 0.183105
vt 0.441406 0.227783
vt 0.466797 0.217041
vt 0.444336 0.225098
vt 0.468750 0.213623
vt 0.474365 0.194580
vt 0.470703 0.176025
vt 0.462402 0.259521
vt 0.443115 0.254639
vt 0.432861 0.249756
vt 0.441895 0.255371
vt 0.442871 0.257324
vt 0.425049 0.247314
vt 0.431152 0.251709
vt 0.425293 0.250000
vt 0.449951 0.266846
vt 0.455566 0.273438
vt 0.406250 0.273926
vt 0.448730 0.294189
vt 0.421143 0.296387
vt 0.358154 0.264404
vt 0.388428 0.282959
vt 0.422119 0.300781
vt 0.325195 0.260254
vt 0.338623 0.267090
vt 0.414307 0.318359
vt 0.366211 0.299805
vt 0.327393 0.290039
vt 0.417236 0.342285
vt 0.354492 0.313965
vt 0.362549 0.344727
vt 0.420898 0.368408
vt 0.671875 0.057129
vt 0.742676 0.012207
vt 0.702148 0.057129
vt 0.632812 0.007324
vt 0.718506 0.907715
vt 0.718506 0.976562
vt 0.693604 0.939453
vt 0.722412 0.044678
vt 0.775879 0.054688
vt 0.734863 0.060791
vt 0.771484 0.057129
vt 0.779297 0.042480
vt 0.812256 0.059570
vt 0.808350 0.057861
vt 0.831787 0.061279
vt 0.013672 0.276855
vt 0.003174 0.267822
vt 0.012695 0.250977
vt 0.001709 0.438477
vt 0.012695 0.462402
vt 0.001221 0.477051
vt 0.018555 0.531006
vt 0.020752 0.536621
vt 0.020752 0.579834
vt 0.017090 0.532227
vt 0.997559 0.163574
vt 0.998535 0.153076
vt 0.998535 0.166016
vt 0.014648 0.606934
vt 0.011963 0.622070
vt 0.014648 0.561279
vt 0.998291 0.189941
vt 1.000000 0.188477
vt 0.999512 0.209229
vt 0.000244 0.156250
vt 0.006592 0.162842
vt 0.000488 0.174072
vt 0.014160 0.165283
vt 0.020020 0.158203
vt 0.020508 0.172119
vt 0.980469 0.159912
vt 0.978516 0.156006
vt 0.980957 0.144287
vt 0.981445 0.170654
vt 0.984375 0.176758
vt 0.993652 0.172852
vt 0.982666 0.193604
vt 0.981934 0.184814
vt 0.966797 0.165283
vt 0.970947 0.150879
vt 0.970215 0.148926
vt 0.968506 0.148193
vt 0.980957 0.193115
vt 0.974121 0.194824
vt 0.966064 0.180176
vt 0.963867 0.166992
vt 0.958008 0.164795
vt 0.964600 0.177490
vt 0.958984 0.176758
vt 0.955078 0.180420
vt 0.957520 0.144531
vt 0.964355 0.191650
vt 0.954590 0.187988
vt 0.947510 0.200684
vt 0.951904 0.208496
vt 0.950439 0.208252
vt 0.953125 0.207764
vt 0.955566 0.193359
vt 0.954346 0.208008
vt 0.958984 0.203125
vt 0.964844 0.211182
vt 0.966064 0.190674
vt 0.964844 0.198730
vt 0.967041 0.198730
vt 0.967041 0.200439
vt 0.965820 0.201904
vt 0.976562 0.217773
vt 0.979248 0.234375
vt 0.968018 0.202393
vt 0.977783 0.214355
vt 0.982422 0.210693
vt 0.975586 0.196533
vt 0.996094 0.215576
vt 0.007080 0.300781
vt 0.008789 0.281006
vt 0.009766 0.307129
vt 0.717773 0.887939
vt 0.718750 0.896240
vt 0.712402 0.903076
vt 0.720703 0.884277
vt 0.722412 0.879883
vt 0.719238 0.896484
vt 0.728516 0.877441
vt 0.724121 0.904297
vt 0.732422 0.881104
vt 0.731201 0.891602
vt 0.738281 0.866455
vt 0.730957 0.870605
vt 0.735352 0.863525
vt 0.730957 0.868652
vt 0.737305 0.855957
vt 0.731201 0.861816
vt 0.719727 0.873047
vt 0.743652 0.847412
vt 0.744873 0.848633
vt 0.740967 0.845215
vt 0.740479 0.843994
vt 0.737305 0.842529
vt 0.747314 0.847168
vt 0.721680 0.858887
vt 0.723877 0.835693
vt 0.758789 0.860840
vt 0.764893 0.851074
vt 0.754639 0.885986
vt 0.709961 0.837402
vt 0.713623 0.829102
vt 0.697998 0.860840
vt 0.759766 0.866943
vt 0.709717 0.885254
vt 0.679443 0.897949
vt 0.704102 0.901611
vt 0.765625 0.890137
vt 0.766357 0.855469
vt 0.766357 0.849854
vt 0.774414 0.854004
vt 0.805908 0.861816
vt 0.829102 0.895020
vt 0.001465 0.344727
vt 0.005615 0.320557
vt 0.006592 0.349365
vt 0.974854 0.113281
vt 0.972168 0.111328
vt 0.969238 0.099365
vt 0.966797 0.109131
vt 0.968750 0.093750
vt 0.986328 0.110596
vt 0.979248 0.089111
vt 0.963623 0.084717
vt 0.961670 0.083984
vt 0.953125 0.080811
vt 0.977051 0.075195
vt 0.980469 0.081299
vt 0.979004 0.075195
vt 0.977539 0.074219
vt 0.959229 0.073486
vt 0.950195 0.082275
vt 0.942139 0.077148
vt 0.957520 0.125488
vt 0.939453 0.103271
vt 0.939941 0.088135
vt 0.937744 0.088867
vt 0.938477 0.076904
vt 0.961182 0.075195
vt 0.961426 0.073242
vt 0.968262 0.074463
vt 0.976318 0.072998
vt 0.989746 0.036621
vt 0.976318 0.058594
vt 0.969971 0.049561
vt 0.104248 0.786865
vt 0.108887 0.788574
vt 0.083008 0.805176
vt 0.091064 0.795898
vt 0.086670 0.814697
vt 0.081787 0.802490
vt 0.067871 0.805908
vt 0.061768 0.809570
vt 0.068604 0.812988
vt 0.065186 0.816162
vt 0.072021 0.823242
vt 0.095703 0.826660
vt 0.095947 0.830566
vt 0.072754 0.833740
vt 0.071533 0.836426
vt 0.085205 0.859863
vt 0.197510 0.945801
vt 0.121582 0.947266
vt 0.146973 0.926025
vt 0.167480 0.990723
vt 0.119141 0.981445
vt 0.133301 0.985352
vt 0.053223 0.693848
vt 0.111328 0.767578
vt 0.046631 0.770020
vt 0.112549 0.686279
vt 0.124023 0.729736
vt 0.530273 0.145752
vt 0.523682 0.147217
vt 0.552979 0.132568
vt 0.554199 0.129150
vt 0.543701 0.128906
vt 0.537842 0.116211
vt 0.531494 0.119873
vt 0.557129 0.128906
vt 0.536377 0.113037
vt 0.558838 0.131836
vt 0.529297 0.165771
vt 0.561279 0.129639
vt 0.556152 0.127197
vt 0.564453 0.140381
vt 0.550293 0.170410
vt 0.554932 0.115234
vt 0.614258 0.144775
vt 0.572998 0.190186
vt 0.624756 0.153564
vt 0.661865 0.159668
vt 0.595459 0.126953
vt 0.633545 0.104004
vt 0.590576 0.118652
vt 0.560059 0.118408
vt 0.557861 0.117920
vt 0.557373 0.114014
vt 0.553955 0.111084
vt 0.012695 0.552246
vt 0.007568 0.559814
vt 0.012451 0.518799
vt 0.006592 0.519531
vt 0.005127 0.552734
vt 0.614014 0.871826
vt 0.619629 0.870117
vt 0.634277 0.880615
vt 0.613525 0.872314
vt 0.632080 0.888184
vt 0.608643 0.867432
vt 0.609131 0.870117
vt 0.612549 0.864746
vt 0.611572 0.867920
vt 0.606934 0.869385
vt 0.621582 0.886230
vt 0.611084 0.856445
vt 0.624756 0.844971
vt 0.608643 0.840088
vt 0.611084 0.864014
vt 0.607178 0.843994
vt 0.607178 0.836426
vt 0.607178 0.866943
vt 0.604980 0.863770
vt 0.586426 0.864014
vt 0.587891 0.880127
vt 0.584229 0.865479
vt 0.586914 0.862305
vt 0.584717 0.862793
vt 0.585938 0.860352
vt 0.583008 0.862793
vt 0.580322 0.880859
vt 0.570557 0.869629
vt 0.581299 0.847412
vt 0.550293 0.844727
vt 0.554199 0.841797
vt 0.580811 0.843262
vt 0.583496 0.843994
vt 0.583252 0.839111
vt 0.573730 0.816406
vt 0.587158 0.836914
vt 0.584473 0.836426
vt 0.577393 0.810791
vt 0.557373 0.773926
vt 0.588135 0.832764
vt 0.580322 0.799805
vt 0.595947 0.833984
vt 0.591064 0.833984
vt 0.594482 0.832520
vt 0.603027 0.826904
vt 0.591553 0.831787
vt 0.586426 0.809326
vt 0.580078 0.785156
vt 0.849609 0.954834
vt 0.844727 0.966797
vt 0.811768 0.940674
vt 0.846680 0.964111
vt 0.851562 0.952637
vt 0.851807 0.953613
vt 0.854004 0.953857
vt 0.890381 0.944336
vt 0.634033 0.959473
vt 0.641846 0.965576
vt 0.627686 0.963623
vt 0.643066 0.969727
vt 0.616455 0.963623
vt 0.607666 0.957764
vt 0.568359 0.968262
vt 0.611084 0.958008
vt 0.607178 0.956055
vt 0.609375 0.955078
vt 0.624512 0.955811
vt 0.088379 0.107910
vt 0.126465 0.113525
vt 0.105469 0.136230
vt 0.129150 0.186279
vt 0.111816 0.172852
vt 0.097168 0.130127
vt 0.102539 0.136963
vt 0.088379 0.147949
vt 0.095703 0.181641
vt 0.086670 0.145264
vt 0.058594 0.125000
vt 0.099609 0.135498
vt 0.085693 0.115723
vt 0.093262 0.133057
vt 0.092041 0.130859
vt 0.083984 0.114258
vt 0.084717 0.137451
vt 0.083008 0.120361
vt 0.074219 0.125244
vt 0.061279 0.124023
vt 0.082275 0.119141
vt 0.046875 0.321777
vt 0.065186 0.312256
vt 0.056152 0.318604
vt 0.068848 0.312256
vt 0.065674 0.308594
vt 0.063721 0.306885
vt 0.067139 0.296387
vt 0.068848 0.296387
vt 0.067627 0.295410
vt 0.090332 0.294434
vt 0.082031 0.306885
vt 0.106201 0.291260
vt 0.116699 0.294922
vt 0.125000 0.325195
vt 0.120605 0.294678
vt 0.688232 0.944336
vt 0.652832 0.993652
vt 0.647461 0.962158
vt 0.010010 0.315430
vt 0.014893 0.312256
vt 0.013916 0.314209
vt 0.014404 0.331055
vt 0.011719 0.312500
vt 0.008057 0.314697
vt 0.005859 0.312012
vt 0.000000 0.309570
vt 0.614014 0.330078
vt 0.594971 0.337158
vt 0.611816 0.329346
vt 0.620850 0.335938
vt 0.614014 0.323975
vt 0.598877 0.343506
vt 0.601318 0.346436
vt 0.628662 0.327881
vt 0.624023 0.351074
vt 0.627686 0.329834
vt 0.637695 0.337891
vt 0.629883 0.325684
vt 0.628906 0.325439
vt 0.616943 0.322266
vt 0.628174 0.319580
vt 0.614746 0.310791
vt 0.622559 0.312500
vt 0.628174 0.315186
vt 0.628418 0.314209
vt 0.628662 0.312744
vt 0.630127 0.315430
vt 0.629883 0.313721
vt 0.626709 0.307861
vt 0.630615 0.311035
vt 0.632324 0.316162
vt 0.632812 0.314453
vt 0.631348 0.313965
vt 0.646973 0.309570
vt 0.646973 0.307861
vt 0.635010 0.305664
vt 0.641602 0.301758
vt 0.644287 0.303223
vt 0.649170 0.308838
vt 0.646729 0.321533
vt 0.650635 0.309082
vt 0.650879 0.306641
vt 0.657471 0.306396
vt 0.644775 0.272705
vt 0.690674 0.282715
vt 0.651123 0.319580
vt 0.704590 0.319824
vt 0.731934 0.284912
vt 0.767334 0.303711
vt 0.763672 0.267090
vt 0.737793 0.347168
vt 0.760986 0.362549
vt 0.701172 0.333984
vt 0.736816 0.354736
vt 0.767578 0.379150
vt 0.656738 0.320557
vt 0.663818 0.326660
vt 0.757324 0.376221
vt 0.766113 0.381348
vt 0.712158 0.343506
vt 0.735596 0.360107
vt 0.751465 0.375732
vt 0.763184 0.385010
vt 0.767334 0.383545
vt 0.681885 0.336426
vt 0.716309 0.349854
vt 0.667480 0.335693
vt 0.674316 0.343750
vt 0.649170 0.325439
vt 0.712158 0.352051
vt 0.734375 0.364990
vt 0.646973 0.324219
vt 0.647217 0.330078
vt 0.644287 0.329102
vt 0.645264 0.331055
vt 0.646484 0.334961
vt 0.641846 0.335449
vt 0.640625 0.339600
vt 0.644287 0.337891
vt 0.639404 0.340332
vt 0.663330 0.356445
vt 0.660645 0.348389
vt 0.634277 0.345703
vt 0.614502 0.360107
vt 0.661865 0.377197
vt 0.662109 0.393799
vt 0.708984 0.418701
vt 0.691406 0.371582
vt 0.666260 0.346436
vt 0.674072 0.355225
vt 0.693848 0.358398
vt 0.696289 0.353516
vt 0.726562 0.367432
vt 0.701416 0.370605
vt 0.715088 0.372070
vt 0.746826 0.376221
vt 0.747559 0.380127
vt 0.717041 0.381104
vt 0.737305 0.384521
vt 0.758545 0.387939
vt 0.765381 0.393066
vt 0.758545 0.393066
vt 0.742188 0.391846
vt 0.724854 0.391113
vt 0.756104 0.397217
vt 0.736328 0.428955
vt 0.758057 0.410156
vt 0.765869 0.396973
vt 0.747070 0.443115
vt 0.756348 0.471191
vt 0.007324 0.202393
vt 0.015625 0.216064
vt 0.009766 0.219238
vt 0.012451 0.200195
vt 0.005371 0.202393
vt 0.006348 0.218750
vt 0.005859 0.200928
vt 0.012695 0.197510
vt 0.013184 0.195801
vt 0.014893 0.196045
vt 0.017822 0.151367
vt 0.010254 0.144043
vt 0.018311 0.149658
vt 0.012695 0.155273
vt 0.004639 0.149414
vt 0.011963 0.156982
vt 0.003662 0.150391
vt 0.002441 0.150146
vt 0.114014 0.660156
vt 0.116699 0.649170
vt 0.115479 0.660400
vt 0.120361 0.656494
vt 0.115723 0.648193
vt 0.122070 0.641846
vt 0.100342 0.655029
vt 0.101074 0.641846
vt 0.104736 0.636719
vt 0.121338 0.655518
vt 0.123047 0.640869
vt 0.121094 0.638428
vt 0.102783 0.634521
vt 0.125977 0.638184
vt 0.091553 0.622559
vt 0.130615 0.632080
vt 0.129395 0.638428
vt 0.141357 0.635010
vt 0.166260 0.628174
vt 0.139404 0.636963
vt 0.138916 0.641846
vt 0.130615 0.648193
vt 0.173096 0.631348
vt 0.190430 0.620850
vt 0.005127 0.421143
vt 0.013916 0.424805
vt 0.016602 0.456299
vt 0.219238 0.937256
vt 0.221191 0.937256
vt 0.212646 0.947021
vt 0.218750 0.936035
vt 0.218018 0.938477
vt 0.217041 0.932129
vt 0.210938 0.938232
vt 0.241211 0.935303
vt 0.243896 0.942871
vt 0.256836 0.936523
vt 0.254395 0.950439
vt 0.256348 0.935059
vt 0.251709 0.924805
vt 0.227539 0.904785
vt 0.279541 0.915283
vt 0.205078 0.887695
vt 0.901123 0.446777
vt 0.900879 0.448242
vt 0.899414 0.446777
vt 0.902588 0.446777
vt 0.904297 0.447266
vt 0.904541 0.447998
vt 0.902344 0.448730
vt 0.896484 0.447510
vt 0.883301 0.441162
vt 0.899414 0.450439
vt 0.897949 0.461182
vt 0.882324 0.443604
vt 0.878662 0.439453
vt 0.882568 0.463623
vt 0.894531 0.475342
vt 0.880127 0.441895
vt 0.878174 0.455322
vt 0.883789 0.435791
vt 0.874756 0.435303
vt 0.875000 0.453369
vt 0.834717 0.442871
vt 0.874512 0.412354
vt 0.886475 0.377197
vt 0.839111 0.393799
vt 0.800537 0.416748
vt 0.789551 0.447998
vt 0.829590 0.460449
vt 0.874268 0.455811
vt 0.877930 0.459961
vt 0.758789 0.429932
vt 0.761719 0.451172
vt 0.760742 0.481689
vt 0.880371 0.461670
vt 0.853760 0.466797
vt 0.788330 0.469482
vt 0.749512 0.489746
vt 0.739014 0.480469
vt 0.824951 0.466797
vt 0.789795 0.476562
vt 0.770264 0.483398
vt 0.754395 0.492676
vt 0.773682 0.488525
vt 0.760010 0.500488
vt 0.787842 0.483887
vt 0.826172 0.475586
vt 0.788574 0.493408
vt 0.751221 0.497314
vt 0.738525 0.481201
vt 0.753418 0.507080
vt 0.755371 0.506836
vt 0.761475 0.504150
vt 0.760986 0.508545
vt 0.790527 0.499023
vt 0.824707 0.481201
vt 0.787842 0.504639
vt 0.759033 0.511963
vt 0.756836 0.511719
vt 0.758057 0.515869
vt 0.756592 0.516602
vt 0.752441 0.532959
vt 0.718994 0.529053
vt 0.754883 0.581787
vt 0.760986 0.538086
vt 0.763916 0.573975
vt 0.776123 0.524902
vt 0.773438 0.576172
vt 0.759521 0.589111
vt 0.744141 0.608398
vt 0.750000 0.607422
vt 0.755859 0.616943
vt 0.832764 0.569824
vt 0.830811 0.608887
vt 0.839844 0.519287
vt 0.902100 0.583984
vt 0.907715 0.542480
vt 0.812988 0.499268
vt 0.880615 0.486328
vt 0.908691 0.499023
vt 0.847656 0.482422
vt 0.821533 0.492188
vt 0.823975 0.487793
vt 0.859131 0.472412
vt 0.884277 0.472168
vt 0.894287 0.481445
vt 0.895264 0.479980
vt 0.893066 0.477783
vt 0.895020 0.478271
vt 0.895020 0.476562
vt 0.885986 0.469971
vt 0.883057 0.467773
vt 0.879395 0.464600
vt 0.858643 0.468262
vt 0.692627 0.458984
vt 0.705566 0.458496
vt 0.698975 0.484863
vt 0.709961 0.478516
vt 0.708252 0.457031
vt 0.684570 0.499023
vt 0.697510 0.496582
vt 0.696777 0.510742
vt 0.691895 0.524902
vt 0.703369 0.535889
vt 0.704102 0.555176
vt 0.679688 0.538330
vt 0.706543 0.581543
vt 0.697998 0.581299
vt 0.686035 0.616211
vt 0.681885 0.595947
vt 0.674561 0.548584
vt 0.612793 0.605225
vt 0.655273 0.521973
vt 0.603760 0.505859
vt 0.673096 0.514648
vt 0.653809 0.500732
vt 0.638916 0.478760
vt 0.670898 0.491455
vt 0.675049 0.502441
vt 0.677490 0.501465
vt 0.676514 0.483398
vt 0.674072 0.478760
vt 0.660645 0.477051
vt 0.678467 0.472412
vt 0.682129 0.470703
vt 0.640869 0.467529
vt 0.623535 0.468262
vt 0.664795 0.472900
vt 0.676270 0.469482
vt 0.648682 0.463623
vt 0.636963 0.455811
vt 0.620850 0.436523
vt 0.639160 0.453369
vt 0.656250 0.459961
vt 0.678955 0.466553
vt 0.676758 0.462646
vt 0.646973 0.451416
vt 0.633057 0.446777
vt 0.632080 0.437256
vt 0.665039 0.456055
vt 0.649902 0.445312
vt 0.656494 0.442627
vt 0.635986 0.431641
vt 0.677979 0.457275
vt 0.663086 0.437744
vt 0.646484 0.428955
vt 0.677490 0.454590
vt 0.680664 0.461426
vt 0.684082 0.455322
vt 0.685547 0.456299
vt 0.686279 0.454102
vt 0.685791 0.459717
vt 0.681396 0.468018
vt 0.663330 0.431885
vt 0.687012 0.448975
vt 0.642334 0.407471
vt 0.669678 0.427490
vt 0.674072 0.422363
vt 0.643555 0.388916
vt 0.639893 0.773193
vt 0.641602 0.767334
vt 0.655518 0.751709
vt 0.602295 0.781494
vt 0.645264 0.772949
vt 0.609863 0.787842
vt 0.564209 0.769043
vt 0.644043 0.775391
vt 0.608154 0.830322
vt 0.637695 0.839355
vt 0.680664 0.788574
vt 0.705811 0.829590
vt 0.675293 0.873779
vt 0.645996 0.867676
vt 0.281006 0.504150
vt 0.248535 0.533203
vt 0.247803 0.524414
vt 0.274170 0.496582
vt 0.349121 0.540771
vt 0.269775 0.480225
vt 0.253662 0.409912
vt 0.573486 0.514648
vt 0.583740 0.545898
vt 0.569824 0.528809
vt 0.577393 0.544678
vt 0.552490 0.557373
vt 0.553467 0.523438
vt 0.509033 0.543457
vt 0.506592 0.632080
vt 0.446777 0.576660
vt 0.416504 0.536133
vt 0.471680 0.502930
vt 0.442871 0.493408
vt 0.528076 0.512939
vt 0.492432 0.501953
vt 0.474365 0.494873
vt 0.514160 0.494873
vt 0.540283 0.508057
vt 0.498047 0.488037
vt 0.530518 0.499756
vt 0.547607 0.502197
vt 0.570801 0.501465
vt 0.594238 0.516602
vt 0.598633 0.514160
vt 0.596436 0.509521
vt 0.596680 0.502197
vt 0.521973 0.493896
vt 0.537598 0.494385
vt 0.568115 0.490723
vt 0.597900 0.495605
vt 0.505615 0.482910
vt 0.516602 0.486328
vt 0.519043 0.483887
vt 0.508057 0.476318
vt 0.502441 0.479736
vt 0.521484 0.481201
vt 0.549072 0.489746
vt 0.497314 0.483643
vt 0.556885 0.486084
vt 0.547363 0.483154
vt 0.552979 0.480957
vt 0.519287 0.473877
vt 0.527100 0.470459
vt 0.507080 0.471436
vt 0.504883 0.474121
vt 0.501221 0.475586
vt 0.505371 0.468994
vt 0.510498 0.468018
vt 0.507080 0.465820
vt 0.503418 0.468018
vt 0.510742 0.464355
vt 0.525391 0.464355
vt 0.509766 0.459961
vt 0.512695 0.459717
vt 0.509521 0.452393
vt 0.512207 0.449951
vt 0.547607 0.473633
vt 0.538330 0.452881
vt 0.548584 0.465576
vt 0.564453 0.475830
vt 0.515625 0.449219
vt 0.562256 0.458984
vt 0.536621 0.416992
vt 0.511230 0.418945
vt 0.504639 0.415039
vt 0.560303 0.442139
vt 0.505371 0.437744
vt 0.490234 0.423340
vt 0.593262 0.457520
vt 0.589844 0.433105
vt 0.622803 0.453857
vt 0.594238 0.469238
vt 0.625488 0.481689
vt 0.582275 0.479492
vt 0.598145 0.483643
vt 0.570801 0.485352
vt 0.592285 0.487549
vt 0.604736 0.492676
vt 0.587891 0.490234
vt 0.596680 0.414307
vt 0.614014 0.427979
vt 0.571777 0.388672
vt 0.591064 0.359863
vt 0.610352 0.382812
vt 0.522949 0.363525
vt 0.547852 0.339355
vt 0.590088 0.305176
vt 0.541016 0.322510
vt 0.547363 0.308838
vt 0.508057 0.389160
vt 0.510254 0.349121
vt 0.506348 0.385498
vt 0.503418 0.394531
vt 0.496094 0.353760
vt 0.511230 0.328857
vt 0.509277 0.329590
vt 0.520264 0.321289
vt 0.511230 0.324463
vt 0.507568 0.319092
vt 0.510986 0.320801
vt 0.530029 0.312256
vt 0.564209 0.291260
vt 0.510254 0.317139
vt 0.529297 0.308838
vt 0.535156 0.246582
vt 0.510254 0.313477
vt 0.471436 0.315186
vt 0.420654 0.319580
vt 0.452637 0.407471
vt 0.504883 0.311279
vt 0.471680 0.294434
vt 0.527832 0.305176
vt 0.531738 0.241943
vt 0.528076 0.278076
vt 0.509521 0.308350
vt 0.506348 0.307373
vt 0.500732 0.305664
vt 0.486328 0.287598
vt 0.527832 0.274902
vt 0.522705 0.252686
vt 0.465820 0.242920
vt 0.478027 0.477539
vt 0.425781 0.484863
vt 0.413330 0.417480
vt 0.439453 0.490234
vt 0.472900 0.488281
vt 0.435791 0.491455
vt 0.409180 0.500488
vt 0.414307 0.500488
vt 0.471436 0.491455
vt 0.495361 0.480713
vt 0.490967 0.485107
vt 0.490234 0.487061
vt 0.489990 0.488281
vt 0.074707 0.204346
vt 0.092773 0.255371
vt 0.060303 0.244629
vt 0.124756 0.190674
vt 0.052734 0.193604
vt 0.049805 0.193359
vt 0.053223 0.233643
vt 0.056396 0.255615
vt 0.537354 0.821533
vt 0.543213 0.847168
vt 0.518066 0.815186
vt 0.535400 0.863525
vt 0.520508 0.765869
vt 0.510986 0.841553
vt 0.509766 0.857422
vt 0.508057 0.869873
vt 0.507812 0.855225
vt 0.503418 0.817871
vt 0.498535 0.796387
vt 0.509277 0.760498
vt 0.502930 0.824219
vt 0.501465 0.827637
vt 0.475830 0.846924
vt 0.498291 0.881104
vt 0.496094 0.796631
vt 0.479248 0.797363
vt 0.415527 0.806885
vt 0.400391 0.871338
vt 0.383301 0.810303
vt 0.427734 0.743652
vt 0.460693 0.742920
vt 0.498779 0.767334
vt 0.461914 0.737793
vt 0.457031 0.716309
vt 0.495361 0.744385
vt 0.498047 0.743652
vt 0.501709 0.749268
vt 0.503174 0.746826
vt 0.505371 0.754639
vt 0.502930 0.756836
vt 0.502197 0.763672
vt 0.505127 0.761230
vt 0.507568 0.756104
vt 0.502686 0.769287
s 1
usemtl tripo_mat_2f7c9c0c-f787-47bf-9a2b-6b998d143d3f
f 43/1 40/2 1027/3
f 1027/3 40/2 1009/4
f 1027/3 1009/4 1041/5
f 1041/5 1009/4 1014/6
f 1014/6 1009/4 16/7
f 16/7 1009/4 40/2
f 1014/6 16/7 1036/8
f 1036/8 16/7 13/9
f 1036/8 13/9 57/10
f 57/10 13/9 16/7
f 150/11 1028/12 57/10
f 57/10 16/7 138/13
f 57/10 138/13 150/11
f 56/14 16/7 40/2
f 150/11 138/13 166/15
f 150/11 166/15 153/16
f 138/13 16/7 163/17
f 163/17 16/7 56/14
f 138/13 163/17 166/15
f 56/14 40/2 71/18
f 71/18 40/2 43/1
f 163/17 56/14 157/19
f 157/19 56/14 71/18
f 166/15 163/17 159/20
f 159/20 163/17 157/19
f 166/15 159/20 153/16
f 71/18 43/1 147/21
f 71/18 147/21 157/19
f 157/19 147/21 159/20
f 147/21 43/1 104/22
f 147/21 104/22 159/20
f 159/20 104/22 153/16
f 153/16 104/22 62/23
f 62/23 104/22 60/24
f 60/24 104/22 53/25
f 62/23 60/24 1045/26
f 1045/26 60/24 53/25
f 1045/26 53/25 1035/27
f 1045/26 1035/27 1114/28
f 1045/26 1114/28 1140/29
f 1140/29 1114/28 1149/30
f 1140/29 1149/30 1154/31
f 1154/31 1149/30 1152/32
f 1027/33 1013/34 43/35
f 1013/34 1027/33 1113/36
f 1149/37 1113/36 1152/38
f 1113/36 1149/37 1114/39
f 1113/36 1114/39 1018/40
f 1113/36 1018/40 1013/34
f 1018/40 1114/39 1035/41
f 1013/34 1018/40 10/42
f 10/42 1018/40 1035/41
f 1013/34 10/42 43/35
f 10/42 1035/41 53/43
f 10/42 53/43 43/35
f 43/35 53/43 104/44
f 1027/45 1041/46 1152/47
f 1027/45 1152/47 1113/48
f 1152/47 1041/46 1150/49
f 1150/49 1041/46 1014/50
f 1150/49 1014/50 1036/51
f 1150/49 1036/51 1137/52
f 1150/49 1137/52 1144/53
f 1144/53 1137/52 1036/51
f 1144/53 1036/51 1028/54
f 1028/54 1036/51 57/55
f 1144/53 1028/54 1032/56
f 1032/56 1028/54 150/57
f 1032/56 150/57 1039/58
f 1032/56 1039/58 1135/59
f 1032/56 1135/59 1144/53
f 1144/53 1135/59 1153/60
f 1152/61 1153/62 1154/63
f 1153/62 1152/61 1150/64
f 1153/62 1150/64 1144/65
f 1045/66 1037/67 62/68
f 62/68 1037/67 50/69
f 1037/67 1045/66 1141/70
f 1141/70 1045/66 1140/71
f 1141/70 1140/71 1154/72
f 153/73 62/74 130/75
f 130/75 62/74 68/76
f 153/73 130/75 155/77
f 1037/78 1141/79 1146/80
f 1037/78 1146/80 1044/81
f 1154/82 1153/83 1146/84
f 1154/82 1146/84 1141/85
f 155/86 150/87 153/88
f 61/89 1039/90 150/91
f 68/92 62/93 50/94
f 68/95 106/96 130/97
f 130/97 106/96 155/98
f 155/98 106/96 149/99
f 155/98 149/99 162/100
f 149/99 106/96 63/101
f 63/101 106/96 68/95
f 63/101 68/95 50/102
f 63/101 50/102 1044/103
f 1044/103 50/102 1037/104
f 63/101 1044/103 1031/105
f 1146/106 1153/107 1133/108
f 1133/108 1153/107 1156/109
f 1133/108 1156/109 1155/110
f 1155/110 1156/109 1178/111
f 1156/109 1153/107 1145/112
f 1145/112 1153/107 1135/113
f 1145/112 1135/113 1039/114
f 1156/109 1145/112 1084/115
f 1084/115 1145/112 1039/114
f 1178/111 1156/109 1164/116
f 1164/116 1156/109 1084/115
f 1084/115 1039/114 1026/117
f 1084/115 1026/117 1164/116
f 1026/117 1039/114 61/118
f 1026/117 61/118 51/119
f 1026/117 51/119 45/120
f 45/120 51/119 114/121
f 1026/117 45/120 21/122
f 21/122 45/120 160/123
f 1026/117 21/122 1158/124
f 1026/117 1158/124 1164/116
f 1158/124 21/122 181/125
f 1158/124 181/125 1162/126
f 1162/126 181/125 175/127
f 1162/126 175/127 167/128
f 1158/124 1162/126 1171/129
f 1158/124 1171/129 1164/116
f 1162/126 167/128 1160/130
f 1160/130 167/128 1151/131
f 1151/131 167/128 187/132
f 1162/126 1160/130 1179/133
f 1179/133 1160/130 1151/131
f 1162/126 1179/133 1171/129
f 1179/133 1151/131 1184/134
f 1185/135 1164/116 1171/129
f 1164/116 1185/135 1178/111
f 1171/129 1179/133 1192/136
f 1171/129 1192/136 1185/135
f 1179/133 1184/134 1198/137
f 1179/133 1198/137 1192/136
f 1198/137 1184/134 1209/138
f 1198/137 1209/138 1202/139
f 1202/139 1209/138 1204/140
f 1198/137 1202/139 1199/141
f 1198/137 1199/141 1192/136
f 1199/141 1202/139 1201/142
f 1186/143 1185/135 1192/136
f 1186/143 1192/136 1199/141
f 1185/135 1186/143 1178/111
f 1186/143 1199/141 1187/144
f 1178/111 1186/143 1177/145
f 1044/146 1146/147 1133/148
f 1044/146 1133/148 1031/149
f 1031/149 1133/148 1120/150
f 1120/150 1133/148 1177/151
f 1177/151 1133/148 1155/152
f 1177/151 1155/152 1178/153
f 306/154 15/155 1003/156
f 1003/156 15/155 1221/157
f 1003/156 1221/157 1042/158
f 1003/156 1042/158 273/159
f 1003/156 273/159 306/154
f 1169/160 1042/158 1233/161
f 1042/158 1169/160 273/159
f 1180/162 282/163 1169/160
f 1169/160 282/163 324/164
f 1169/160 324/164 273/159
f 273/159 324/164 504/165
f 504/165 324/164 584/166
f 273/159 504/165 487/167
f 273/159 487/167 306/154
f 504/165 584/166 739/168
f 739/168 584/166 699/169
f 504/165 739/168 487/167
f 793/170 848/171 739/168
f 739/168 848/171 748/172
f 739/168 748/172 487/167
f 748/172 848/171 851/173
f 748/172 851/173 886/174
f 748/172 886/174 754/175
f 754/175 886/174 874/176
f 748/172 754/175 673/177
f 673/177 754/175 679/178
f 673/177 679/178 474/179
f 748/172 673/177 471/180
f 748/172 471/180 487/167
f 673/177 474/179 475/181
f 673/177 475/181 471/180
f 475/181 474/179 414/182
f 487/167 471/180 407/183
f 487/167 407/183 306/154
f 471/180 475/181 470/184
f 471/180 470/184 407/183
f 470/184 475/181 414/182
f 414/182 474/179 393/185
f 407/183 470/184 427/186
f 427/186 470/184 414/182
f 407/183 427/186 306/154
f 306/154 427/186 143/187
f 306/154 143/187 15/155
f 15/155 143/187 1211/188
f 1211/188 143/187 1006/189
f 143/187 427/186 404/190
f 404/190 427/186 414/182
f 1006/189 143/187 286/191
f 286/191 143/187 404/190
f 404/190 414/182 392/192
f 392/192 414/182 393/185
f 286/191 404/190 375/193
f 375/193 404/190 392/192
f 392/192 393/185 387/194
f 387/194 393/185 386/195
f 387/194 386/195 368/196
f 375/193 392/192 384/197
f 375/193 384/197 286/191
f 392/192 387/194 385/198
f 392/192 385/198 384/197
f 387/194 368/196 366/199
f 385/198 387/194 374/200
f 374/200 387/194 366/199
f 385/198 374/200 367/201
f 367/201 374/200 366/199
f 384/197 385/198 378/202
f 378/202 385/198 379/203
f 379/203 385/198 367/201
f 378/202 379/203 353/204
f 378/202 353/204 384/197
f 353/204 379/203 367/201
f 384/197 353/204 352/205
f 352/205 353/204 367/201
f 384/197 352/205 327/206
f 327/206 352/205 367/201
f 384/197 327/206 286/191
f 327/206 367/201 335/207
f 335/207 367/201 366/199
f 286/191 327/206 102/208
f 327/206 335/207 125/209
f 327/206 125/209 102/208
f 125/209 335/207 366/199
f 286/191 102/208 2/210
f 2/210 102/208 125/209
f 286/191 2/210 1006/189
f 1006/189 2/210 1188/211
f 1188/211 2/210 125/209
f 1188/211 125/209 1173/212
f 125/209 366/199 231/213
f 125/209 231/213 1173/212
f 1173/212 231/213 96/214
f 1173/212 96/214 1159/215
f 1159/215 96/214 193/216
f 1159/215 193/216 1161/217
f 96/214 231/213 218/218
f 96/214 218/218 193/216
f 309/219 231/213 366/199
f 231/213 309/219 218/218
f 1161/217 193/216 198/220
f 1161/217 198/220 1002/221
f 193/216 218/218 287/222
f 287/222 218/218 309/219
f 193/216 287/222 198/220
f 309/219 366/199 323/223
f 323/223 366/199 368/196
f 323/223 368/196 322/224
f 323/223 322/224 310/225
f 323/223 310/225 309/219
f 309/219 310/225 287/222
f 287/222 310/225 304/226
f 304/226 310/225 305/227
f 287/222 304/226 302/228
f 302/228 304/226 300/229
f 302/228 300/229 285/230
f 287/222 302/228 278/231
f 287/222 278/231 198/220
f 302/228 285/230 264/232
f 302/228 264/232 278/231
f 264/232 285/230 255/233
f 198/220 278/231 216/234
f 216/234 278/231 264/232
f 198/220 216/234 148/235
f 198/220 148/235 1002/221
f 1002/221 148/235 1120/236
f 148/235 216/234 177/237
f 148/235 177/237 1120/236
f 177/237 216/234 264/232
f 177/237 264/232 255/233
f 1120/236 177/237 1031/238
f 1031/238 177/237 63/239
f 63/239 177/237 149/240
f 149/240 177/237 255/233
f 149/240 255/233 162/241
f 902/242 874/243 886/244
f 874/243 902/242 951/245
f 951/245 902/242 886/244
f 951/245 886/244 980/246
f 951/245 980/246 961/247
f 961/247 980/246 990/248
f 961/247 990/248 956/249
f 980/246 886/244 950/250
f 980/246 950/250 990/248
f 950/250 886/244 919/251
f 919/251 886/244 851/252
f 990/248 950/250 937/253
f 937/253 950/250 919/251
f 919/251 851/252 848/254
f 989/255 956/249 990/248
f 989/255 990/248 937/253
f 956/249 989/255 963/256
f 963/256 989/255 993/257
f 993/257 989/255 946/258
f 919/251 848/254 879/259
s 0
f 946/258 989/255 943/260
s 1
f 879/259 848/254 793/261
s 0
f 946/258 943/260 913/262
f 943/260 989/255 917/263
s 1
f 943/260 917/263 913/262
f 917/263 989/255 937/253
f 946/258 913/262 901/264
f 913/262 917/263 900/265
f 913/262 900/265 901/264
f 917/263 937/253 916/266
f 917/263 916/266 900/265
f 914/267 937/253 919/251
f 914/267 919/251 879/259
f 937/253 914/267 916/266
f 914/267 879/259 867/268
f 916/266 914/267 877/269
f 877/269 914/267 867/268
f 900/265 916/266 887/270
f 887/270 916/266 877/269
f 900/265 887/270 871/271
f 900/265 871/271 901/264
f 887/270 877/269 832/272
f 887/270 832/272 871/271
f 901/264 871/271 847/273
f 901/264 847/273 880/274
f 847/273 871/271 832/272
f 823/275 877/269 867/268
f 877/269 823/275 832/272
f 819/276 867/268 879/259
f 867/268 819/276 823/275
f 819/276 879/259 793/261
f 847/273 832/272 815/277
f 847/273 815/277 836/278
f 836/278 815/277 800/279
f 800/279 815/277 744/280
f 800/279 744/280 758/281
f 819/276 793/261 763/282
f 763/282 793/261 739/283
f 763/282 739/283 699/284
f 777/285 823/275 819/276
f 777/285 819/276 763/282
f 806/286 832/272 823/275
f 806/286 823/275 777/285
f 832/272 806/286 811/287
f 832/272 811/287 815/277
f 806/286 777/285 798/288
f 806/286 798/288 811/287
f 815/277 811/287 776/289
f 776/289 811/287 798/288
f 815/277 776/289 744/280
f 798/288 777/285 766/290
f 798/288 766/290 776/289
f 766/290 777/285 745/291
f 745/291 777/285 763/282
f 776/289 766/290 751/292
f 776/289 751/292 744/280
f 766/290 745/291 733/293
f 766/290 733/293 751/292
f 745/291 763/282 728/294
f 745/291 728/294 733/293
f 728/294 763/282 709/295
f 709/295 763/282 699/284
f 733/293 728/294 696/296
f 696/296 728/294 709/295
f 709/295 699/284 678/297
f 709/295 678/297 696/296
f 678/297 699/284 584/298
f 724/299 751/292 733/293
f 751/292 724/299 744/280
f 733/293 696/296 689/300
f 733/293 689/300 724/299
f 696/296 678/297 667/301
f 696/296 667/301 689/300
f 744/280 724/299 695/302
f 695/302 724/299 689/300
f 744/280 695/302 684/303
f 684/303 695/302 657/304
f 695/302 689/300 675/305
f 695/302 675/305 657/304
f 689/300 667/301 639/306
f 689/300 639/306 675/305
f 657/304 675/305 512/307
f 512/307 675/305 639/306
f 657/304 512/307 346/308
f 657/304 346/308 333/309
f 512/307 639/306 329/310
f 512/307 329/310 346/308
f 329/310 639/306 667/301
s 0
f 346/308 329/310 1226/311
f 346/308 1226/311 1289/312
s 1
f 329/310 667/301 477/313
f 477/313 667/301 678/297
f 1226/311 329/310 282/314
f 282/314 329/310 477/313
f 1226/311 282/314 1180/315
f 477/313 678/297 482/316
f 477/313 482/316 282/314
f 482/316 678/297 584/298
f 282/314 482/316 324/317
f 324/317 482/316 584/298
f 899/318 897/319 809/320
f 899/318 809/320 779/321
f 899/318 779/321 892/322
f 892/322 779/321 874/323
f 874/323 779/321 754/324
f 754/324 779/321 669/325
f 669/325 779/321 809/320
f 754/324 669/325 679/326
f 679/326 669/325 473/327
f 679/326 473/327 474/328
f 669/325 809/320 510/329
f 473/327 669/325 472/330
f 472/330 669/325 510/329
f 473/327 472/330 465/331
f 473/327 465/331 417/332
f 465/331 472/330 448/333
f 465/331 448/333 417/332
f 417/332 448/333 402/334
f 417/332 402/334 388/335
f 388/335 402/334 348/336
f 348/336 402/334 448/333
f 109/337 128/338 348/336
f 109/337 348/336 293/339
f 348/336 448/333 347/340
f 348/336 347/340 293/339
f 347/340 448/333 472/330
f 293/339 347/340 156/341
f 156/341 347/340 314/342
f 314/342 347/340 472/330
f 314/342 472/330 510/329
f 314/342 510/329 373/343
f 314/342 373/343 164/344
f 164/344 373/343 364/345
f 373/343 510/329 515/346
f 373/343 515/346 364/345
f 515/346 510/329 701/347
f 701/347 510/329 809/320
f 701/347 809/320 738/348
f 701/347 738/348 698/349
f 515/346 701/347 538/350
f 515/346 538/350 364/345
f 538/350 701/347 698/349
f 364/345 538/350 646/351
f 646/351 538/350 698/349
f 293/352 156/353 109/354
f 109/354 156/353 1123/355
f 109/354 1123/355 1139/356
f 1139/356 1123/355 1303/357
f 109/354 1139/356 128/358
f 128/358 1139/356 1094/359
f 128/358 1094/359 179/360
f 179/360 1094/359 74/361
f 74/361 1094/359 1098/362
f 74/361 1098/362 1000/363
f 74/361 1000/363 42/364
f 42/364 1000/363 1098/362
f 74/361 42/364 178/365
f 42/364 1098/362 1217/366
f 42/364 1217/366 1166/367
f 42/364 1166/367 199/368
f 199/368 1166/367 1151/369
f 199/368 1151/369 187/370
f 1151/369 1166/367 1184/371
f 155/372 165/373 150/374
f 165/373 155/372 162/375
f 150/374 165/373 154/376
f 165/373 162/375 253/377
f 165/373 253/377 154/376
f 253/377 162/375 255/378
f 150/374 154/376 114/379
f 114/379 154/376 253/377
f 150/374 114/379 61/380
f 61/380 114/379 51/381
f 253/377 255/378 281/382
f 114/379 253/377 161/383
f 161/383 253/377 281/382
f 114/379 161/383 45/384
f 45/384 161/383 160/385
f 281/382 255/378 285/386
f 160/385 161/383 213/387
f 213/387 161/383 281/382
f 160/385 213/387 181/388
f 160/385 181/388 21/389
f 181/388 213/387 261/390
f 261/390 213/387 265/391
f 265/391 213/387 281/382
f 261/390 265/391 298/392
f 290/393 281/382 285/386
f 281/382 290/393 265/391
f 265/391 290/393 298/392
f 290/393 285/386 300/394
f 290/393 300/394 298/392
f 298/392 300/394 305/395
f 305/395 300/394 304/396
f 156/397 314/398 1008/399
f 1008/399 314/398 164/400
f 156/397 1008/399 1025/401
f 156/397 1025/401 1123/402
f 1123/402 1025/401 1203/403
f 1123/402 1203/403 1303/404
f 1203/403 1025/401 1196/405
f 1196/405 1025/401 1183/406
f 1183/406 1025/401 1008/399
f 1196/405 1183/406 1425/407
f 1425/407 1183/406 1279/408
f 1183/406 1008/399 1105/409
f 1105/409 1008/399 164/400
f 1183/406 1105/409 1279/408
f 1105/409 164/400 364/410
f 1105/409 364/410 93/411
f 1105/409 93/411 1195/412
f 1105/409 1195/412 1245/413
f 1105/409 1245/413 1279/408
f 1279/408 1245/413 1679/414
f 1042/415 1221/416 1233/417
f 15/418 1211/419 1221/416
f 1233/417 1221/416 1418/420
f 1221/416 1211/419 1387/421
f 1221/416 1387/421 1418/420
f 1387/421 1211/419 1315/422
f 1315/422 1211/419 1277/423
f 1387/421 1315/422 1394/424
f 1387/421 1394/424 1418/420
f 1315/422 1277/423 1286/425
f 1315/422 1286/425 1394/424
f 1277/423 1211/419 1255/426
f 1277/423 1255/426 1286/425
f 1255/426 1211/419 1006/427
f 1286/425 1255/426 1261/428
f 1286/425 1261/428 1394/424
f 1261/428 1255/426 1263/429
f 1417/430 1418/420 1394/424
f 1417/430 1394/424 1261/428
f 1417/430 1261/428 1300/431
f 1300/431 1261/428 1262/432
f 1417/430 1300/431 1415/433
f 1262/432 1261/428 1264/434
f 1264/434 1261/428 1263/429
f 1262/432 1264/434 1258/435
f 1264/434 1263/429 1256/436
f 1264/434 1256/436 1254/437
f 1256/436 1263/429 1252/438
f 1256/436 1252/438 1238/439
f 1252/438 1263/429 1249/440
f 1252/438 1249/440 1253/441
f 1487/442 1417/430 1415/433
f 1487/442 1415/433 1422/443
f 1417/430 1487/442 1745/444
f 1745/444 1487/442 1656/445
f 1417/430 1745/444 1720/446
f 1417/430 1720/446 1418/420
f 1764/447 1876/448 1745/444
f 1745/444 1876/448 1851/449
f 1745/444 1851/449 1720/446
f 1418/420 1720/446 1509/450
f 1418/420 1509/450 1233/417
s 0
f 1509/450 1720/446 1769/451
s 1
f 1233/417 1509/450 1725/452
f 1725/452 1509/450 1769/451
f 1769/451 1720/446 1838/453
f 1838/453 1720/446 1851/449
f 1924/454 1851/449 1876/448
f 1924/454 1876/448 1940/455
f 1838/453 1851/449 1875/456
f 1924/454 1940/455 1951/457
f 1769/451 1838/453 1836/458
f 1836/458 1838/453 1875/456
f 1951/457 1940/455 1932/459
f 1851/449 1924/454 1925/460
f 1851/449 1925/460 1875/456
f 1925/460 1924/454 1951/457
f 1836/458 1875/456 1871/461
f 1871/461 1875/456 1925/460
f 1769/451 1836/458 1779/462
f 1779/462 1836/458 1871/461
f 1769/451 1779/462 1725/452
f 1925/460 1951/457 1927/463
f 1925/460 1927/463 1871/461
s 0
f 1933/464 1951/457 1932/459
f 1933/464 1932/459 1929/465
s 1
f 1927/463 1951/457 1961/466
f 1961/466 1951/457 1933/464
f 1871/461 1927/463 1898/467
f 1898/467 1927/463 1961/466
f 1871/461 1898/467 1831/468
f 1871/461 1831/468 1779/462
f 1898/467 1961/466 1869/469
f 1898/467 1869/469 1831/468
f 1961/466 1933/464 1965/470
f 1831/468 1869/469 1808/471
f 1869/469 1961/466 1899/472
f 1899/472 1961/466 1965/470
f 1869/469 1899/472 1865/473
f 1869/469 1865/473 1808/471
f 1899/472 1965/470 1914/474
f 1899/472 1914/474 1865/473
f 1969/475 1965/470 1933/464
f 1965/470 1969/475 1914/474
f 1969/475 1933/464 1938/476
s 0
f 1938/476 1933/464 1929/465
f 1938/476 1929/465 1941/477
s 1
f 1969/475 1938/476 1960/478
f 1960/478 1938/476 1953/479
f 1969/475 1960/478 1907/480
f 1969/475 1907/480 1914/474
f 1907/480 1960/478 1892/481
f 1914/474 1907/480 1873/482
f 1873/482 1907/480 1892/481
f 1914/474 1873/482 1865/473
f 1873/482 1892/481 1843/483
f 1873/482 1843/483 1796/484
f 1865/473 1873/482 1798/485
f 1798/485 1873/482 1796/484
f 1798/485 1796/484 1757/486
f 1865/473 1798/485 1808/471
f 1798/485 1757/486 1758/487
f 1808/471 1798/485 1787/488
f 1787/488 1798/485 1758/487
f 1758/487 1757/486 1719/489
f 1719/489 1757/486 1729/490
f 1719/489 1729/490 1696/491
f 1719/489 1696/491 1675/492
f 1758/487 1719/489 1738/493
f 1758/487 1738/493 1787/488
f 1719/489 1675/492 1690/494
f 1690/494 1675/492 1289/495
f 1719/489 1690/494 1712/496
f 1719/489 1712/496 1738/493
f 1690/494 1289/495 1420/497
f 1420/497 1289/495 1226/498
f 1712/496 1690/494 1685/499
f 1685/499 1690/494 1420/497
f 1712/496 1685/499 1711/500
f 1712/496 1711/500 1738/493
f 1685/499 1420/497 1678/501
f 1685/499 1678/501 1711/500
f 1420/497 1226/498 1429/502
f 1420/497 1429/502 1678/501
f 1429/502 1226/498 1180/503
f 1429/502 1180/503 1169/504
f 1678/501 1429/502 1672/505
f 1678/501 1672/505 1711/500
f 1429/502 1169/504 1339/506
f 1672/505 1429/502 1671/507
f 1671/507 1429/502 1339/506
f 1339/506 1169/504 1441/508
f 1339/506 1441/508 1671/507
f 1441/508 1169/504 1233/417
f 1441/508 1233/417 1725/452
f 1441/508 1725/452 1671/507
f 1672/505 1671/507 1717/509
f 1717/509 1671/507 1725/452
f 1672/505 1717/509 1711/500
f 1717/509 1725/452 1779/462
f 1711/500 1717/509 1742/510
f 1742/510 1717/509 1779/462
f 1711/500 1742/510 1733/511
f 1711/500 1733/511 1738/493
f 1733/511 1742/510 1750/512
f 1733/511 1750/512 1738/493
f 1742/510 1779/462 1781/513
f 1742/510 1781/513 1750/512
f 1781/513 1779/462 1831/468
f 1781/513 1831/468 1808/471
f 1750/512 1781/513 1780/514
f 1750/512 1780/514 1738/493
f 1780/514 1781/513 1808/471
f 1738/493 1780/514 1787/488
f 1787/488 1780/514 1808/471
f 1196/515 1425/516 1449/517
f 1196/515 1449/517 1203/518
f 1203/518 1449/517 1421/519
f 1421/519 1449/517 1573/520
f 1573/520 1449/517 1425/516
f 1421/519 1573/520 1422/521
f 1422/521 1573/520 1656/522
f 1422/521 1656/522 1487/523
s 0
f 1656/522 1573/520 1764/524
s 1
f 1656/522 1764/524 1745/525
f 1573/520 1425/516 1760/526
f 1573/520 1760/526 1764/524
f 1760/526 1425/516 1655/527
f 1655/527 1425/516 1279/528
f 1655/527 1279/528 1679/529
f 1655/527 1679/529 1704/530
f 1655/527 1704/530 1760/526
f 1704/530 1679/529 1708/531
f 1704/530 1708/531 1752/532
f 1704/530 1752/532 1760/526
f 1879/533 1764/524 1760/526
f 1760/526 1752/532 1790/534
f 1760/526 1790/534 1852/535
f 1760/526 1852/535 1879/533
f 1879/533 1852/535 1790/534
f 1790/534 1752/532 1788/536
f 1788/536 1752/532 1775/537
f 1788/536 1775/537 1795/538
f 1790/534 1788/536 1845/539
f 1790/534 1845/539 1879/533
f 1788/536 1795/538 1821/540
f 1788/536 1821/540 1845/539
f 1821/540 1795/538 1842/541
f 1842/541 1795/538 1805/542
f 1845/539 1821/540 1878/543
f 1878/543 1821/540 1842/541
f 1879/533 1845/539 1921/544
f 1921/544 1845/539 1878/543
f 1842/541 1805/542 1853/545
f 1842/541 1853/545 1878/543
f 1853/545 1805/542 1789/546
f 1879/533 1921/544 1884/547
f 1879/533 1884/547 1764/524
f 1764/524 1884/547 1876/548
f 1876/548 1884/547 1944/549
f 1944/549 1884/547 1921/544
f 1876/548 1944/549 1940/550
f 1940/550 1944/549 1932/551
s 0
f 1944/549 1921/544 1936/552
s 1
f 1944/549 1936/552 1932/551
f 1936/552 1921/544 1878/543
f 1936/552 1878/543 1949/553
f 1936/552 1949/553 1932/551
f 1949/553 1878/543 1853/545
f 1932/551 1949/553 1935/554
s 0
f 1932/551 1935/554 1929/555
s 1
f 1935/554 1949/553 1948/556
f 1948/556 1949/553 1853/545
f 1929/555 1935/554 1956/557
f 1956/557 1935/554 1948/556
s 0
f 1929/555 1956/557 1941/558
f 1941/558 1956/557 1945/559
f 1945/559 1956/557 1946/560
s 1
f 1956/557 1948/556 1895/561
f 1956/557 1895/561 1946/560
f 1895/561 1948/556 1853/545
f 1946/560 1895/561 1883/562
f 1883/562 1895/561 1859/563
f 1859/563 1895/561 1853/545
f 1859/563 1853/545 1794/564
f 1794/564 1853/545 1789/546
f 1794/564 1789/546 1766/565
f 1794/564 1766/565 1740/566
f 1794/564 1740/566 1743/567
f 1740/566 1766/565 1735/568
f 1743/567 1740/566 1686/569
f 1740/566 1735/568 1710/570
f 1740/566 1710/570 1686/569
f 1203/571 1421/572 1405/573
f 1203/571 1405/573 1303/574
f 1405/573 1421/572 1412/575
f 1412/575 1421/572 1416/576
f 1416/576 1421/572 1422/577
f 1405/573 1412/575 1404/578
f 1404/578 1412/575 1416/576
f 1416/576 1422/577 1390/579
f 1416/576 1390/579 1404/578
f 1390/579 1422/577 1415/580
f 1390/579 1415/580 1300/581
f 1405/573 1404/578 1308/582
f 1308/582 1404/578 1390/579
f 1405/573 1308/582 1303/574
f 1390/579 1300/581 1274/583
f 1390/579 1274/583 1308/582
f 1274/583 1300/581 1260/584
f 1303/574 1308/582 1270/585
f 1270/585 1308/582 1274/583
f 1270/585 1274/583 1260/584
f 1303/574 1270/585 1139/586
f 1139/586 1270/585 1260/584
f 897/587 787/588 809/589
f 787/588 897/587 855/590
f 855/590 897/587 932/591
f 855/590 932/591 822/592
f 855/590 822/592 787/588
f 822/592 932/591 872/593
f 872/593 932/591 933/594
f 822/592 872/593 841/595
f 841/595 872/593 933/594
f 841/595 933/594 893/596
f 893/596 933/594 953/597
f 841/595 893/596 840/598
f 841/595 840/598 804/599
f 841/595 804/599 822/592
f 822/592 804/599 749/600
f 749/600 804/599 757/601
f 822/592 749/600 787/588
f 749/600 757/601 729/602
f 749/600 729/602 714/603
f 749/600 714/603 706/604
f 706/604 714/603 693/605
f 787/588 749/600 732/606
f 732/606 749/600 702/607
f 702/607 749/600 706/604
f 732/606 702/607 787/588
f 702/607 706/604 693/605
f 583/608 483/609 693/605
f 693/605 483/609 702/607
f 308/610 330/611 483/609
s 0
f 483/609 330/611 455/612
s 1
f 483/609 455/612 702/607
f 702/607 455/612 364/613
f 364/613 455/612 321/614
f 755/615 787/588 702/607
f 787/588 755/615 809/589
f 809/589 755/615 738/616
f 755/615 702/607 708/617
f 708/617 702/607 364/613
f 755/615 708/617 738/616
f 708/617 364/613 646/618
f 738/616 708/617 698/619
f 698/619 708/617 646/618
f 938/620 899/621 892/622
f 899/621 938/620 972/623
f 899/621 972/623 897/624
f 897/624 972/623 932/625
f 932/625 972/623 938/620
f 938/620 892/622 945/626
f 945/626 892/622 874/627
f 945/626 874/627 951/628
f 945/626 951/628 961/629
f 945/626 961/629 938/620
f 938/620 961/629 932/625
f 932/625 961/629 967/630
f 967/630 961/629 956/631
s 0
f 967/630 956/631 963/632
s 1
f 932/625 967/630 933/633
f 967/630 963/632 970/634
f 967/630 970/634 933/633
f 933/633 970/634 953/635
f 1245/636 1195/637 1402/638
f 1245/636 1402/638 1679/639
f 1684/640 1708/641 1679/639
f 1684/640 1679/639 1402/638
f 1684/640 1402/638 1694/642
s 0
f 1694/642 1402/638 1454/643
s 1
f 1402/638 1195/637 1182/644
s 0
f 1402/638 1182/644 1454/643
s 1
f 1182/644 1195/637 93/645
f 1694/642 1454/643 1686/646
f 1182/644 93/645 1057/647
f 1182/644 1057/647 1454/643
f 1057/647 93/645 321/648
f 321/648 93/645 364/649
f 1057/647 321/648 455/650
s 0
f 1057/647 455/650 1157/651
s 1
f 1057/647 1157/651 1454/643
s 0
f 1157/651 455/650 330/652
s 1
f 1454/643 1157/651 1504/653
f 1454/643 1504/653 1686/646
s 0
f 1157/651 330/652 1167/654
f 1157/651 1167/654 1504/653
s 1
f 1504/653 1167/654 1395/655
f 1167/654 330/652 1005/656
f 1167/654 1005/656 1128/657
f 1005/656 330/652 308/658
f 1686/646 1504/653 1664/659
f 1686/646 1664/659 1666/660
f 1686/646 1666/660 1695/661
f 1686/646 1695/661 1737/662
f 1686/646 1737/662 1743/663
f 1694/664 1708/665 1684/666
f 1708/665 1694/664 1731/667
f 1708/665 1731/667 1752/668
f 1731/667 1694/664 1710/669
f 1710/669 1694/664 1686/670
f 1731/667 1710/669 1735/671
f 1752/668 1731/667 1753/672
f 1753/672 1731/667 1735/671
f 1752/668 1753/672 1775/673
f 1753/672 1735/671 1766/674
f 1753/672 1766/674 1775/673
f 1775/673 1766/674 1789/675
f 1775/673 1789/675 1795/676
f 1795/676 1789/675 1805/677
f 474/678 473/679 391/680
f 391/680 473/679 417/681
f 474/678 391/680 393/682
f 393/682 391/680 371/683
f 393/682 371/683 386/684
f 386/684 371/683 368/685
f 368/685 371/683 322/686
f 348/687 128/688 179/689
f 348/687 179/689 388/690
f 328/691 179/689 316/692
f 179/689 328/691 388/690
f 388/690 328/691 376/693
f 376/693 328/691 354/694
f 388/690 376/693 390/695
f 417/696 388/690 391/697
f 391/697 388/690 390/695
f 391/697 390/695 371/698
f 318/699 320/700 371/698
f 318/699 371/698 363/701
f 318/699 363/701 328/702
f 328/702 363/701 354/703
f 363/701 371/698 381/704
f 363/701 381/704 383/705
f 383/705 381/704 371/698
f 363/701 383/705 354/703
f 383/705 371/698 390/695
f 354/703 383/705 382/706
f 382/706 383/705 390/695
f 354/703 382/706 360/707
f 382/706 390/695 377/708
f 382/706 377/708 360/707
f 1300/709 1262/710 1260/711
f 1260/711 1262/710 1258/712
f 1260/711 1258/712 1265/713
f 1265/713 1258/712 1264/714
f 1265/713 1264/714 1254/715
f 1094/716 1139/717 1260/718
f 1094/716 1260/718 1206/719
f 1094/716 1206/719 1098/720
f 1098/720 1206/719 1217/721
f 1217/721 1206/719 1231/722
f 1231/722 1206/719 1223/723
f 1223/723 1206/719 1260/718
f 1231/722 1223/723 1229/724
f 1229/724 1223/723 1260/718
f 1229/724 1260/718 1241/725
f 1241/725 1260/718 1265/726
f 1229/724 1241/725 1251/727
f 1241/725 1265/726 1247/728
f 1241/725 1247/728 1251/727
f 1247/728 1265/726 1259/729
f 1247/728 1259/729 1251/727
f 1006/730 1188/731 1255/732
f 1255/732 1188/731 1263/733
f 1263/733 1188/731 1225/734
f 1225/734 1188/731 1238/735
f 1238/735 1188/731 1173/736
f 1263/733 1225/734 1228/737
f 1263/733 1228/737 1249/738
f 1228/737 1225/734 1252/739
f 1252/739 1225/734 1238/735
f 1249/738 1228/737 1232/740
f 1232/740 1228/737 1252/739
f 1249/738 1232/740 1253/741
f 1253/741 1232/740 1252/739
f 1218/742 1238/735 1173/736
f 1238/735 1218/742 1215/743
f 1215/743 1218/742 1207/744
f 1238/735 1215/743 1239/745
f 1238/735 1239/745 1256/746
f 1256/746 1239/745 1254/747
f 178/748 179/749 74/750
f 179/749 178/748 316/751
f 316/751 178/748 238/752
f 238/752 178/748 42/753
f 316/751 238/752 318/754
f 318/754 238/752 42/753
f 316/751 318/754 328/755
f 318/754 42/753 199/756
f 318/754 199/756 320/757
f 320/757 199/756 187/758
f 320/757 187/758 294/759
f 294/759 187/758 257/760
f 257/760 187/758 167/761
f 257/760 167/761 175/762
f 257/760 175/762 181/763
f 257/760 181/763 261/764
f 294/759 257/760 307/765
f 307/765 257/760 261/764
f 294/759 307/765 320/757
f 307/765 261/764 298/766
f 307/765 298/766 305/767
f 320/757 307/765 322/768
f 322/768 307/765 305/767
f 320/757 322/768 371/769
f 322/768 305/767 310/770
f 1215/771 1166/772 1237/773
f 1237/773 1166/772 1217/774
f 1166/772 1215/771 1184/775
f 1184/775 1215/771 1209/776
f 1209/776 1215/771 1207/777
f 1215/771 1237/773 1239/778
f 1239/778 1237/773 1250/779
f 1239/778 1250/779 1254/780
f 1254/780 1250/779 1265/781
f 1217/782 1231/783 1237/784
f 1237/784 1231/783 1246/785
f 1237/784 1246/785 1250/786
f 1246/785 1231/783 1259/787
f 1250/786 1246/785 1265/788
f 1265/788 1246/785 1259/787
f 1173/789 1194/790 1218/791
f 1218/791 1194/790 1207/792
f 1194/790 1173/789 1174/793
f 1174/793 1173/789 1159/794
f 1174/793 1159/794 1161/795
f 1194/790 1174/793 1191/796
f 1194/790 1191/796 1207/792
f 1174/793 1161/795 1163/797
f 1174/793 1163/797 1191/796
f 1163/797 1161/795 1002/798
f 1163/797 1002/798 1120/799
f 1207/792 1191/796 1204/800
f 1207/792 1204/800 1209/801
f 1163/797 1120/799 1170/802
f 1163/797 1170/802 1191/796
f 1170/802 1120/799 1177/803
f 1204/800 1191/796 1201/804
f 1201/804 1191/796 1170/802
f 1204/800 1201/804 1202/805
f 1170/802 1177/803 1187/806
f 1170/802 1187/806 1201/804
f 1187/806 1177/803 1186/807
f 1201/804 1187/806 1199/808
f 1229/809 1259/810 1231/811
f 1259/810 1229/809 1235/812
f 1235/812 1229/809 1251/813
f 1248/814 1251/813 1259/810
f 1251/813 1248/814 1235/812
f 1235/812 1248/814 1259/810
f 376/815 354/816 360/817
f 376/815 360/817 377/818
f 376/815 377/818 390/819
f 901/820 924/821 946/822
f 924/821 901/820 880/823
f 946/822 924/821 863/824
f 863/824 924/821 880/823
f 836/825 880/823 847/826
f 880/823 836/825 825/827
f 880/823 825/827 863/824
f 825/827 836/825 800/828
f 825/827 800/828 758/829
f 946/822 863/824 891/830
f 946/822 891/830 973/831
f 863/824 825/827 782/832
f 825/827 758/829 747/833
f 825/827 747/833 782/832
f 747/833 758/829 716/834
f 716/834 758/829 744/835
f 716/834 744/835 684/836
f 747/833 716/834 682/837
f 682/837 716/834 684/836
f 782/832 747/833 705/838
f 705/838 747/833 682/837
f 785/839 863/824 782/832
f 657/840 333/841 684/836
f 684/836 333/841 413/842
f 684/836 413/842 682/837
f 413/842 333/841 325/843
f 413/842 325/843 349/844
f 413/842 349/844 682/837
f 682/837 349/844 516/845
f 682/837 516/845 705/838
f 516/845 349/844 397/846
f 705/838 516/845 688/847
f 705/838 688/847 782/832
f 688/847 516/845 397/846
f 782/832 688/847 785/839
f 688/847 397/846 671/848
f 688/847 671/848 785/839
f 785/839 671/848 810/849
s 0
f 810/849 671/848 397/846
s 1
f 785/839 810/849 863/824
f 863/824 810/849 891/830
s 0
f 810/849 397/846 507/850
s 1
f 507/850 397/846 256/851
f 891/830 810/849 883/852
f 891/830 883/852 973/831
f 201/853 326/854 256/851
f 256/851 326/854 380/855
f 256/851 380/855 507/850
f 507/850 380/855 468/856
f 507/850 468/856 501/857
f 655/858 810/849 507/850
f 655/858 507/850 501/857
f 797/859 883/852 810/849
f 797/859 810/849 655/858
f 883/852 797/859 875/860
f 883/852 875/860 973/831
f 797/859 655/858 650/861
f 797/859 650/861 875/860
f 655/858 501/857 593/862
f 655/858 593/862 650/861
f 593/862 501/857 560/863
f 593/862 560/863 598/864
f 593/862 598/864 643/865
f 593/862 643/865 650/861
f 643/865 598/864 608/866
f 650/861 643/865 660/867
f 660/867 643/865 642/868
f 650/861 660/867 781/869
f 650/861 781/869 875/860
f 660/867 642/868 775/870
f 660/867 775/870 781/869
f 775/870 642/868 653/871
f 875/860 781/869 895/872
f 895/872 781/869 775/870
f 875/860 895/872 973/831
f 895/872 775/870 915/873
f 973/831 895/872 959/874
f 959/874 895/872 915/873
f 791/875 757/876 804/877
f 791/875 804/877 814/878
f 757/876 791/875 735/879
f 735/879 791/875 814/878
f 757/876 735/879 729/880
f 814/878 804/877 840/881
f 729/880 735/879 714/882
f 814/878 840/881 912/883
f 912/883 840/881 893/884
f 912/883 893/884 953/885
f 814/878 912/883 860/886
f 912/883 953/885 941/887
f 912/883 941/887 860/886
f 941/887 953/885 970/888
f 690/889 714/882 735/879
f 714/882 690/889 693/890
f 693/890 690/889 583/891
f 583/891 690/889 700/892
f 700/892 690/889 735/879
f 700/892 735/879 790/893
f 790/893 735/879 814/878
f 700/892 790/893 683/894
f 790/893 814/878 860/886
f 683/894 790/893 770/895
f 770/895 790/893 860/886
f 770/895 860/886 837/896
s 0
f 770/895 837/896 493/897
f 493/897 837/896 539/898
s 1
f 539/898 837/896 601/899
f 837/896 860/886 911/900
f 911/900 860/886 941/887
f 911/900 941/887 970/888
f 837/896 911/900 904/901
f 904/901 911/900 970/888
f 837/896 904/901 601/899
f 904/901 970/888 894/902
f 601/899 904/901 861/903
f 861/903 904/901 894/902
f 601/899 861/903 652/904
f 861/903 894/902 741/905
f 741/905 894/902 852/906
f 741/905 852/906 661/907
f 861/903 741/905 656/908
s 0
f 656/908 741/905 661/907
s 1
f 861/903 656/908 652/904
f 656/908 661/907 635/909
f 656/908 635/909 633/910
f 656/908 633/910 652/904
f 652/904 633/910 594/911
f 1892/912 1960/913 1939/914
s 0
f 1939/914 1960/913 1953/915
s 1
f 1892/912 1939/914 1887/916
f 1887/916 1939/914 1953/915
f 1892/912 1887/916 1843/917
f 1887/916 1953/915 1867/918
f 1867/918 1953/915 1881/919
f 1843/917 1887/916 1811/920
f 1811/920 1887/916 1867/918
f 1843/917 1811/920 1792/921
f 1843/917 1792/921 1796/922
f 1811/920 1867/918 1802/923
f 1867/918 1881/919 1825/924
f 1867/918 1825/924 1802/923
f 1825/924 1881/919 1833/925
f 1796/922 1792/921 1739/926
f 1796/922 1739/926 1757/927
f 1757/927 1739/926 1729/928
f 1729/928 1739/926 1696/929
f 1825/924 1833/925 1770/930
f 1825/924 1770/930 1802/923
f 1696/929 1739/926 1698/931
f 1696/929 1698/931 1675/932
f 1698/931 1739/926 1734/933
f 1734/933 1739/926 1792/921
f 1675/932 1698/931 1665/934
f 1698/931 1734/933 1691/935
f 1698/931 1691/935 1665/934
f 1734/933 1792/921 1755/936
f 1734/933 1755/936 1691/935
f 1755/936 1792/921 1811/920
f 1755/936 1811/920 1802/923
f 1675/932 1665/934 1496/937
f 1496/937 1665/934 1691/935
f 1675/932 1496/937 1289/938
f 1755/936 1802/923 1709/939
f 1755/936 1709/939 1691/935
f 1709/939 1802/923 1762/940
f 1762/940 1802/923 1770/930
f 1691/935 1709/939 1662/941
f 1691/935 1662/941 1496/937
f 1709/939 1762/940 1643/942
f 1709/939 1643/942 1662/941
s 0
f 1643/942 1762/940 1770/930
s 1
f 1369/943 1289/938 1496/937
f 1289/938 1369/943 1030/944
f 1496/937 1662/941 1482/945
f 1482/945 1662/941 1643/942
f 1369/943 1496/937 1269/946
f 1369/943 1269/946 1030/944
f 1269/946 1496/937 1482/945
f 1030/944 1269/946 1168/947
f 1168/947 1269/946 1213/948
f 1213/948 1269/946 1482/945
f 1482/945 1643/942 1314/949
f 1482/945 1314/949 1213/948
s 0
f 1314/949 1643/942 1633/950
f 1633/950 1643/942 1770/930
s 1
f 1213/948 1314/949 1230/951
f 1230/951 1314/949 1633/950
f 1213/948 1230/951 1012/952
f 1230/951 1633/950 1473/953
s 0
f 1230/951 1473/953 1181/954
s 1
f 1473/953 1633/950 1628/955
f 1628/955 1633/950 1770/930
f 1473/953 1628/955 1625/956
f 1628/955 1770/930 1777/957
f 1628/955 1777/957 1625/956
f 1777/957 1770/930 1833/925
f 1777/957 1833/925 1767/958
f 1777/957 1767/958 1625/956
f 1767/958 1833/925 1834/959
f 1767/958 1834/959 1814/960
f 1767/958 1814/960 1653/961
f 1767/958 1653/961 1625/956
f 1653/961 1814/960 1647/962
f 1625/956 1653/961 1618/963
f 1625/956 1618/963 1541/964
f 1541/964 1618/963 1575/965
f 1575/965 1618/963 1653/961
f 1575/965 1653/961 1647/962
f 1575/965 1647/962 1614/966
f 1953/967 1938/968 1963/969
f 1963/969 1938/968 1950/970
f 1953/967 1963/969 1881/971
f 1833/972 1881/971 1834/973
f 1834/973 1881/971 1963/969
f 1963/969 1950/970 1952/974
f 1952/974 1950/970 1917/975
f 1834/973 1963/969 1868/976
f 1963/969 1952/974 1891/977
f 1891/977 1952/974 1917/975
f 1963/969 1891/977 1868/976
f 1891/977 1917/975 1858/978
f 1834/973 1868/976 1814/979
f 1868/976 1891/977 1846/980
f 1846/980 1891/977 1858/978
f 1868/976 1846/980 1814/979
f 1846/980 1858/978 1803/981
f 1846/980 1803/981 1814/979
f 1803/981 1858/978 1761/982
f 1814/979 1803/981 1688/983
f 1688/983 1803/981 1761/982
s 0
f 1814/979 1688/983 1647/984
s 1
f 1688/983 1761/982 1631/985
f 1647/984 1688/983 1639/986
f 1639/986 1688/983 1631/985
f 1647/984 1639/986 1614/987
f 1614/987 1639/986 1631/985
s 0
f 1938/988 1941/989 1943/990
s 1
f 1967/991 1942/992 1943/990
f 1943/990 1941/989 1966/993
f 1943/990 1966/993 1967/991
f 1966/993 1941/989 1962/994
f 1962/994 1941/989 1945/995
f 1962/994 1945/995 1915/996
f 1966/993 1962/994 1904/997
f 1966/993 1904/997 1967/991
f 1904/997 1962/994 1915/996
f 1967/991 1904/997 1877/998
f 1904/997 1915/996 1880/999
f 1904/997 1880/999 1877/998
f 1880/999 1915/996 1812/1000
f 1877/998 1880/999 1848/1001
f 1848/1001 1880/999 1812/1000
f 1848/1001 1812/1000 1877/998
f 1877/998 1812/1000 1630/1002
f 1877/998 1630/1002 1702/1003
f 1630/1002 1812/1000 1635/1004
f 1630/1002 1635/1004 1556/1005
f 1630/1002 1556/1005 1551/1006
f 1702/1003 1630/1002 1627/1007
f 1630/1002 1551/1006 1577/1008
f 1577/1008 1551/1006 1540/1009
f 1577/1008 1540/1009 1570/1010
f 1577/1008 1570/1010 1599/1011
f 1577/1008 1599/1011 1630/1002
f 1630/1002 1599/1011 1607/1012
f 1630/1002 1607/1012 1627/1007
f 1607/1012 1599/1011 1603/1013
f 1607/1012 1603/1013 1627/1007
f 1627/1007 1603/1013 1590/1014
f 1627/1007 1590/1014 1610/1015
f 1627/1007 1610/1015 1619/1016
f 1627/1007 1619/1016 1641/1017
f 1395/1018 1664/1019 1504/1020
f 1664/1019 1395/1018 1666/1021
f 1666/1021 1395/1018 1474/1022
f 1666/1021 1474/1022 1695/1023
f 1474/1022 1395/1018 1268/1024
f 1695/1023 1474/1022 1677/1025
f 1677/1025 1474/1022 1268/1024
f 1695/1023 1677/1025 1715/1026
f 1695/1023 1715/1026 1737/1027
f 1715/1026 1677/1025 1765/1028
f 1737/1027 1715/1026 1782/1029
f 1782/1029 1715/1026 1765/1028
f 1737/1027 1782/1029 1778/1030
f 1737/1027 1778/1030 1743/1031
f 1743/1031 1778/1030 1794/1032
f 1794/1032 1778/1030 1830/1033
f 1830/1033 1778/1030 1782/1029
f 1794/1032 1830/1033 1859/1034
f 1859/1034 1830/1033 1883/1035
f 1830/1033 1782/1029 1850/1036
f 1830/1033 1850/1036 1883/1035
f 1850/1036 1782/1029 1765/1028
f 1883/1035 1850/1036 1897/1037
f 1883/1035 1897/1037 1946/1038
f 1946/1038 1897/1037 1945/1039
f 1897/1037 1850/1036 1822/1040
f 1822/1040 1850/1036 1765/1028
f 1945/1039 1897/1037 1870/1041
f 1870/1041 1897/1037 1822/1040
f 1945/1039 1870/1041 1915/1042
f 1915/1042 1870/1041 1812/1043
f 1870/1041 1822/1040 1791/1044
f 1791/1044 1822/1040 1765/1028
f 1812/1043 1870/1041 1801/1045
f 1801/1045 1870/1041 1791/1044
f 1812/1043 1801/1045 1635/1046
s 0
f 1791/1044 1765/1028 1461/1047
s 1
f 1461/1047 1765/1028 1677/1025
f 1801/1045 1791/1044 1645/1048
s 0
f 1645/1048 1791/1044 1461/1047
s 1
f 1635/1046 1801/1045 1637/1049
f 1637/1049 1801/1045 1645/1048
f 1635/1046 1637/1049 1556/1050
f 1637/1049 1645/1048 1476/1051
f 1637/1049 1476/1051 1556/1050
f 1476/1051 1645/1048 1461/1047
f 1461/1047 1677/1025 1268/1024
f 1461/1047 1268/1024 1193/1052
f 1193/1052 1268/1024 1128/1053
f 1193/1052 1128/1053 18/1054
f 1128/1053 1268/1024 1224/1055
f 1128/1053 1224/1055 1167/1056
f 1224/1055 1268/1024 1395/1018
f 1224/1055 1395/1018 1167/1056
f 1461/1047 1193/1052 1409/1057
f 1461/1047 1409/1057 1476/1051
s 0
f 1409/1057 1193/1052 1081/1058
s 1
f 1108/1059 1284/1060 1081/1058
f 1081/1058 1284/1060 1409/1057
f 1409/1057 1284/1060 1296/1061
f 1409/1057 1296/1061 1328/1062
f 1409/1057 1328/1062 1377/1063
f 1409/1057 1377/1063 1382/1064
f 1409/1057 1382/1064 1476/1051
f 1476/1051 1382/1064 1427/1065
f 1427/1065 1382/1064 1384/1066
f 1427/1065 1384/1066 1349/1067
f 1476/1051 1427/1065 1475/1068
f 1476/1051 1475/1068 1491/1069
f 1476/1051 1491/1069 1556/1050
f 1491/1069 1475/1068 1540/1070
f 1556/1050 1491/1069 1551/1071
f 1551/1071 1491/1069 1540/1070
f 333/1072 346/1073 1030/1074
f 1030/1074 346/1073 1289/1075
f 333/1072 1030/1074 325/1076
f 325/1076 1030/1074 349/1077
f 349/1077 1030/1074 5/1078
f 349/1077 5/1078 397/1079
f 5/1078 1030/1074 1168/1080
f 5/1078 1168/1080 1213/1081
f 397/1079 5/1078 256/1082
f 5/1078 1213/1081 1012/1083
f 5/1078 1012/1083 256/1082
s 0
f 256/1082 1012/1083 34/1084
s 1
f 256/1082 34/1084 201/1085
f 34/1084 1012/1083 1029/1086
f 1112/1087 1083/1088 1029/1086
f 1029/1086 1083/1088 1048/1089
f 1029/1086 1048/1089 1046/1090
f 1029/1086 1046/1090 1015/1091
f 1029/1086 1015/1091 34/1084
f 1015/1091 1046/1090 1062/1092
f 1015/1091 1062/1092 1054/1093
f 1015/1091 1054/1093 1056/1094
f 1015/1091 1056/1094 91/1095
f 1015/1091 91/1095 79/1096
f 1015/1091 79/1096 34/1084
f 34/1084 79/1096 77/1097
f 77/1097 79/1096 78/1098
f 78/1098 79/1096 76/1099
f 78/1098 76/1099 85/1100
f 77/1097 78/1098 89/1101
f 78/1098 85/1100 90/1102
f 78/1098 90/1102 89/1101
f 90/1102 85/1100 124/1103
f 77/1097 89/1101 112/1104
f 77/1097 112/1104 34/1084
f 112/1104 89/1101 90/1102
f 34/1084 112/1104 139/1105
f 34/1084 139/1105 201/1085
f 112/1104 90/1102 118/1106
f 118/1106 90/1102 124/1103
f 112/1104 118/1106 139/1105
f 118/1106 124/1103 142/1107
f 201/1085 139/1105 207/1108
f 118/1106 142/1107 145/1109
f 118/1106 145/1109 139/1105
f 145/1109 142/1107 151/1110
f 145/1109 151/1110 205/1111
f 139/1105 145/1109 184/1112
f 184/1112 145/1109 205/1111
f 139/1105 184/1112 207/1108
f 184/1112 205/1111 226/1113
f 184/1112 226/1113 207/1108
f 973/1114 993/1115 946/1116
f 993/1115 973/1114 959/1117
f 993/1115 959/1117 992/1118
f 992/1118 959/1117 915/1119
f 992/1118 915/1119 985/1120
f 992/1118 985/1120 991/1121
f 992/1118 991/1121 974/1122
f 583/1123 389/1124 483/1125
f 483/1125 389/1124 308/1126
f 389/1124 583/1123 700/1127
f 308/1128 18/1129 1005/1130
f 1005/1130 18/1129 1128/1131
f 18/1129 308/1128 389/1132
f 18/1129 389/1132 236/1133
f 18/1129 236/1133 152/1134
f 18/1129 152/1134 1081/1135
f 18/1129 1081/1135 1193/1136
f 683/1137 389/1138 700/1139
f 389/1138 683/1137 770/1140
f 389/1138 770/1140 493/1141
f 389/1138 493/1141 236/1142
s 0
f 236/1142 493/1141 152/1143
s 1
f 412/1144 493/1141 452/1145
f 493/1141 412/1144 394/1146
f 493/1141 394/1146 365/1147
f 493/1141 365/1147 152/1143
f 365/1147 394/1146 355/1148
f 365/1147 355/1148 301/1149
f 301/1149 355/1148 313/1150
f 365/1147 301/1149 219/1151
f 365/1147 219/1151 152/1143
f 219/1151 301/1149 263/1152
f 263/1152 301/1149 270/1153
f 263/1152 270/1153 210/1154
f 219/1151 263/1152 171/1155
f 171/1155 263/1152 210/1154
f 219/1151 171/1155 152/1143
f 171/1155 210/1154 169/1156
f 169/1156 210/1154 170/1157
f 169/1156 170/1157 146/1158
f 171/1155 169/1156 141/1159
f 141/1159 169/1156 146/1158
f 171/1155 141/1159 152/1143
f 141/1159 146/1158 136/1160
f 152/1143 141/1159 46/1161
f 152/1143 46/1161 1081/1162
f 46/1161 141/1159 111/1163
f 437/1164 461/1165 499/1166
f 437/1164 499/1166 468/1167
f 437/1164 468/1167 408/1168
f 408/1168 468/1167 380/1169
f 468/1167 499/1166 501/1170
f 501/1170 499/1166 560/1171
f 459/1172 462/1173 461/1165
f 461/1165 462/1173 458/1174
f 458/1174 462/1173 454/1175
f 454/1175 462/1173 460/1176
f 461/1165 458/1174 456/1177
f 461/1165 456/1177 499/1166
f 456/1177 458/1174 454/1175
f 444/1178 436/1179 454/1175
f 454/1175 436/1179 456/1177
f 456/1177 436/1179 435/1180
f 435/1180 436/1179 438/1181
f 435/1180 438/1181 456/1177
f 440/1182 445/1183 438/1181
f 438/1181 445/1183 490/1184
f 456/1177 438/1181 492/1185
f 492/1185 438/1181 490/1184
f 456/1177 492/1185 499/1166
f 492/1185 490/1184 575/1186
f 575/1186 490/1184 518/1187
f 499/1166 492/1185 521/1188
f 521/1188 492/1185 575/1186
f 499/1166 521/1188 560/1171
f 560/1171 521/1188 595/1189
f 595/1189 521/1188 575/1186
f 560/1171 595/1189 598/1190
f 598/1190 595/1189 608/1191
f 608/1191 595/1189 575/1186
f 608/1191 575/1186 618/1192
f 618/1192 575/1186 597/1193
f 608/1191 618/1192 643/1194
f 503/1195 463/1196 452/1197
f 463/1196 503/1195 445/1198
f 445/1198 503/1195 490/1199
f 490/1199 503/1195 518/1200
f 503/1195 452/1197 539/1201
f 539/1201 452/1197 493/1202
f 503/1195 539/1201 601/1203
f 503/1195 601/1203 594/1204
f 503/1195 594/1204 518/1200
f 594/1204 601/1203 652/1205
f 518/1200 594/1204 597/1206
f 518/1200 597/1206 575/1207
f 597/1206 594/1204 617/1208
f 597/1206 617/1208 618/1209
f 617/1208 594/1204 620/1210
f 620/1210 594/1204 633/1211
f 620/1210 633/1211 617/1208
f 617/1208 633/1211 618/1209
f 618/1209 633/1211 611/1212
f 611/1212 633/1211 609/1213
f 609/1213 633/1211 635/1214
f 609/1213 635/1214 623/1215
f 399/1216 394/1217 412/1218
f 394/1217 399/1216 395/1219
f 394/1217 395/1219 355/1220
f 355/1220 395/1219 350/1221
f 395/1219 399/1216 411/1222
f 399/1216 412/1218 428/1223
f 399/1216 428/1223 411/1222
f 428/1223 412/1218 452/1224
f 411/1222 428/1223 426/1225
f 428/1223 452/1224 453/1226
f 428/1223 453/1226 426/1225
f 453/1226 452/1224 463/1227
f 426/1225 453/1226 450/1228
f 426/1225 450/1228 418/1229
f 453/1226 463/1227 464/1230
f 453/1226 464/1230 450/1228
f 464/1230 463/1227 449/1231
f 449/1231 463/1227 445/1232
f 450/1228 464/1230 457/1233
f 450/1228 457/1233 418/1229
f 464/1230 449/1231 447/1234
f 464/1230 447/1234 457/1233
f 449/1231 445/1232 446/1235
s 0
f 449/1231 446/1235 447/1234
s 1
f 446/1235 445/1232 440/1236
f 457/1233 447/1234 422/1237
f 457/1233 422/1237 418/1229
f 418/1229 422/1237 431/1238
f 326/1239 358/1240 380/1241
f 201/1242 207/1243 326/1244
f 326/1244 207/1243 275/1245
f 275/1245 207/1243 226/1246
f 103/1247 73/1248 95/1249
f 73/1248 103/1247 92/1250
f 103/1247 95/1249 105/1251
f 103/1247 105/1251 92/1250
f 92/1250 105/1251 107/1252
f 107/1252 105/1251 87/1253
f 87/1253 105/1251 95/1249
f 73/1248 92/1250 64/1254
f 87/1253 95/1249 83/1255
f 83/1255 95/1249 73/1248
f 83/1255 73/1248 64/1254
f 87/1253 83/1255 80/1256
f 75/1257 81/1258 80/1256
f 75/1257 80/1256 83/1255
f 83/1255 64/1254 1038/1259
f 1038/1259 64/1254 1043/1260
f 75/1257 83/1255 82/1261
f 75/1257 82/1261 86/1262
f 82/1261 83/1255 46/1263
f 46/1263 83/1255 1038/1259
f 86/1262 82/1261 111/1264
f 111/1264 82/1261 46/1263
f 86/1262 111/1264 121/1265
f 121/1265 111/1264 141/1266
f 46/1263 1038/1259 1047/1267
f 1047/1267 1038/1259 1053/1268
f 1047/1267 1053/1268 1055/1269
f 1073/1270 1038/1259 1043/1260
f 1038/1259 1073/1270 1053/1268
f 1073/1270 1043/1260 1086/1271
f 1073/1270 1086/1271 1115/1272
f 1053/1268 1073/1270 1091/1273
f 1053/1268 1091/1273 1055/1269
f 1091/1273 1073/1270 1115/1272
f 1055/1269 1091/1273 1074/1274
f 1091/1273 1115/1272 1079/1275
f 1091/1273 1079/1275 1074/1274
f 91/1276 55/1277 94/1278
f 91/1276 94/1278 97/1279
f 94/1278 55/1277 67/1280
f 94/1278 67/1280 97/1279
f 91/1276 97/1279 98/1281
f 98/1281 97/1279 67/1280
f 91/1276 98/1281 76/1282
f 91/1276 76/1282 79/1283
f 76/1282 98/1281 101/1284
f 76/1282 101/1284 120/1285
f 98/1281 67/1280 69/1286
f 98/1281 69/1286 101/1284
f 69/1286 67/1280 55/1277
f 101/1284 69/1286 120/1285
f 69/1286 55/1277 52/1287
f 69/1286 52/1287 47/1288
f 120/1285 69/1286 134/1289
f 134/1289 69/1286 47/1288
f 120/1285 134/1289 116/1290
f 134/1289 47/1288 48/1291
f 91/1292 1056/1293 55/1294
f 55/1294 1056/1293 1034/1295
f 55/1294 1034/1295 52/1296
f 1076/1297 1081/1298 1047/1299
f 1047/1299 1081/1298 46/1300
f 1081/1298 1076/1297 1108/1301
f 1108/1301 1076/1297 1111/1302
f 1076/1297 1047/1299 1058/1303
f 1111/1302 1076/1297 1080/1304
f 1080/1304 1076/1297 1058/1303
f 1111/1302 1080/1304 1107/1305
f 1058/1303 1047/1299 1055/1306
f 1107/1305 1080/1304 1071/1307
f 1071/1307 1080/1304 1058/1303
f 1107/1305 1071/1307 1093/1308
f 1058/1303 1055/1306 1050/1309
f 1050/1309 1055/1306 1074/1310
f 1071/1307 1058/1303 1052/1311
f 1052/1311 1058/1303 1050/1309
f 1050/1309 1074/1310 1079/1312
f 1071/1307 1052/1311 1063/1313
f 1071/1307 1063/1313 1093/1308
f 1093/1308 1063/1313 1102/1314
f 1102/1314 1063/1313 1100/1315
f 1063/1313 1052/1311 1060/1316
f 1063/1313 1060/1316 1100/1315
f 1060/1316 1052/1311 1050/1309
f 1100/1315 1060/1316 1096/1317
f 1060/1316 1050/1309 1072/1318
f 1072/1318 1050/1309 1079/1312
f 1060/1316 1072/1318 1096/1317
f 1100/1315 1096/1317 1085/1319
f 1096/1317 1072/1318 1104/1320
f 1072/1318 1079/1312 1117/1321
f 1072/1318 1117/1321 1104/1320
f 1117/1321 1079/1312 1115/1322
f 1117/1321 1115/1322 1086/1323
f 1104/1320 1117/1321 1088/1324
f 1088/1324 1117/1321 1086/1323
f 1104/1320 1088/1324 1096/1317
f 1096/1317 1088/1324 1085/1319
f 1088/1324 1086/1323 1043/1325
f 1085/1319 1088/1324 1075/1326
f 1075/1326 1088/1324 1043/1325
f 1085/1319 1075/1326 1040/1327
f 1075/1326 1043/1325 1023/1328
f 1075/1326 1023/1328 1040/1327
f 1023/1328 1043/1325 54/1329
f 1023/1328 54/1329 49/1330
f 1040/1327 1023/1328 39/1331
f 1040/1327 39/1331 1085/1319
f 39/1331 1023/1328 49/1330
f 1085/1319 39/1331 126/1332
f 39/1331 49/1330 70/1333
f 126/1332 39/1331 133/1334
f 133/1334 39/1331 70/1333
f 1112/1335 1109/1336 1083/1337
f 1109/1336 1112/1335 1197/1338
f 1083/1337 1109/1336 1110/1339
f 1109/1336 1197/1338 1126/1340
f 1109/1336 1126/1340 1110/1339
f 1126/1340 1197/1338 1283/1341
s 0
f 1126/1340 1283/1341 1129/1342
s 1
f 1126/1340 1129/1342 1110/1339
f 1129/1342 1283/1341 1292/1343
f 1129/1342 1292/1343 1143/1344
f 1143/1344 1292/1343 1272/1345
f 1129/1342 1143/1344 1106/1346
f 1129/1342 1106/1346 1110/1339
f 1077/1347 1083/1337 1110/1339
f 1083/1337 1077/1347 1048/1348
f 1110/1339 1106/1346 1082/1349
f 1110/1339 1082/1349 1077/1347
f 1048/1348 1077/1347 1059/1350
f 1059/1350 1077/1347 1082/1349
f 1048/1348 1059/1350 1046/1351
f 1082/1349 1106/1346 1061/1352
f 1082/1349 1061/1352 1059/1350
f 1061/1352 1106/1346 1070/1353
f 1070/1353 1106/1346 1101/1354
f 1059/1350 1061/1352 1049/1355
f 1059/1350 1049/1355 1046/1351
f 1061/1352 1070/1353 1051/1356
f 1061/1352 1051/1356 1049/1355
f 1070/1353 1101/1354 1097/1357
f 1070/1353 1097/1357 1051/1356
f 1097/1357 1101/1354 1010/1358
f 1046/1351 1049/1355 1065/1359
f 1097/1357 1010/1358 1089/1360
f 1089/1360 1010/1358 119/1361
f 1089/1360 119/1361 48/1362
f 1046/1351 1065/1359 1095/1363
f 1065/1359 1049/1355 1069/1364
f 1069/1364 1049/1355 1051/1356
f 1065/1359 1069/1364 1095/1363
f 1046/1351 1095/1363 1062/1365
f 1069/1364 1051/1356 1068/1366
f 1062/1365 1095/1363 1067/1367
f 1062/1365 1067/1367 1054/1368
f 1054/1368 1067/1367 1056/1369
f 1095/1363 1069/1364 1116/1370
f 1116/1370 1069/1364 1068/1366
f 1067/1367 1095/1363 1092/1371
f 1092/1371 1095/1363 1116/1370
f 1067/1367 1092/1371 1056/1369
f 1116/1370 1068/1366 1118/1372
f 1116/1370 1118/1372 1092/1371
f 1099/1373 1068/1366 1051/1356
f 1068/1366 1099/1373 1118/1372
f 1099/1373 1051/1356 1097/1357
f 1099/1373 1097/1357 1089/1360
f 1118/1372 1099/1373 1103/1374
f 1103/1374 1099/1373 1089/1360
f 1092/1371 1118/1372 1078/1375
f 1078/1375 1118/1372 1103/1374
f 1092/1371 1078/1375 1056/1369
f 1078/1375 1103/1374 1089/1360
f 1056/1369 1078/1375 1064/1376
f 1064/1376 1078/1375 1089/1360
f 1056/1369 1064/1376 1034/1377
f 1064/1376 1089/1360 1087/1378
f 1034/1377 1064/1376 1024/1379
f 1024/1379 1064/1376 1087/1378
f 1024/1379 1087/1378 1089/1360
f 1034/1377 1024/1379 52/1380
f 1024/1379 1089/1360 48/1362
f 52/1380 1024/1379 47/1381
f 47/1381 1024/1379 48/1362
f 1181/1382 1112/1383 1029/1384
f 1112/1383 1181/1382 1197/1385
f 1197/1385 1181/1382 1273/1386
f 1181/1382 1029/1384 1012/1387
s 0
f 1181/1382 1012/1387 1230/1388
s 1
f 1298/1389 1273/1390 1181/1391
f 1273/1390 1298/1389 1310/1392
f 1298/1389 1181/1391 1473/1393
f 1310/1392 1298/1389 1466/1394
f 1466/1394 1298/1389 1473/1393
f 1310/1392 1466/1394 1383/1395
f 1383/1395 1466/1394 1389/1396
f 1383/1395 1389/1396 1378/1397
f 1389/1396 1466/1394 1477/1398
f 1389/1396 1477/1398 1378/1397
f 1466/1394 1473/1393 1503/1399
f 1466/1394 1503/1399 1477/1398
f 1625/1400 1541/1401 1473/1393
f 1473/1393 1541/1401 1503/1399
f 1575/1402 1569/1403 1541/1401
f 1541/1401 1569/1403 1503/1399
f 1503/1399 1569/1403 1574/1404
f 1503/1399 1574/1404 1570/1405
f 1481/1406 1477/1398 1503/1399
f 1481/1406 1503/1399 1570/1405
f 1477/1398 1481/1406 1378/1397
f 1481/1406 1570/1405 1540/1407
f 1481/1406 1540/1407 1475/1408
f 1481/1406 1475/1408 1427/1409
f 1481/1406 1427/1409 1338/1410
f 1481/1406 1338/1410 1378/1397
f 1378/1397 1338/1410 1348/1411
f 1273/1412 1310/1413 1291/1414
f 1273/1412 1291/1414 1197/1415
f 1197/1415 1291/1414 1283/1416
f 1283/1416 1291/1414 1309/1417
f 1309/1417 1291/1414 1310/1413
f 1283/1416 1309/1417 1292/1418
f 1309/1417 1310/1413 1351/1419
f 1351/1419 1310/1413 1383/1420
f 1351/1419 1383/1420 1361/1421
f 1361/1421 1383/1420 1378/1422
f 1309/1417 1351/1419 1345/1423
f 1345/1423 1351/1419 1361/1421
f 1292/1418 1309/1417 1318/1424
f 1318/1424 1309/1417 1345/1423
f 1345/1423 1361/1421 1373/1425
f 1373/1425 1361/1421 1378/1422
f 1318/1424 1345/1423 1365/1426
f 1365/1426 1345/1423 1373/1425
f 1292/1418 1318/1424 1301/1427
f 1292/1418 1301/1427 1272/1428
f 1272/1428 1301/1427 1266/1429
f 1301/1427 1318/1424 1350/1430
f 1350/1430 1318/1424 1365/1426
f 1266/1429 1301/1427 1302/1431
f 1302/1431 1301/1427 1350/1430
f 1266/1429 1302/1431 1275/1432
f 1350/1430 1365/1426 1368/1433
f 1350/1430 1368/1433 1302/1431
f 1368/1433 1365/1426 1373/1425
f 1302/1431 1368/1433 1305/1434
f 1305/1434 1368/1433 1325/1435
f 1325/1435 1368/1433 1370/1436
f 1370/1436 1368/1433 1373/1425
f 1325/1435 1370/1436 1331/1437
f 1370/1436 1373/1425 1372/1438
f 1372/1438 1373/1425 1378/1422
f 1331/1437 1370/1436 1344/1439
f 1344/1439 1370/1436 1372/1438
f 1331/1437 1344/1439 1334/1440
f 1372/1438 1378/1422 1335/1441
f 1372/1438 1335/1441 1344/1439
f 1344/1439 1335/1441 1334/1440
f 1335/1441 1378/1422 1348/1442
f 1334/1440 1335/1441 1338/1443
f 1338/1443 1335/1441 1348/1442
f 1427/1444 1349/1445 1338/1446
f 1338/1446 1349/1445 1332/1447
f 1338/1446 1332/1447 1334/1448
f 1349/1449 1384/1450 1367/1451
f 1367/1451 1384/1450 1382/1452
f 1367/1451 1382/1452 1377/1453
f 1349/1449 1367/1451 1366/1454
f 1367/1451 1377/1453 1374/1455
f 1367/1451 1374/1455 1366/1454
f 1374/1455 1377/1453 1357/1456
f 1357/1456 1377/1453 1328/1457
f 1349/1449 1366/1454 1342/1458
f 1349/1449 1342/1458 1332/1459
f 1366/1454 1374/1455 1371/1460
f 1342/1458 1366/1454 1360/1461
f 1360/1461 1366/1454 1371/1460
f 1332/1459 1342/1458 1336/1462
f 1336/1462 1342/1458 1360/1461
f 1332/1459 1336/1462 1330/1463
f 1332/1459 1330/1463 1334/1464
f 1330/1463 1336/1462 1333/1465
f 1336/1462 1360/1461 1327/1466
f 1336/1462 1327/1466 1333/1465
f 1327/1466 1360/1461 1371/1460
f 1333/1465 1327/1466 1321/1467
f 1333/1465 1321/1467 1358/1468
f 1358/1468 1321/1467 1307/1469
f 1321/1467 1327/1466 1364/1470
f 1364/1470 1327/1466 1371/1460
f 1307/1469 1321/1467 1343/1471
f 1343/1471 1321/1467 1364/1470
f 1307/1469 1343/1471 1299/1472
f 1364/1470 1371/1460 1356/1473
f 1364/1470 1356/1473 1343/1471
f 1356/1473 1371/1460 1374/1455
f 1299/1472 1343/1471 1337/1474
f 1337/1474 1343/1471 1356/1473
f 1356/1473 1374/1455 1357/1456
f 1299/1472 1337/1474 1316/1475
f 1316/1475 1337/1474 1356/1473
f 1299/1472 1316/1475 1287/1476
f 1299/1472 1287/1476 1282/1477
f 1282/1477 1287/1476 1227/1478
f 1356/1473 1357/1456 1329/1479
f 1329/1479 1357/1456 1328/1457
f 1316/1475 1356/1473 1313/1480
f 1313/1480 1356/1473 1329/1479
f 1329/1479 1328/1457 1297/1481
f 1329/1479 1297/1481 1313/1480
f 1297/1481 1328/1457 1296/1482
f 1297/1481 1296/1482 1284/1483
f 1316/1475 1313/1480 1293/1484
f 1316/1475 1293/1484 1287/1476
f 1313/1480 1297/1481 1294/1485
f 1313/1480 1294/1485 1293/1484
f 1287/1476 1293/1484 1280/1486
f 1280/1486 1293/1484 1294/1485
f 1287/1476 1280/1486 1200/1487
f 1294/1485 1297/1481 1281/1488
f 1294/1485 1281/1488 1280/1486
f 1281/1488 1297/1481 1284/1483
f 1280/1486 1281/1488 1121/1489
f 1121/1489 1281/1488 1284/1483
f 1121/1489 1284/1483 1108/1490
f 963/1491 974/1492 970/1493
f 970/1493 974/1492 928/1494
f 970/1493 928/1494 894/1495
f 894/1495 928/1494 852/1496
f 852/1496 928/1494 955/1497
f 955/1497 928/1494 969/1498
f 969/1498 928/1494 974/1492
s 0
f 969/1498 974/1492 966/1499
s 1
f 1111/1500 1121/1501 1108/1502
f 1121/1501 1111/1500 1130/1503
f 1121/1501 1130/1503 1280/1504
f 1130/1503 1111/1500 1107/1505
f 1280/1504 1130/1503 1138/1506
f 1280/1504 1138/1506 1200/1507
f 1130/1503 1107/1505 1119/1508
f 1130/1503 1119/1508 1138/1506
f 1138/1506 1119/1508 1200/1507
f 1119/1508 1107/1505 1093/1509
f 1200/1507 1119/1508 1131/1510
f 1200/1507 1131/1510 1287/1511
f 1585/1512 1569/1513 1575/1514
f 1585/1512 1575/1514 1614/1515
f 1569/1513 1585/1512 1598/1516
f 1598/1516 1585/1512 1614/1515
f 1569/1513 1598/1516 1574/1517
f 1574/1517 1598/1516 1599/1518
f 1574/1517 1599/1518 1570/1519
f 1599/1518 1598/1516 1601/1520
f 1598/1516 1614/1515 1600/1521
f 1598/1516 1600/1521 1601/1520
f 1600/1521 1614/1515 1631/1522
f 1600/1521 1631/1522 1602/1523
f 1600/1521 1602/1523 1601/1520
f 1602/1523 1631/1522 1634/1524
f 1601/1520 1602/1523 1604/1525
f 1601/1520 1604/1525 1609/1526
f 1609/1526 1604/1525 1580/1527
f 1580/1527 1604/1525 1597/1528
f 1604/1525 1602/1523 1620/1529
f 1620/1529 1602/1523 1634/1524
f 1597/1528 1604/1525 1606/1530
f 1606/1530 1604/1525 1620/1529
f 1597/1528 1606/1530 1563/1531
f 1563/1531 1606/1530 1613/1532
f 1613/1532 1606/1530 1620/1529
f 1613/1532 1620/1529 1632/1533
f 1620/1529 1634/1524 1640/1534
f 1620/1529 1640/1534 1632/1533
f 1640/1534 1634/1524 1680/1535
f 1640/1534 1680/1535 1632/1533
f 1632/1533 1680/1535 1728/1536
f 380/1537 358/1538 396/1539
f 380/1537 396/1539 408/1540
f 396/1539 358/1538 345/1541
f 345/1541 358/1538 326/1542
f 408/1540 396/1539 410/1543
f 408/1540 410/1543 437/1544
f 410/1543 396/1539 400/1545
f 437/1544 410/1543 415/1546
f 415/1546 410/1543 400/1545
f 437/1544 415/1546 441/1547
f 437/1544 441/1547 459/1548
f 437/1544 459/1548 461/1549
f 400/1545 396/1539 372/1550
f 372/1550 396/1539 345/1541
f 400/1545 372/1550 401/1551
f 401/1551 372/1550 356/1552
f 401/1551 356/1552 406/1553
f 372/1550 345/1541 337/1554
f 372/1550 337/1554 356/1552
f 337/1554 345/1541 315/1555
f 315/1555 345/1541 326/1542
f 315/1555 326/1542 275/1556
f 406/1553 356/1552 332/1557
f 406/1553 332/1557 289/1558
f 332/1557 356/1552 288/1559
f 288/1559 356/1552 337/1554
f 332/1557 288/1559 289/1558
f 337/1554 315/1555 248/1560
f 337/1554 248/1560 288/1559
f 315/1555 275/1556 272/1561
f 315/1555 272/1561 248/1560
f 272/1561 275/1556 226/1562
f 272/1561 226/1562 205/1563
f 272/1561 205/1563 248/1560
f 248/1560 205/1563 151/1564
f 248/1560 151/1564 188/1565
f 271/1566 288/1559 248/1560
f 271/1566 248/1560 188/1565
f 288/1559 271/1566 289/1558
f 271/1566 188/1565 260/1567
f 271/1566 260/1567 289/1558
f 344/1568 289/1558 292/1569
f 289/1558 344/1568 502/1570
f 289/1558 502/1570 406/1553
f 502/1570 344/1568 494/1571
f 502/1570 494/1571 519/1572
f 502/1570 519/1572 550/1573
f 550/1573 519/1572 561/1574
s 0
f 1938/1575 1943/1576 1950/1577
f 1950/1577 1943/1576 1942/1578
s 1
f 1950/1577 1942/1578 1958/1579
f 1950/1577 1958/1579 1917/1580
f 1917/1580 1958/1579 1849/1581
f 1958/1579 1942/1578 1934/1582
f 1958/1579 1934/1582 1937/1583
f 1958/1579 1937/1583 1972/1584
f 1958/1579 1972/1584 1849/1581
f 1972/1584 1937/1583 1888/1585
f 1972/1584 1888/1585 1849/1581
f 1849/1581 1888/1585 1736/1586
f 1849/1581 1736/1586 1728/1587
f 1849/1581 1728/1587 1680/1588
f 1728/1587 1736/1586 1636/1589
f 1728/1587 1636/1589 1642/1590
f 1728/1587 1642/1590 1632/1591
f 1642/1590 1636/1589 1605/1592
f 1642/1590 1605/1592 1632/1591
f 1632/1591 1605/1592 1613/1593
f 1613/1593 1605/1592 1563/1594
f 1563/1594 1605/1592 1544/1595
f 1544/1595 1605/1592 1550/1596
f 1544/1595 1550/1596 1522/1597
f 1544/1595 1522/1597 1526/1598
f 1522/1597 1550/1596 1529/1599
f 993/1600 974/1601 963/1602
f 974/1601 993/1600 992/1603
f 436/1604 434/1605 438/1606
f 438/1606 434/1605 440/1607
f 434/1605 436/1604 432/1608
f 432/1608 436/1604 444/1609
s 0
f 440/1607 434/1605 433/1610
s 1
f 433/1610 434/1605 432/1608
s 0
f 440/1607 433/1610 439/1611
s 1
f 433/1610 432/1608 430/1612
f 433/1610 430/1612 439/1611
f 121/1613 141/1614 136/1615
f 121/1613 136/1615 122/1616
f 121/1613 122/1616 86/1617
f 86/1617 122/1616 81/1618
f 86/1617 81/1618 75/1619
f 643/1620 618/1621 619/1622
f 643/1620 619/1622 642/1623
f 642/1623 619/1622 613/1624
f 613/1624 619/1622 611/1625
f 642/1623 613/1624 614/1626
f 642/1623 614/1626 645/1627
f 614/1626 613/1624 625/1628
f 625/1628 613/1624 634/1629
f 634/1629 613/1624 611/1625
f 634/1629 611/1625 632/1630
f 270/1631 230/1632 210/1633
f 230/1632 270/1631 296/1634
f 210/1633 230/1632 170/1635
f 230/1632 296/1634 229/1636
f 229/1636 296/1634 295/1637
f 170/1635 230/1632 185/1638
f 185/1638 230/1632 229/1636
f 170/1635 185/1638 144/1639
f 170/1635 144/1639 136/1640
f 136/1640 144/1639 122/1641
f 339/1642 259/1643 295/1637
f 295/1637 259/1643 229/1636
f 341/1644 262/1645 259/1643
f 259/1643 262/1645 229/1636
f 229/1636 262/1645 237/1646
f 237/1646 262/1645 247/1647
f 172/1648 185/1638 229/1636
f 185/1638 172/1648 144/1639
f 229/1636 237/1646 59/1649
f 229/1636 59/1649 172/1648
f 237/1646 247/1647 1001/1650
f 237/1646 1001/1650 59/1649
f 249/1651 72/1652 247/1647
f 247/1647 72/1652 1001/1650
f 1001/1650 72/1652 1004/1653
f 137/1654 144/1639 172/1648
f 137/1654 172/1648 59/1649
f 144/1639 137/1654 131/1655
f 144/1639 131/1655 122/1641
f 1001/1650 1004/1653 1190/1656
f 1190/1656 1004/1653 1439/1657
s 0
f 1439/1657 1004/1653 1276/1658
s 1
f 1001/1650 1190/1656 1148/1659
f 1148/1659 1190/1656 1244/1660
f 1001/1650 1148/1659 59/1649
f 1148/1659 1244/1660 1227/1661
f 1148/1659 1227/1661 1124/1662
f 1148/1659 1124/1662 59/1649
f 1131/1663 1227/1661 1287/1664
f 1124/1662 1227/1661 1122/1665
f 1122/1665 1227/1661 1131/1663
f 1124/1662 1122/1665 1102/1666
f 1124/1662 1102/1666 59/1649
f 1122/1665 1131/1663 1093/1667
f 1122/1665 1093/1667 1102/1666
f 1093/1667 1131/1663 1119/1668
f 59/1649 1102/1666 1100/1669
f 59/1649 1100/1669 1085/1670
f 59/1649 1085/1670 126/1671
f 59/1649 126/1671 127/1672
f 59/1649 127/1672 137/1654
f 137/1654 127/1672 131/1655
f 131/1655 127/1672 99/1673
f 99/1673 127/1672 126/1671
f 131/1655 99/1673 122/1641
f 122/1641 99/1673 81/1674
f 99/1673 126/1671 84/1675
f 99/1673 84/1675 81/1674
f 81/1674 84/1675 80/1676
f 84/1675 126/1671 133/1677
f 84/1675 133/1677 117/1678
f 84/1675 117/1678 88/1679
f 100/1680 64/1681 92/1682
f 100/1680 92/1682 107/1683
f 54/1684 1043/1685 64/1681
f 54/1684 64/1681 66/1686
f 66/1686 64/1681 100/1680
f 54/1684 66/1686 108/1687
f 108/1687 66/1686 100/1680
f 54/1684 108/1687 49/1688
f 100/1680 107/1683 88/1689
f 88/1689 107/1683 87/1690
f 88/1689 87/1690 80/1691
f 88/1689 80/1691 84/1692
f 100/1680 88/1689 110/1693
f 100/1680 110/1693 108/1687
f 110/1693 88/1689 117/1694
f 129/1695 49/1688 108/1687
f 49/1688 129/1695 70/1696
f 108/1687 110/1693 123/1697
f 123/1697 110/1693 117/1694
f 108/1687 123/1697 129/1695
f 123/1697 117/1694 133/1698
f 70/1696 129/1695 135/1699
f 135/1699 129/1695 123/1697
f 70/1696 135/1699 133/1698
f 133/1698 135/1699 123/1697
f 313/1700 270/1701 301/1702
f 270/1701 313/1700 296/1703
f 296/1703 313/1700 350/1704
f 350/1704 313/1700 355/1705
f 296/1703 350/1704 338/1706
f 296/1703 338/1706 295/1707
f 1631/1708 1761/1709 1634/1710
f 1634/1710 1761/1709 1680/1711
f 1680/1711 1761/1709 1858/1712
f 1680/1711 1858/1712 1849/1713
f 1849/1713 1858/1712 1917/1714
f 136/1715 146/1716 170/1717
f 459/1718 460/1719 462/1720
f 444/1721 454/1722 460/1719
f 444/1721 460/1719 420/1723
f 460/1719 459/1718 451/1724
f 460/1719 451/1724 420/1723
f 451/1724 459/1718 429/1725
f 429/1725 459/1718 441/1726
f 429/1725 441/1726 415/1727
f 429/1725 415/1727 400/1728
f 429/1725 400/1728 401/1729
f 429/1725 401/1729 416/1730
f 429/1725 416/1730 451/1724
f 416/1730 401/1729 406/1731
f 451/1724 416/1730 423/1732
f 451/1724 423/1732 420/1723
f 423/1732 416/1730 442/1733
f 442/1733 416/1730 406/1731
f 423/1732 442/1733 420/1723
f 442/1733 406/1731 481/1734
f 442/1733 481/1734 420/1723
f 481/1734 406/1731 502/1735
f 481/1734 502/1735 550/1736
f 420/1723 481/1734 486/1737
f 420/1723 486/1737 419/1738
f 481/1734 550/1736 544/1739
f 481/1734 544/1739 486/1737
f 544/1739 550/1736 565/1740
f 486/1737 544/1739 541/1741
f 544/1739 565/1740 543/1742
f 541/1741 544/1739 555/1743
f 555/1743 544/1739 543/1742
f 555/1743 543/1742 531/1744
f 439/1745 446/1746 440/1747
f 446/1746 439/1745 447/1748
f 447/1748 439/1745 430/1749
f 447/1748 430/1749 422/1750
f 422/1750 430/1749 425/1751
f 422/1750 425/1751 431/1752
f 425/1751 430/1749 419/1753
f 419/1753 430/1749 420/1754
f 425/1751 419/1753 486/1755
f 425/1751 486/1755 480/1756
f 1334/1757 1330/1758 1331/1759
f 619/1760 618/1761 611/1762
f 1331/1763 1330/1764 1333/1765
f 1331/1763 1333/1765 1341/1766
f 1341/1766 1333/1765 1359/1767
f 1359/1767 1333/1765 1358/1768
f 1341/1766 1359/1767 1353/1769
f 1353/1769 1359/1767 1375/1770
f 1375/1770 1359/1767 1450/1771
f 1450/1771 1359/1767 1445/1772
f 1375/1770 1450/1771 1447/1773
f 1447/1773 1450/1771 1516/1774
f 1516/1774 1450/1771 1510/1775
f 1510/1775 1450/1771 1523/1776
f 1516/1774 1510/1775 1505/1777
f 1510/1775 1523/1776 1494/1778
f 1510/1775 1494/1778 1505/1777
f 1494/1778 1523/1776 1538/1779
f 1538/1779 1523/1776 1525/1780
f 1538/1779 1525/1780 1583/1781
f 1583/1781 1525/1780 1590/1782
f 1538/1779 1583/1781 1500/1783
f 1538/1779 1500/1783 1494/1778
f 1583/1781 1590/1782 1594/1784
f 1494/1778 1500/1783 1508/1785
f 1500/1783 1583/1781 1584/1786
f 1584/1786 1583/1781 1594/1784
f 1500/1783 1584/1786 1512/1787
f 1500/1783 1512/1787 1508/1785
f 1594/1784 1590/1782 1603/1788
f 1512/1787 1584/1786 1571/1789
f 1512/1787 1571/1789 1508/1785
f 1584/1786 1594/1784 1612/1790
f 1584/1786 1612/1790 1571/1789
f 1594/1784 1603/1788 1611/1791
f 1594/1784 1611/1791 1612/1790
f 1508/1785 1571/1789 1566/1792
f 1612/1790 1611/1791 1629/1793
f 1508/1785 1566/1792 1553/1794
f 1566/1792 1571/1789 1562/1795
f 1566/1792 1562/1795 1553/1794
f 1562/1795 1571/1789 1612/1790
f 1508/1785 1553/1794 1498/1796
f 1498/1796 1553/1794 1562/1795
f 1508/1785 1498/1796 1494/1778
f 1612/1790 1629/1793 1616/1797
f 1612/1790 1616/1797 1562/1795
f 1616/1797 1629/1793 1611/1791
f 1494/1778 1498/1796 1501/1798
f 1501/1798 1498/1796 1562/1795
f 1494/1778 1501/1798 1505/1777
f 1501/1798 1562/1795 1587/1799
f 1587/1799 1562/1795 1616/1797
f 1501/1798 1587/1799 1505/1777
f 1616/1797 1611/1791 1608/1800
f 1616/1797 1608/1800 1587/1799
f 1608/1800 1611/1791 1603/1788
f 1608/1800 1603/1788 1601/1801
f 1601/1801 1603/1788 1599/1802
f 1608/1800 1601/1801 1609/1803
f 1587/1799 1608/1800 1589/1804
f 1587/1799 1589/1804 1505/1777
f 1589/1804 1608/1800 1609/1803
f 1505/1777 1589/1804 1592/1805
f 1592/1805 1589/1804 1609/1803
f 1505/1777 1592/1805 1524/1806
f 1505/1777 1524/1806 1516/1774
f 1592/1805 1609/1803 1615/1807
f 1592/1805 1615/1807 1524/1806
f 1516/1774 1524/1806 1559/1808
f 1559/1808 1524/1806 1615/1807
f 1559/1808 1615/1807 1609/1803
f 1516/1774 1559/1808 1506/1809
f 1559/1808 1609/1803 1580/1810
f 1967/1811 1877/1812 1926/1813
f 1967/1811 1926/1813 1942/1578
f 1942/1578 1926/1813 1971/1814
f 1942/1578 1971/1814 1934/1582
f 1934/1582 1971/1814 1968/1815
f 1971/1814 1926/1813 1890/1816
f 1890/1816 1926/1813 1877/1812
f 1971/1814 1890/1816 1968/1815
f 1934/1582 1968/1815 1854/1817
f 1854/1817 1968/1815 1890/1816
f 1890/1816 1877/1812 1828/1818
f 1890/1816 1828/1818 1854/1817
f 1828/1818 1877/1812 1702/1819
f 1854/1817 1828/1818 1826/1820
f 1826/1820 1828/1818 1702/1819
f 1854/1817 1826/1820 1646/1821
f 1826/1820 1702/1819 1641/1822
f 1641/1822 1702/1819 1627/1823
f 1646/1821 1826/1820 1638/1824
f 1638/1824 1826/1820 1641/1822
f 1646/1821 1638/1824 1617/1825
f 1638/1824 1641/1822 1619/1826
f 1638/1824 1619/1826 1617/1825
f 1617/1825 1619/1826 1586/1827
f 1617/1825 1586/1827 1581/1828
f 1586/1827 1619/1826 1572/1829
f 1581/1828 1586/1827 1560/1830
f 1560/1830 1586/1827 1572/1829
f 1581/1828 1560/1830 1554/1831
f 1572/1829 1619/1826 1610/1832
f 1554/1831 1560/1830 1542/1833
f 1572/1829 1610/1832 1513/1834
f 1513/1834 1610/1832 1590/1835
f 1560/1830 1572/1829 1539/1836
f 1539/1836 1572/1829 1513/1834
f 1560/1830 1539/1836 1542/1833
f 1542/1833 1539/1836 1514/1837
f 1542/1833 1514/1837 1518/1838
f 1539/1836 1513/1834 1520/1839
f 1539/1836 1520/1839 1514/1837
f 1520/1839 1513/1834 1515/1840
f 1514/1837 1520/1839 1527/1841
f 1527/1841 1520/1839 1534/1842
f 1325/1843 1331/1844 1341/1845
f 1325/1843 1341/1845 1346/1846
f 1346/1846 1341/1845 1353/1847
f 1325/1843 1346/1846 1305/1848
f 1346/1846 1353/1847 1375/1849
f 1346/1846 1375/1849 1305/1848
f 142/1850 124/1851 151/1852
f 151/1852 124/1851 140/1853
f 151/1852 140/1853 188/1854
f 188/1854 140/1853 260/1855
f 260/1855 140/1853 1136/1856
f 140/1853 124/1851 119/1857
f 140/1853 119/1857 1010/1858
f 119/1857 124/1851 85/1859
f 85/1860 76/1861 116/1862
f 116/1862 76/1861 120/1863
f 85/1860 116/1862 119/1864
f 119/1864 116/1862 48/1865
f 48/1865 116/1862 134/1866
f 1106/1867 1143/1868 1125/1869
f 1125/1869 1143/1868 1272/1870
f 1106/1867 1125/1869 1101/1871
f 1101/1871 1125/1869 1132/1872
f 1125/1869 1272/1870 1219/1873
f 1125/1869 1219/1873 1132/1872
f 1101/1871 1132/1872 1134/1874
f 1134/1874 1132/1872 1219/1873
f 1219/1873 1272/1870 1266/1875
f 1219/1873 1266/1875 1134/1874
f 1101/1871 1134/1874 1010/1876
f 1010/1876 1134/1874 1136/1877
f 1010/1876 1136/1877 140/1878
s 0
f 1136/1877 1134/1874 1208/1879
s 1
f 1208/1879 1134/1874 1266/1875
s 0
f 1136/1877 1208/1879 1257/1880
s 1
f 1257/1880 1208/1879 1266/1875
f 1257/1880 1266/1875 1275/1881
f 420/1882 432/1883 444/1884
f 432/1883 420/1882 430/1885
f 426/1886 395/1887 411/1888
f 395/1887 426/1886 398/1889
f 395/1887 398/1889 350/1890
f 398/1889 426/1886 418/1891
f 398/1889 418/1891 431/1892
f 350/1890 398/1889 338/1893
f 398/1889 431/1892 480/1894
f 338/1893 398/1889 339/1895
f 338/1893 339/1895 295/1896
f 339/1895 398/1889 341/1897
f 341/1897 398/1889 480/1894
f 339/1895 341/1897 259/1898
f 341/1897 480/1894 479/1899
f 341/1897 479/1899 317/1900
f 479/1899 480/1894 513/1901
f 513/1901 480/1894 528/1902
f 852/1903 651/1904 661/1905
f 955/1906 926/1907 852/1903
f 852/1903 926/1907 868/1908
f 868/1908 926/1907 876/1909
f 852/1903 868/1908 769/1910
f 769/1910 868/1908 876/1909
f 852/1903 769/1910 651/1904
f 769/1910 876/1909 663/1911
f 663/1911 876/1909 662/1912
f 769/1910 663/1911 659/1913
f 769/1910 659/1913 651/1904
f 659/1913 663/1911 644/1914
f 659/1913 644/1914 651/1904
f 637/1915 661/1905 651/1904
f 637/1915 651/1904 644/1914
f 661/1905 637/1915 635/1916
f 635/1916 637/1915 627/1917
f 635/1916 627/1917 623/1918
f 637/1915 644/1914 626/1919
f 637/1915 626/1919 627/1917
f 626/1919 644/1914 600/1920
f 627/1917 626/1919 592/1921
f 592/1921 626/1919 600/1920
f 627/1917 592/1921 588/1922
f 588/1922 592/1921 548/1923
f 600/1920 644/1914 599/1924
f 548/1923 592/1921 563/1925
f 563/1925 592/1921 600/1920
f 548/1923 563/1925 523/1926
f 563/1925 600/1920 532/1927
f 563/1925 532/1927 523/1926
f 548/1923 523/1926 553/1928
f 553/1928 523/1926 537/1929
f 537/1929 523/1926 536/1930
f 536/1930 523/1926 551/1931
f 551/1931 523/1926 532/1927
f 551/1931 532/1927 600/1920
f 551/1931 600/1920 599/1924
f 551/1931 599/1924 574/1932
f 260/1933 1136/1934 1324/1935
f 260/1933 1324/1935 1127/1936
f 1324/1935 1136/1934 1304/1937
f 1304/1937 1136/1934 1257/1938
f 1227/1939 1244/1940 1243/1941
f 1243/1941 1244/1940 1326/1942
f 1227/1939 1243/1941 1282/1943
f 1243/1941 1326/1942 1410/1944
f 1243/1941 1410/1944 1282/1943
f 1410/1944 1326/1942 1517/1945
f 1282/1943 1410/1944 1299/1946
f 1299/1946 1410/1944 1445/1947
f 1445/1947 1410/1944 1517/1945
f 1299/1946 1445/1947 1307/1948
f 1307/1948 1445/1947 1358/1949
f 1358/1949 1445/1947 1359/1950
f 1445/1947 1517/1945 1515/1951
f 1515/1951 1517/1945 1531/1952
f 1515/1951 1531/1952 1520/1953
f 1445/1947 1515/1951 1523/1954
f 1445/1947 1523/1954 1450/1955
f 1523/1954 1515/1951 1525/1956
f 1525/1956 1515/1951 1513/1957
f 1525/1956 1513/1957 1590/1958
f 1244/1959 1190/1960 1295/1961
f 1244/1959 1295/1961 1326/1962
f 1295/1961 1190/1960 1271/1963
f 1271/1963 1190/1960 1439/1964
f 1326/1962 1295/1961 1381/1965
f 1326/1962 1381/1965 1517/1966
f 1295/1961 1271/1963 1453/1967
f 1453/1967 1271/1963 1439/1964
f 1381/1965 1295/1961 1352/1968
f 1381/1965 1352/1968 1517/1966
f 1517/1966 1352/1968 1497/1969
f 1352/1968 1295/1961 1486/1970
f 1486/1970 1295/1961 1453/1967
f 1352/1968 1486/1970 1497/1969
f 1517/1966 1497/1969 1531/1971
f 1531/1971 1497/1969 1486/1970
f 1534/1972 1520/1973 1531/1971
f 1534/1972 1531/1971 1495/1974
f 1495/1974 1531/1971 1488/1975
f 1488/1975 1531/1971 1486/1970
f 1495/1974 1488/1975 1478/1976
f 1468/1977 1486/1970 1453/1967
f 1486/1970 1468/1977 1488/1975
f 1468/1977 1453/1967 1439/1964
f 1478/1976 1488/1975 1458/1978
f 1478/1976 1458/1978 1448/1979
f 1448/1979 1458/1978 1437/1980
f 1437/1980 1458/1978 1443/1981
f 1458/1978 1488/1975 1457/1982
f 1458/1978 1457/1982 1443/1981
f 1457/1982 1488/1975 1468/1977
f 1468/1977 1439/1964 1442/1983
f 1468/1977 1442/1983 1457/1982
f 1442/1983 1439/1964 1276/1984
f 1443/1981 1457/1982 1444/1985
f 1444/1985 1457/1982 1442/1983
f 1443/1981 1444/1985 1435/1986
f 1444/1985 1442/1983 1430/1987
f 1444/1985 1430/1987 1435/1986
f 1257/1988 1323/1989 1304/1990
f 1304/1990 1323/1989 1324/1991
f 1324/1991 1323/1989 1479/1992
f 1479/1992 1323/1989 1519/1993
f 1479/1992 1519/1993 1511/1994
f 1519/1993 1323/1989 1433/1995
f 1433/1995 1323/1989 1257/1988
f 1519/1993 1433/1995 1506/1996
f 1275/1997 1302/1998 1257/1988
f 1257/1988 1302/1998 1433/1995
f 1433/1995 1302/1998 1305/1999
f 1433/1995 1305/1999 1375/2000
f 1433/1995 1375/2000 1447/2001
f 1433/1995 1447/2001 1506/1996
f 1506/1996 1447/2001 1516/2002
f 541/2003 547/2004 486/2005
f 486/2005 547/2004 480/2006
f 547/2004 541/2003 559/2007
f 559/2007 541/2003 555/2008
f 559/2007 555/2008 531/2009
f 559/2007 531/2009 534/2010
f 534/2010 531/2009 589/2011
f 589/2011 531/2009 591/2012
f 547/2013 528/2014 480/2015
f 528/2014 547/2013 559/2016
f 528/2014 559/2016 546/2017
f 546/2017 559/2016 534/2018
f 546/2017 534/2018 564/2019
f 564/2019 534/2018 589/2020
f 564/2019 589/2020 568/2021
f 564/2019 568/2021 572/2022
f 568/2021 589/2020 607/2023
f 568/2021 607/2023 615/2024
f 615/2024 607/2023 589/2020
f 615/2024 589/2020 623/2025
f 425/2026 480/2027 431/2028
f 262/2029 341/2030 317/2031
f 361/2032 317/2031 479/2033
f 317/2031 361/2032 291/2034
s 0
f 291/2034 361/2032 297/2035
s 1
f 262/2029 317/2031 267/2036
f 267/2036 317/2031 291/2034
f 262/2029 267/2036 249/2037
f 262/2029 249/2037 247/2038
f 249/2037 267/2036 254/2039
f 267/2036 291/2034 250/2040
f 267/2036 250/2040 254/2039
f 249/2037 254/2039 246/2041
f 246/2041 254/2039 250/2040
f 249/2037 246/2041 72/2042
f 72/2042 246/2041 242/2043
f 242/2043 246/2041 250/2040
f 72/2042 242/2043 1004/2044
f 243/2045 250/2040 291/2034
f 243/2045 291/2034 297/2035
f 242/2043 250/2040 239/2046
f 1004/2044 242/2043 4/2047
f 4/2047 242/2043 239/2046
s 0
f 1004/2044 4/2047 1276/2048
s 1
f 239/2046 250/2040 235/2049
f 235/2049 250/2040 243/2045
f 4/2047 239/2046 233/2050
f 233/2050 239/2046 235/2049
f 1408/2051 1430/2052 1276/2048
s 0
f 1408/2051 1276/2048 1240/2053
f 1276/2048 4/2047 998/2054
f 1276/2048 998/2054 1240/2053
s 1
f 998/2054 4/2047 233/2050
f 1240/2053 998/2054 6/2055
f 1240/2053 6/2055 1312/2056
f 998/2054 233/2050 225/2057
f 998/2054 225/2057 6/2055
f 1312/2056 6/2055 1007/2058
f 1007/2058 6/2055 225/2057
f 1312/2056 1007/2058 1165/2059
f 1007/2058 225/2057 214/2060
f 1165/2059 1007/2058 999/2061
f 214/2060 225/2057 223/2062
f 1165/2059 999/2061 1216/2063
f 1007/2058 214/2060 211/2064
f 211/2064 214/2060 223/2062
f 1007/2058 211/2064 999/2061
f 223/2062 225/2057 222/2065
f 222/2065 225/2057 233/2050
f 223/2062 222/2065 211/2064
f 222/2065 233/2050 235/2049
f 211/2064 222/2065 221/2066
f 221/2066 222/2065 235/2049
f 211/2064 221/2066 215/2067
f 221/2066 235/2049 228/2068
f 221/2066 228/2068 215/2067
f 228/2068 235/2049 243/2045
f 215/2067 228/2068 234/2069
f 211/2064 215/2067 197/2070
f 211/2064 197/2070 999/2061
f 234/2069 228/2068 244/2071
f 244/2071 228/2068 243/2045
f 234/2069 244/2071 336/2072
f 244/2071 243/2045 297/2035
f 244/2071 297/2035 336/2072
f 173/2073 36/2074 197/2070
f 197/2070 36/2074 25/2075
f 197/2070 25/2075 999/2061
f 25/2075 36/2074 20/2076
f 999/2061 25/2075 1019/2077
f 1019/2077 25/2075 20/2076
f 999/2061 1019/2077 1216/2063
f 1216/2063 1019/2077 1214/2078
f 1214/2078 1019/2077 1205/2079
f 1019/2077 20/2076 1020/2080
f 1019/2077 1020/2080 1205/2079
f 1020/2080 20/2076 7/2081
f 1020/2080 7/2081 1205/2079
f 1205/2079 7/2081 1066/2082
f 7/2081 20/2076 19/2083
f 7/2081 19/2083 14/2084
f 274/2085 260/2086 1127/2087
f 260/2086 274/2085 289/2088
f 274/2085 1127/2087 276/2089
f 274/2085 276/2089 289/2088
f 276/2089 1127/2087 1016/2090
f 289/2088 276/2089 283/2091
f 289/2088 283/2091 292/2092
s 0
f 276/2089 1016/2090 158/2093
f 158/2093 1016/2090 1451/2094
f 158/2093 1451/2094 1434/2095
s 1
f 276/2089 158/2093 268/2096
f 276/2089 268/2096 283/2091
f 292/2092 283/2091 280/2097
f 292/2092 280/2097 284/2098
f 283/2091 268/2096 279/2099
f 283/2091 279/2099 280/2097
f 268/2096 158/2093 258/2100
f 268/2096 258/2100 279/2099
f 280/2097 279/2099 266/2101
f 280/2097 266/2101 284/2098
f 266/2101 279/2099 258/2100
f 284/2098 266/2101 269/2102
f 284/2098 269/2102 277/2103
f 269/2102 266/2101 251/2104
f 269/2102 251/2104 277/2103
f 251/2104 266/2101 258/2100
f 277/2103 251/2104 252/2105
f 31/2106 258/2100 158/2093
s 0
f 31/2106 158/2093 1434/2095
s 1
f 252/2105 251/2104 240/2107
f 252/2105 240/2107 232/2108
f 232/2108 240/2107 220/2109
f 31/2106 1434/2095 1222/2110
f 1222/2110 1434/2095 1428/2111
f 258/2100 31/2106 113/2112
f 113/2112 31/2106 1222/2110
f 258/2100 113/2112 245/2113
f 258/2100 245/2113 251/2104
f 241/2114 240/2107 251/2104
f 241/2114 251/2104 245/2113
f 240/2107 241/2114 220/2109
f 113/2112 1222/2110 1397/2115
f 1397/2115 1222/2110 1428/2111
f 245/2113 113/2112 115/2116
f 115/2116 113/2112 1397/2115
f 241/2114 245/2113 224/2117
f 224/2117 245/2113 115/2116
f 220/2109 241/2114 227/2118
f 227/2118 241/2114 224/2117
f 220/2109 227/2118 217/2119
f 220/2109 217/2119 208/2120
f 217/2119 227/2118 212/2121
f 217/2119 212/2121 208/2120
f 212/2121 227/2118 224/2117
f 224/2117 115/2116 180/2122
f 224/2117 180/2122 212/2121
f 180/2122 115/2116 1147/2123
f 1147/2123 115/2116 1397/2115
f 212/2121 180/2122 997/2124
f 212/2121 997/2124 208/2120
f 180/2122 1147/2123 1340/2125
f 1340/2125 1147/2123 1397/2115
f 180/2122 1340/2125 997/2124
f 1340/2125 1397/2115 1396/2126
f 997/2124 1340/2125 1311/2127
f 1396/2126 1397/2115 1423/2128
f 997/2124 1311/2127 1322/2129
f 1423/2128 1397/2115 1428/2111
f 997/2124 1322/2129 1021/2130
f 997/2124 1021/2130 208/2120
f 208/2120 1021/2130 206/2131
f 1423/2128 1428/2111 1446/2132
f 1423/2128 1446/2132 1426/2133
f 1426/2133 1446/2132 1440/2134
f 1426/2133 1440/2134 1452/2135
f 1452/2135 1440/2134 1469/2136
f 1426/2133 1452/2135 1436/2137
f 1436/2137 1452/2135 1489/2138
f 562/2139 513/2140 528/2141
f 513/2140 562/2139 545/2142
f 562/2139 528/2141 546/2143
f 562/2139 546/2143 545/2142
s 0
f 545/2142 546/2143 548/2144
s 1
f 548/2144 546/2143 588/2145
f 588/2145 546/2143 564/2146
f 588/2145 564/2146 570/2147
f 570/2147 564/2146 572/2148
f 588/2145 570/2147 616/2149
f 588/2145 616/2149 627/2150
f 570/2147 572/2148 615/2151
f 570/2147 615/2151 616/2149
f 616/2149 615/2151 627/2150
f 615/2151 572/2148 568/2152
s 0
f 627/2150 615/2151 623/2153
s 1
f 1324/2154 1479/2155 1464/2156
f 1324/2154 1464/2156 1127/2157
f 1464/2156 1479/2155 1511/2158
f 1016/2159 1464/2156 1451/2160
f 1451/2160 1464/2156 1511/2158
f 1451/2160 1511/2158 1463/2161
f 1451/2160 1463/2161 1446/2162
f 1451/2160 1446/2162 1434/2163
f 1434/2163 1446/2162 1428/2164
f 1446/2162 1463/2161 1456/2165
f 1446/2162 1456/2165 1440/2166
f 1440/2166 1456/2165 1469/2167
f 1456/2165 1463/2161 1485/2168
f 1456/2165 1485/2168 1469/2167
f 1485/2168 1463/2161 1511/2158
f 1469/2167 1485/2168 1489/2169
f 1469/2167 1489/2169 1452/2170
f 1489/2169 1485/2168 1530/2171
f 1530/2171 1485/2168 1511/2158
f 1530/2171 1511/2158 1535/2172
f 1535/2172 1511/2158 1519/2173
f 1526/2174 1522/2175 1530/2171
f 1526/2174 1530/2171 1535/2172
f 1526/2174 1535/2172 1563/2176
f 1526/2174 1563/2176 1544/2177
f 1563/2176 1535/2172 1597/2178
f 1535/2172 1519/2173 1528/2179
f 1535/2172 1528/2179 1597/2178
f 1528/2179 1519/2173 1506/2180
f 1597/2178 1528/2179 1580/2181
f 1528/2179 1506/2180 1559/2182
f 1528/2179 1559/2182 1580/2181
f 1127/2183 1464/2184 1016/2185
f 545/2186 522/2187 513/2188
f 513/2188 522/2187 508/2189
f 522/2187 545/2186 553/2190
f 484/2191 361/2192 479/2193
f 361/2192 484/2191 485/2194
f 484/2191 479/2193 496/2195
f 484/2191 496/2195 485/2194
f 496/2195 479/2193 513/2196
f 496/2195 513/2196 508/2197
f 496/2195 508/2197 485/2194
f 485/2194 508/2197 509/2198
f 485/2194 509/2198 500/2199
f 500/2199 509/2198 511/2200
f 511/2200 509/2198 526/2201
f 509/2198 508/2197 520/2202
f 520/2202 508/2197 522/2203
f 526/2201 509/2198 525/2204
f 525/2204 509/2198 520/2202
f 520/2202 522/2203 553/2205
f 520/2202 553/2205 525/2204
f 526/2201 525/2204 554/2206
f 554/2206 525/2204 553/2205
f 554/2206 553/2205 537/2207
f 554/2206 537/2207 536/2208
f 611/2209 609/2210 632/2211
f 632/2211 609/2210 623/2212
f 632/2211 623/2212 589/2213
f 632/2214 612/2215 634/2216
f 634/2216 612/2215 625/2217
f 612/2215 632/2214 591/2218
f 591/2218 632/2214 589/2219
f 625/2217 612/2215 628/2220
f 625/2217 628/2220 565/2221
f 565/2221 628/2220 556/2222
f 565/2221 556/2222 543/2223
f 531/2224 543/2223 591/2218
f 556/2222 628/2220 567/2225
f 567/2225 628/2220 612/2215
f 556/2222 567/2225 543/2223
f 567/2225 612/2215 591/2218
f 567/2225 591/2218 543/2223
f 653/2226 642/2227 645/2228
f 653/2226 645/2228 647/2229
f 647/2229 645/2228 630/2230
f 630/2230 645/2228 614/2231
f 630/2230 614/2231 622/2232
f 622/2232 614/2231 625/2233
f 647/2229 630/2230 621/2234
f 621/2234 630/2230 622/2232
f 622/2232 625/2233 631/2235
f 631/2235 625/2233 565/2236
f 622/2232 631/2235 587/2237
f 631/2235 565/2236 524/2238
f 631/2235 524/2238 587/2237
f 524/2238 565/2236 561/2239
f 524/2238 561/2239 587/2237
f 587/2237 561/2239 622/2232
f 622/2232 561/2239 621/2234
f 561/2239 565/2236 550/2240
f 621/2234 561/2239 577/2241
f 621/2234 577/2241 624/2242
f 621/2234 624/2242 647/2229
f 577/2241 561/2239 557/2243
f 624/2242 577/2241 580/2244
f 580/2244 577/2241 557/2243
f 624/2242 580/2244 596/2245
f 596/2245 580/2244 566/2246
f 566/2246 580/2244 557/2243
f 624/2242 596/2245 603/2247
f 603/2247 596/2245 566/2246
f 624/2242 603/2247 647/2229
f 517/2248 557/2243 561/2239
f 517/2248 561/2239 519/2249
f 517/2248 519/2249 494/2250
f 566/2246 557/2243 558/2251
f 517/2248 494/2250 495/2252
f 495/2252 494/2250 344/2253
f 557/2243 517/2248 529/2254
s 0
f 557/2243 529/2254 558/2251
f 558/2251 529/2254 549/2255
s 1
f 495/2252 344/2253 277/2256
f 277/2256 344/2253 284/2257
f 284/2257 344/2253 292/2258
s 0
f 495/2252 277/2256 488/2259
s 1
f 495/2252 488/2259 517/2248
s 0
f 488/2259 277/2256 252/2260
s 1
f 505/2261 529/2254 517/2248
f 505/2261 517/2248 488/2259
f 529/2254 505/2261 514/2262
f 505/2261 488/2259 489/2263
s 0
f 489/2263 488/2259 252/2260
s 1
f 505/2261 489/2263 497/2264
s 0
f 489/2263 252/2260 319/2265
s 1
f 319/2265 252/2260 232/2266
f 579/2267 576/2268 558/2251
f 558/2251 576/2268 571/2269
f 571/2269 576/2268 573/2270
f 573/2270 576/2268 629/2271
f 558/2251 571/2269 581/2272
f 558/2251 581/2272 566/2246
f 571/2269 573/2270 605/2273
f 605/2273 573/2270 629/2271
f 571/2269 605/2273 581/2272
f 566/2246 581/2272 603/2247
f 605/2273 629/2271 603/2247
f 581/2272 605/2273 610/2274
f 581/2272 610/2274 603/2247
f 603/2247 610/2274 605/2273
f 603/2247 629/2271 647/2229
f 647/2229 629/2271 641/2275
f 647/2229 641/2275 664/2276
f 647/2229 664/2276 727/2277
s 0
f 727/2277 664/2276 767/2278
s 1
f 727/2277 767/2278 866/2279
f 647/2229 727/2277 788/2280
f 727/2277 866/2279 889/2281
f 727/2277 889/2281 788/2280
f 647/2229 788/2280 653/2226
f 889/2281 866/2279 921/2282
f 653/2226 788/2280 775/2283
f 775/2283 788/2280 915/2284
f 915/2284 788/2280 889/2281
f 889/2281 921/2282 975/2285
f 915/2284 889/2281 986/2286
f 986/2286 889/2281 975/2285
f 915/2284 986/2286 985/2287
f 986/2286 975/2285 994/2288
f 985/2287 986/2286 991/2289
f 991/2289 986/2286 994/2288
f 991/2289 994/2288 964/2290
f 964/2290 994/2288 976/2291
f 964/2292 974/2293 991/2294
f 974/2293 964/2292 966/2295
s 0
f 553/2296 545/2297 548/2298
s 1
f 969/2299 957/2300 955/2301
f 955/2301 957/2300 926/2302
f 957/2300 969/2299 966/2303
f 926/2302 957/2300 876/2304
f 957/2300 966/2303 952/2305
f 957/2300 952/2305 876/2304
f 876/2304 952/2305 922/2306
f 1276/2307 1430/2308 1442/2309
f 1530/2310 1522/2311 1493/2312
f 1495/2313 1478/2314 1499/2315
f 1495/2313 1499/2315 1534/2316
f 1437/2317 1443/2318 1432/2319
f 1489/2320 1530/2321 1493/2322
f 1435/2323 1430/2324 1424/2325
f 1443/2326 1435/2327 1432/2328
f 1432/2329 1435/2330 1424/2331
f 1408/2332 1424/2333 1430/2334
f 1424/2333 1408/2332 1406/2335
f 1406/2335 1408/2332 1385/2336
f 1385/2336 1408/2332 1240/2337
f 1385/2336 1240/2337 1312/2338
f 1406/2335 1385/2336 1386/2339
f 1386/2339 1385/2336 1312/2338
f 1424/2333 1406/2335 1419/2340
f 1424/2333 1419/2340 1432/2341
f 1432/2341 1419/2340 1437/2342
f 1437/2342 1419/2340 1448/2343
f 1386/2339 1312/2338 1355/2344
f 1406/2335 1386/2339 1376/2345
f 1376/2345 1386/2339 1355/2344
f 1419/2340 1406/2335 1400/2346
s 0
f 1400/2346 1406/2335 1376/2345
s 1
f 1448/2343 1419/2340 1431/2347
f 1448/2343 1431/2347 1467/2348
f 1419/2340 1400/2346 1413/2349
f 1419/2340 1413/2349 1431/2347
f 1467/2348 1431/2347 1470/2350
f 1470/2350 1431/2347 1413/2349
f 1499/2351 1478/2352 1467/2348
f 1499/2351 1467/2348 1470/2350
f 1413/2349 1400/2346 1399/2353
f 1413/2349 1399/2353 1470/2350
f 1499/2351 1470/2350 1483/2354
f 1499/2351 1483/2354 1502/2355
f 1490/2356 1561/2357 1502/2355
f 1490/2356 1502/2355 1480/2358
f 1480/2358 1502/2355 1483/2354
f 1483/2354 1470/2350 1472/2359
f 1483/2354 1472/2359 1480/2358
f 1472/2359 1470/2350 1399/2353
f 1480/2358 1472/2359 1465/2360
f 1465/2360 1472/2359 1438/2361
f 1438/2361 1472/2359 1399/2353
f 1465/2360 1438/2361 1242/2362
f 1391/2363 1399/2353 1400/2346
f 1391/2363 1400/2346 1376/2345
f 1438/2361 1399/2353 1393/2364
f 1393/2364 1399/2353 1391/2363
f 1391/2363 1376/2345 1380/2365
f 1391/2363 1380/2365 1393/2364
f 1380/2365 1376/2345 1347/2366
f 1380/2365 1347/2366 1393/2364
f 1438/2361 1393/2364 1354/2367
s 0
f 1438/2361 1354/2367 1242/2362
s 1
f 1354/2367 1393/2364 1347/2366
f 1242/2362 1354/2367 1205/2368
f 1242/2362 1205/2368 1066/2369
f 1205/2368 1354/2367 1306/2370
f 1306/2370 1354/2367 1347/2366
f 1205/2368 1306/2370 1214/2371
f 1214/2371 1306/2370 1216/2372
f 1306/2370 1347/2366 1319/2373
f 1319/2373 1347/2366 1376/2345
f 1306/2370 1319/2373 1216/2372
f 1319/2373 1376/2345 1355/2344
f 1319/2373 1355/2344 1312/2338
f 1319/2373 1312/2338 1216/2372
f 1216/2372 1312/2338 1165/2374
f 1448/2375 1467/2376 1478/2377
f 1518/2378 1554/2379 1542/2380
f 1554/2379 1518/2378 1548/2381
f 1554/2379 1548/2381 1564/2382
f 1564/2382 1548/2381 1518/2378
f 1554/2379 1564/2382 1581/2383
f 1581/2383 1564/2382 1595/2384
f 1581/2383 1595/2384 1617/2385
f 1617/2385 1595/2384 1623/2386
f 1617/2385 1623/2386 1646/2387
f 1623/2386 1595/2384 1622/2388
f 1623/2386 1622/2388 1646/2387
f 1595/2384 1564/2382 1579/2389
f 1595/2384 1579/2389 1582/2390
f 1595/2384 1582/2390 1622/2388
f 1579/2389 1564/2382 1552/2391
f 1579/2389 1552/2391 1582/2390
f 1582/2390 1552/2391 1565/2392
f 1552/2391 1564/2382 1521/2393
f 1552/2391 1521/2393 1565/2392
f 1521/2393 1564/2382 1543/2394
f 1543/2394 1564/2382 1518/2378
f 1591/2395 1622/2388 1582/2390
f 1591/2395 1582/2390 1565/2392
f 1622/2388 1591/2395 1626/2396
f 1591/2395 1565/2392 1567/2397
f 1567/2397 1565/2392 1549/2398
f 1549/2398 1565/2392 1532/2399
f 1532/2399 1565/2392 1521/2393
f 1622/2388 1626/2396 1648/2400
f 1532/2399 1521/2393 1533/2401
f 1533/2401 1521/2393 1543/2394
f 1532/2399 1533/2401 1555/2402
f 1622/2388 1648/2400 1823/2403
f 1622/2388 1823/2403 1646/2387
f 1823/2403 1648/2400 1824/2404
f 1646/2387 1823/2403 1854/2405
f 1555/2402 1533/2401 1502/2406
f 1555/2402 1502/2406 1561/2407
f 1502/2406 1533/2401 1499/2408
f 1854/2405 1823/2403 1886/2409
f 1499/2408 1533/2401 1527/2410
f 1527/2410 1533/2401 1543/2394
f 1499/2408 1527/2410 1534/2411
f 1527/2410 1543/2394 1518/2378
f 1527/2410 1518/2378 1514/2412
f 1854/2405 1886/2409 1934/2413
f 1886/2409 1823/2403 1893/2414
f 1886/2409 1893/2414 1934/2413
f 1893/2414 1823/2403 1824/2404
f 1893/2414 1824/2404 1913/2415
f 1934/2413 1893/2414 1954/2416
f 1934/2413 1954/2416 1928/2417
s 0
f 1934/2413 1928/2417 1937/2418
s 1
f 1436/2419 1489/2420 1493/2421
f 1426/2422 1436/2423 1414/2424
f 1414/2424 1436/2423 1493/2425
f 1426/2422 1414/2424 1401/2426
f 1426/2422 1401/2426 1423/2427
f 1423/2427 1401/2426 1396/2428
f 1401/2426 1414/2424 1392/2429
f 1401/2426 1392/2429 1396/2428
f 1414/2424 1493/2425 1407/2430
f 1414/2424 1407/2430 1392/2429
f 1407/2430 1493/2425 1462/2431
f 1396/2428 1392/2429 1363/2432
f 1396/2428 1363/2432 1340/2433
f 1340/2433 1363/2432 1311/2434
f 1311/2434 1363/2432 1322/2435
f 1407/2430 1462/2431 1388/2436
f 1462/2431 1493/2425 1492/2437
f 1462/2431 1492/2437 1484/2438
f 1492/2437 1493/2425 1522/2439
f 1492/2437 1522/2439 1529/2440
f 1492/2437 1529/2440 1536/2441
f 1536/2441 1529/2440 1588/2442
f 1492/2437 1536/2441 1537/2443
f 1407/2430 1388/2436 1379/2444
f 1407/2430 1379/2444 1392/2429
f 1379/2444 1388/2436 1320/2445
f 1392/2429 1379/2444 1362/2446
f 1362/2446 1379/2444 1320/2445
f 1392/2429 1362/2446 1363/2432
f 1363/2432 1362/2446 1317/2447
f 1317/2447 1362/2446 1320/2445
f 1363/2432 1317/2447 1322/2435
f 1322/2435 1317/2447 1021/2448
f 1021/2448 1317/2447 1220/2449
f 1220/2449 1317/2447 1320/2445
f 1220/2449 1320/2445 1176/2450
f 1550/2451 1605/2452 1588/2453
f 1550/2451 1588/2453 1529/2454
f 1588/2453 1605/2452 1636/2455
f 1536/2456 1588/2453 1578/2457
f 1578/2457 1588/2453 1596/2458
f 1596/2458 1588/2453 1636/2455
f 1596/2458 1636/2455 1624/2459
f 1624/2459 1636/2455 1644/2460
f 1644/2460 1636/2455 1660/2461
f 1660/2461 1636/2455 1736/2462
f 1660/2461 1736/2462 1888/2463
f 1660/2461 1888/2463 1837/2464
f 1837/2464 1888/2463 1889/2465
f 1889/2465 1888/2463 1937/2466
s 0
f 361/2467 336/2468 297/2469
s 1
f 336/2468 361/2467 485/2470
f 336/2468 485/2470 498/2471
f 498/2471 485/2470 500/2472
f 976/2473 966/2474 964/2475
s 0
f 966/2474 976/2473 965/2476
s 1
f 966/2474 965/2476 952/2477
f 921/2478 866/2479 910/2480
f 910/2480 866/2479 842/2481
f 842/2481 866/2479 767/2482
f 842/2481 767/2482 654/2483
f 654/2483 767/2482 664/2484
f 842/2481 654/2483 869/2485
f 842/2481 869/2485 910/2480
f 869/2485 654/2483 582/2486
f 921/2478 910/2480 962/2487
f 962/2487 910/2480 869/2485
f 921/2478 962/2487 975/2488
f 962/2487 869/2485 949/2489
f 949/2489 869/2485 838/2490
s 0
f 975/2488 962/2487 984/2491
s 1
f 984/2491 962/2487 949/2489
f 975/2488 984/2491 994/2492
f 949/2489 838/2490 830/2493
f 994/2492 984/2491 982/2494
f 994/2492 982/2494 976/2495
f 976/2495 982/2494 981/2496
f 981/2496 982/2494 983/2497
f 982/2494 984/2491 944/2498
s 0
f 944/2498 984/2491 949/2489
f 982/2494 944/2498 929/2499
f 929/2499 944/2498 930/2500
f 930/2500 944/2498 949/2489
f 930/2500 949/2489 918/2501
s 1
f 918/2501 949/2489 896/2502
f 896/2502 949/2489 830/2493
f 918/2501 896/2502 890/2503
f 896/2502 830/2493 835/2504
f 896/2502 835/2504 890/2503
f 599/2505 644/2506 606/2507
f 606/2507 644/2506 640/2508
f 640/2508 644/2506 663/2509
f 574/2510 536/2511 551/2512
f 606/2513 574/2510 599/2514
f 574/2510 606/2513 602/2515
f 602/2515 606/2513 640/2516
f 536/2511 574/2510 530/2517
f 530/2517 574/2510 552/2518
f 552/2518 574/2510 602/2515
f 552/2518 602/2515 530/2517
f 602/2515 640/2516 662/2519
f 662/2519 640/2516 663/2520
f 536/2511 530/2517 540/2521
f 536/2511 540/2521 554/2522
f 554/2522 540/2521 526/2523
f 540/2521 530/2517 569/2524
f 569/2524 530/2517 602/2515
f 526/2523 540/2521 586/2525
f 586/2525 540/2521 569/2524
f 526/2523 586/2525 527/2526
f 569/2524 602/2515 658/2527
f 658/2527 602/2515 662/2519
f 569/2524 658/2527 665/2528
f 569/2524 665/2528 586/2525
f 658/2527 662/2519 844/2529
f 844/2529 662/2519 876/2530
f 844/2529 876/2530 922/2531
f 658/2527 844/2529 856/2532
f 658/2527 856/2532 665/2528
f 844/2529 922/2531 931/2533
f 844/2529 931/2533 856/2532
f 665/2528 856/2532 888/2534
f 888/2534 856/2532 931/2533
f 665/2528 888/2534 586/2525
f 931/2533 922/2531 958/2535
f 931/2533 958/2535 888/2534
f 958/2535 922/2531 952/2536
f 958/2535 952/2536 965/2537
f 958/2535 965/2537 939/2538
f 958/2535 939/2538 888/2534
f 939/2538 965/2537 968/2539
f 939/2538 968/2539 936/2540
f 939/2538 936/2540 906/2541
f 888/2534 939/2538 850/2542
s 0
f 888/2534 850/2542 586/2525
s 1
f 939/2538 906/2541 853/2543
f 939/2538 853/2543 850/2542
f 853/2543 906/2541 833/2544
f 586/2525 850/2542 795/2545
f 795/2545 850/2542 853/2543
f 853/2543 833/2544 818/2546
f 853/2543 818/2546 795/2545
f 818/2546 833/2544 801/2547
f 801/2547 833/2544 821/2548
f 818/2546 801/2547 771/2549
f 818/2546 771/2549 795/2545
f 771/2549 801/2547 752/2550
f 703/2551 586/2525 795/2545
f 586/2525 703/2551 527/2526
f 795/2545 771/2549 746/2552
f 795/2545 746/2552 703/2551
f 703/2551 746/2552 720/2553
f 703/2551 720/2553 649/2554
f 720/2553 746/2552 742/2555
f 742/2555 746/2552 771/2549
f 720/2553 742/2555 649/2554
f 742/2555 771/2549 725/2556
f 742/2555 725/2556 649/2554
f 725/2556 771/2549 752/2550
f 649/2554 725/2556 719/2557
f 719/2557 725/2556 752/2550
s 0
f 535/2558 549/2559 529/2560
s 1
f 549/2559 535/2558 582/2561
f 535/2558 529/2560 514/2562
f 582/2561 535/2558 533/2563
f 533/2563 535/2558 514/2562
f 533/2563 514/2562 497/2564
f 497/2564 514/2562 505/2565
f 641/2566 629/2567 636/2568
f 636/2568 629/2567 576/2569
f 636/2568 576/2569 579/2570
f 636/2568 579/2570 641/2566
f 549/2571 579/2570 558/2572
f 579/2570 549/2571 604/2573
f 579/2570 604/2573 641/2566
f 604/2573 549/2571 582/2574
f 604/2573 582/2574 654/2575
f 604/2573 654/2575 641/2566
f 641/2566 654/2575 664/2576
f 206/2577 1021/2578 12/2579
f 1220/2580 1176/2581 12/2579
f 206/2577 12/2579 41/2582
f 12/2579 1176/2581 17/2583
f 12/2579 17/2583 41/2582
f 17/2583 1176/2581 8/2584
f 8/2584 1176/2581 1175/2585
f 17/2583 8/2584 24/2586
f 24/2586 8/2584 183/2587
f 41/2582 17/2583 28/2588
f 28/2588 17/2583 24/2586
f 182/2589 206/2577 41/2582
f 28/2588 24/2586 30/2590
f 41/2582 28/2588 33/2591
f 33/2591 28/2588 30/2590
f 41/2582 33/2591 182/2589
f 206/2577 182/2589 191/2592
f 30/2590 24/2586 32/2593
f 30/2590 32/2593 33/2591
f 32/2593 24/2586 183/2587
f 182/2589 33/2591 176/2594
f 32/2593 183/2587 186/2595
f 32/2593 186/2595 33/2591
f 33/2591 186/2595 176/2594
f 186/2595 183/2587 189/2596
f 182/2589 176/2594 194/2597
f 194/2597 176/2594 186/2595
f 194/2597 186/2595 189/2596
f 182/2589 194/2597 191/2592
f 191/2592 194/2597 189/2596
f 208/2598 206/2599 220/2600
f 220/2600 206/2599 232/2601
f 232/2601 206/2599 204/2602
f 204/2602 206/2599 191/2603
f 204/2602 191/2603 189/2604
f 232/2601 204/2602 200/2605
f 200/2605 204/2602 189/2604
f 200/2605 189/2604 183/2606
f 200/2605 183/2606 369/2607
f 232/2601 200/2605 319/2608
f 319/2608 200/2605 369/2607
f 319/2608 369/2607 467/2609
f 319/2608 467/2609 497/2610
s 0
f 319/2608 497/2610 489/2611
s 1
f 497/2610 467/2609 533/2612
f 1220/2613 12/2614 1021/2615
f 203/2616 215/2617 234/2618
f 203/2616 234/2618 202/2619
f 215/2617 203/2616 197/2620
f 197/2620 203/2616 192/2621
f 197/2620 192/2621 173/2622
f 173/2622 192/2621 196/2623
f 1388/2624 1176/2625 1320/2626
f 1176/2625 1388/2624 1411/2627
f 1411/2627 1388/2624 1462/2628
f 1176/2625 1411/2627 1175/2629
f 1175/2629 1411/2627 1172/2630
f 1411/2627 1462/2628 1484/2631
f 1172/2630 1411/2627 1290/2632
f 1411/2627 1484/2631 1471/2633
f 1290/2632 1411/2627 1661/2634
f 1661/2634 1411/2627 1471/2633
f 1471/2633 1484/2631 1558/2635
f 1471/2633 1558/2635 1661/2634
f 1558/2635 1484/2631 1507/2636
f 1507/2636 1484/2631 1492/2637
f 1507/2636 1492/2637 1537/2638
f 1507/2636 1537/2638 1558/2635
f 1536/2639 1578/2640 1537/2638
f 1537/2638 1578/2640 1545/2641
f 1545/2641 1578/2640 1593/2642
f 1593/2642 1578/2640 1596/2643
f 1537/2638 1545/2641 1557/2644
f 1557/2644 1545/2641 1593/2642
f 1593/2642 1596/2643 1621/2645
f 1593/2642 1621/2645 1557/2644
f 1621/2645 1596/2643 1624/2646
f 1621/2645 1624/2646 1644/2647
f 1537/2638 1557/2644 1652/2648
f 1537/2638 1652/2648 1558/2635
f 1652/2648 1557/2644 1657/2649
f 1557/2644 1621/2645 1649/2650
f 1649/2650 1621/2645 1644/2647
f 1557/2644 1649/2650 1657/2649
f 1652/2648 1657/2649 1813/2651
f 1813/2651 1657/2649 1649/2650
f 1652/2648 1813/2651 1558/2635
f 1649/2650 1644/2647 1816/2652
f 1649/2650 1816/2652 1813/2651
f 1816/2652 1644/2647 1660/2653
f 1816/2652 1660/2653 1837/2654
f 1816/2652 1837/2654 1889/2655
f 1813/2651 1816/2652 1861/2656
f 1861/2656 1816/2652 1889/2655
f 1840/2657 1558/2635 1813/2651
f 1840/2657 1813/2651 1861/2656
f 1861/2656 1889/2655 1901/2658
f 1861/2656 1901/2658 1840/2657
f 1901/2658 1889/2655 1964/2659
f 1558/2635 1840/2657 1661/2634
f 1901/2658 1964/2659 1975/2660
f 1975/2660 1964/2659 1937/2661
f 1975/2660 1937/2661 1922/2662
f 1840/2657 1901/2658 1919/2663
f 1919/2663 1901/2658 1975/2660
f 1975/2660 1922/2662 1973/2664
f 1973/2664 1922/2662 1916/2665
f 1973/2664 1916/2665 1900/2666
f 1900/2666 1916/2665 1920/2667
f 1973/2664 1900/2666 1959/2668
f 1959/2668 1900/2666 1931/2669
f 1975/2660 1973/2664 1974/2670
f 1974/2670 1973/2664 1959/2668
f 1959/2668 1931/2669 1894/2671
f 1959/2668 1894/2671 1974/2670
f 1894/2671 1931/2669 1903/2672
f 1975/2660 1974/2670 1976/2673
f 1975/2660 1976/2673 1919/2663
f 1976/2673 1974/2670 1902/2674
f 1976/2673 1902/2674 1919/2663
f 1894/2671 1903/2672 1862/2675
f 1862/2675 1903/2672 1856/2676
f 1874/2677 1974/2670 1894/2671
f 1894/2671 1862/2675 1844/2678
f 1894/2671 1844/2678 1874/2677
f 1862/2675 1856/2676 1810/2679
f 1862/2675 1810/2679 1844/2678
f 1810/2679 1856/2676 1786/2680
f 1786/2680 1856/2676 1809/2681
f 1974/2670 1874/2677 1866/2682
f 1974/2670 1866/2682 1902/2674
f 1874/2677 1844/2678 1819/2683
s 0
f 1874/2677 1819/2683 1866/2682
s 1
f 1902/2674 1866/2682 1827/2684
f 1866/2682 1819/2683 1799/2685
f 1866/2682 1799/2685 1827/2684
f 1902/2674 1827/2684 1829/2686
f 1829/2686 1827/2684 1799/2685
f 1902/2674 1829/2686 1919/2663
f 1797/2687 1819/2683 1844/2678
f 1819/2683 1797/2687 1799/2685
f 1797/2687 1844/2678 1800/2688
f 1800/2688 1844/2678 1810/2679
f 1919/2663 1829/2686 1835/2689
f 1919/2663 1835/2689 1840/2657
f 1835/2689 1829/2686 1785/2690
f 1785/2690 1829/2686 1799/2685
f 1840/2657 1835/2689 1768/2691
f 1840/2657 1768/2691 1661/2634
f 1835/2689 1785/2690 1771/2692
f 1835/2689 1771/2692 1768/2691
f 1771/2692 1785/2690 1746/2693
f 1746/2693 1785/2690 1799/2685
f 1768/2691 1771/2692 1716/2694
f 1768/2691 1716/2694 1661/2634
f 1716/2694 1771/2692 1746/2693
f 1661/2634 1716/2694 1676/2695
f 1716/2694 1746/2693 1707/2696
f 1716/2694 1707/2696 1676/2695
f 1661/2634 1676/2695 1663/2697
f 1661/2634 1663/2697 1290/2632
f 1676/2695 1707/2696 1681/2698
f 1676/2695 1681/2698 1663/2697
f 1707/2696 1746/2693 1713/2699
f 1707/2696 1713/2699 1681/2698
f 1290/2632 1663/2697 1546/2700
f 1546/2700 1663/2697 1681/2698
f 1290/2632 1546/2700 1212/2701
f 1212/2701 1546/2700 1398/2702
f 1398/2702 1546/2700 1681/2698
f 1212/2701 1398/2702 1236/2703
f 1236/2703 1398/2702 1278/2704
f 1398/2702 1681/2698 1687/2705
f 1398/2702 1687/2705 1278/2704
f 1687/2705 1681/2698 1713/2699
f 1749/2706 1713/2699 1746/2693
f 1749/2706 1746/2693 1799/2685
f 1713/2699 1749/2706 1722/2707
f 1713/2699 1722/2707 1687/2705
f 1749/2706 1799/2685 1744/2708
f 1749/2706 1744/2708 1722/2707
f 1744/2708 1799/2685 1776/2709
f 1776/2709 1799/2685 1797/2687
f 1776/2709 1797/2687 1772/2710
f 1776/2709 1772/2710 1744/2708
f 1772/2710 1797/2687 1800/2688
f 1722/2707 1744/2708 1705/2711
f 1722/2707 1705/2711 1687/2705
f 1744/2708 1772/2710 1730/2712
f 1744/2708 1730/2712 1705/2711
f 1772/2710 1800/2688 1783/2713
f 1783/2713 1800/2688 1810/2679
f 1783/2713 1810/2679 1786/2680
f 1772/2710 1783/2713 1756/2714
f 1772/2710 1756/2714 1730/2712
f 1756/2714 1783/2713 1786/2680
f 1705/2711 1730/2712 1700/2715
f 1705/2711 1700/2715 1687/2705
f 1730/2712 1756/2714 1718/2716
f 1730/2712 1718/2716 1700/2715
f 1756/2714 1786/2680 1741/2717
f 1756/2714 1741/2717 1718/2716
f 1741/2717 1786/2680 1727/2718
f 1727/2718 1786/2680 1809/2681
f 1718/2716 1741/2717 1706/2719
f 1706/2719 1741/2717 1727/2718
f 1700/2715 1718/2716 1693/2720
f 1693/2720 1718/2716 1706/2719
f 1669/2721 1687/2705 1700/2715
f 1669/2721 1700/2715 1693/2720
s 0
f 1687/2705 1669/2721 1278/2704
s 1
f 1669/2721 1693/2720 1674/2722
s 0
f 1669/2721 1674/2722 1278/2704
s 1
f 1674/2722 1693/2720 1706/2719
f 1278/2704 1674/2722 1267/2723
f 1459/2724 1706/2719 1727/2718
f 1706/2719 1459/2724 1674/2722
f 1674/2722 1459/2724 1267/2723
f 1459/2724 1727/2718 1668/2725
f 1459/2724 1668/2725 1189/2726
f 1459/2724 1189/2726 1267/2723
f 1267/2723 1189/2726 58/2727
f 37/2728 173/2729 196/2730
f 173/2729 37/2728 36/2731
f 37/2728 196/2730 38/2732
f 38/2732 196/2730 174/2733
f 37/2728 38/2732 29/2734
f 37/2728 29/2734 22/2735
f 37/2728 22/2735 36/2731
f 36/2731 22/2735 19/2736
f 36/2731 19/2736 20/2737
f 196/2738 190/2739 174/2740
f 190/2739 196/2738 192/2741
f 190/2739 192/2741 195/2742
f 195/2742 192/2741 203/2743
f 195/2742 203/2743 202/2744
f 195/2742 202/2744 209/2745
f 38/2746 26/2747 29/2748
f 29/2748 26/2747 22/2749
f 26/2747 38/2746 35/2750
f 22/2749 26/2747 23/2751
f 35/2750 38/2746 174/2752
f 23/2751 26/2747 35/2750
f 35/2750 174/2752 190/2753
f 35/2750 190/2753 195/2754
f 35/2750 195/2754 23/2751
f 22/2749 23/2751 19/2755
f 19/2755 23/2751 14/2756
f 23/2751 195/2754 27/2757
f 23/2751 27/2757 14/2756
f 27/2757 195/2754 209/2758
f 27/2757 209/2758 995/2759
f 995/2759 209/2758 303/2760
f 995/2759 303/2760 1017/2761
f 27/2757 995/2759 1011/2762
f 27/2757 1011/2762 14/2756
f 995/2759 1017/2761 1142/2763
f 995/2759 1142/2763 1011/2762
f 1142/2763 1017/2761 1234/2764
f 1011/2762 1142/2763 1090/2765
f 1011/2762 1090/2765 14/2756
f 1090/2765 1142/2763 1234/2764
f 14/2756 1090/2765 1066/2766
f 14/2756 1066/2766 7/2767
f 1066/2766 1090/2765 1242/2768
f 1242/2768 1090/2765 1234/2764
f 1242/2768 1234/2764 1465/2769
f 1964/2770 1889/2771 1937/2772
f 511/2773 498/2774 500/2775
f 498/2774 511/2773 527/2776
f 527/2776 511/2773 526/2777
f 498/2774 527/2776 649/2778
f 649/2778 527/2776 703/2779
f 498/2774 649/2778 357/2780
f 498/2774 357/2780 336/2781
f 336/2781 357/2780 202/2782
f 336/2781 202/2782 234/2783
f 202/2782 357/2780 209/2784
f 209/2784 357/2780 303/2785
f 303/2785 357/2780 649/2778
f 303/2785 649/2778 466/2786
f 303/2785 466/2786 1017/2787
f 466/2786 649/2778 719/2788
f 1626/2789 1576/2790 1648/2791
f 1576/2790 1626/2789 1591/2792
f 1576/2790 1591/2792 1567/2793
f 1576/2790 1567/2793 1549/2794
f 1576/2790 1549/2794 1532/2795
f 1648/2791 1576/2790 1658/2796
f 1648/2791 1658/2796 1824/2797
f 1576/2790 1532/2795 1568/2798
f 1576/2790 1568/2798 1658/2796
f 1568/2798 1532/2795 1555/2799
f 1824/2797 1658/2796 1817/2800
f 1817/2800 1658/2796 1568/2798
f 1817/2800 1568/2798 1555/2799
f 1824/2797 1817/2800 1913/2801
f 1817/2800 1555/2799 1759/2802
f 1759/2802 1555/2799 1561/2803
f 1913/2801 1817/2800 1872/2804
f 1872/2804 1817/2800 1860/2805
f 1872/2804 1860/2805 1913/2801
f 1860/2805 1817/2800 1759/2802
f 1893/2806 1913/2801 1954/2807
f 1954/2807 1913/2801 1947/2808
f 1947/2808 1913/2801 1860/2805
f 1954/2807 1947/2808 1923/2809
f 1954/2807 1923/2809 1928/2810
f 1937/2811 1928/2810 1922/2812
f 1922/2812 1928/2810 1923/2809
f 1922/2812 1923/2809 1916/2813
f 1916/2813 1923/2809 1920/2814
f 1923/2809 1947/2808 1910/2815
f 1923/2809 1910/2815 1920/2814
f 1882/2816 1947/2808 1860/2805
f 1947/2808 1882/2816 1910/2815
f 1882/2816 1860/2805 1820/2817
f 1900/2818 1920/2814 1908/2819
f 1908/2819 1920/2814 1955/2820
f 1820/2817 1860/2805 1793/2821
f 1793/2821 1860/2805 1759/2802
f 1882/2816 1820/2817 1804/2822
f 1804/2822 1820/2817 1793/2821
f 1955/2820 1920/2814 1906/2823
f 1906/2823 1920/2814 1910/2815
f 1955/2820 1906/2823 1905/2824
f 1955/2820 1905/2824 1970/2825
f 1882/2816 1804/2822 1839/2826
f 1882/2816 1839/2826 1910/2815
f 1906/2823 1910/2815 1864/2827
f 1864/2827 1910/2815 1839/2826
f 1905/2824 1906/2823 1885/2828
f 1885/2828 1906/2823 1864/2827
f 1905/2824 1885/2828 1855/2829
f 1855/2829 1885/2828 1864/2827
f 1855/2829 1864/2827 1815/2830
f 1905/2824 1855/2829 1784/2831
f 1784/2831 1855/2829 1815/2830
f 1815/2830 1864/2827 1807/2832
f 1807/2832 1864/2827 1839/2826
f 1815/2830 1807/2832 1784/2831
f 1807/2832 1839/2826 1774/2833
f 1774/2833 1839/2826 1804/2822
f 1784/2831 1807/2832 1747/2834
f 1747/2834 1807/2832 1774/2833
f 1841/2835 1905/2824 1784/2831
f 1905/2824 1841/2835 1857/2836
f 1857/2836 1841/2835 1754/2837
f 1841/2835 1784/2831 1751/2838
f 1841/2835 1751/2838 1754/2837
f 1784/2831 1747/2834 1748/2839
f 1784/2831 1748/2839 1751/2838
f 1748/2839 1747/2834 1723/2840
f 1748/2839 1723/2840 1751/2838
f 1723/2840 1747/2834 1714/2841
f 1714/2841 1747/2834 1732/2842
f 1732/2842 1747/2834 1774/2833
f 1723/2840 1714/2841 1692/2843
f 1751/2838 1723/2840 1699/2844
f 1699/2844 1723/2840 1692/2843
f 1751/2838 1699/2844 1701/2845
f 1751/2838 1701/2845 1754/2837
f 1701/2845 1699/2844 1670/2846
f 1670/2846 1699/2844 1692/2843
f 1754/2837 1701/2845 1673/2847
f 1673/2847 1701/2845 1670/2846
f 1754/2837 1673/2847 1403/2848
f 1754/2837 1403/2848 1650/2849
f 1650/2849 1403/2848 11/2850
f 1403/2848 1673/2847 1288/2851
f 1288/2851 1673/2847 1670/2846
f 11/2850 1403/2848 1033/2852
f 1033/2852 1403/2848 1288/2851
f 1288/2851 1670/2846 1455/2853
f 1455/2853 1670/2846 1692/2843
f 1033/2852 1288/2851 1022/2854
f 1022/2854 1288/2851 1455/2853
f 11/2850 1033/2852 132/2855
f 132/2855 1033/2852 1022/2854
f 11/2850 132/2855 370/2856
f 370/2856 132/2855 359/2857
f 359/2857 132/2855 409/2858
f 409/2858 132/2855 1022/2854
s 0
f 1022/2854 1455/2853 3/2859
f 1022/2854 3/2859 476/2860
f 3/2859 1455/2853 1285/2861
f 466/2862 3/2859 1017/2863
s 1
f 1017/2863 3/2859 1285/2861
s 0
f 1285/2861 1455/2853 1667/2864
s 1
f 1667/2864 1455/2853 1692/2843
s 0
f 1017/2863 1285/2861 1651/2865
s 1
f 1017/2863 1651/2865 1234/2866
f 1285/2861 1667/2864 1682/2867
f 1285/2861 1682/2867 1651/2865
f 1667/2864 1692/2843 1689/2868
f 1667/2864 1689/2868 1682/2867
f 1689/2868 1692/2843 1703/2869
f 1689/2868 1703/2869 1682/2867
f 1703/2869 1692/2843 1714/2841
f 1703/2869 1714/2841 1732/2842
f 1703/2869 1732/2842 1721/2870
f 1703/2869 1721/2870 1682/2867
f 1721/2870 1732/2842 1774/2833
f 1683/2871 1651/2865 1682/2867
f 1683/2871 1682/2867 1721/2870
f 1460/2872 1234/2866 1651/2865
f 1460/2872 1651/2865 1683/2871
f 1234/2866 1460/2872 1465/2873
f 1465/2873 1460/2872 1547/2874
f 1547/2874 1460/2872 1683/2871
f 1465/2873 1547/2874 1480/2875
f 1480/2875 1547/2874 1490/2876
f 1490/2876 1547/2874 1561/2803
f 1561/2803 1547/2874 1697/2877
f 1697/2877 1547/2874 1683/2871
f 1561/2803 1697/2877 1759/2802
f 1697/2877 1683/2871 1726/2878
f 1697/2877 1726/2878 1759/2802
f 1726/2878 1683/2871 1721/2870
f 1759/2802 1726/2878 1793/2821
f 1726/2878 1721/2870 1763/2879
f 1726/2878 1763/2879 1793/2821
f 1763/2879 1721/2870 1773/2880
f 1763/2879 1773/2880 1793/2821
f 1773/2880 1721/2870 1774/2833
f 1793/2821 1773/2880 1804/2822
f 1804/2822 1773/2880 1774/2833
s 0
f 830/2881 838/2882 533/2883
s 1
f 533/2883 838/2882 582/2884
f 582/2884 838/2882 869/2885
s 0
f 830/2881 533/2883 421/2886
s 1
f 421/2886 533/2883 467/2887
f 421/2886 467/2887 369/2888
f 421/2886 369/2888 299/2889
f 299/2889 369/2888 183/2890
f 299/2889 183/2890 8/2891
f 421/2886 299/2889 168/2892
f 168/2892 299/2889 8/2891
f 1175/2893 1172/2894 8/2891
f 8/2891 1172/2894 168/2892
f 168/2892 1172/2894 1290/2895
f 168/2892 1290/2895 1212/2896
f 168/2892 1212/2896 65/2897
f 65/2897 1212/2896 1236/2898
f 65/2897 1236/2898 312/2899
s 0
f 312/2899 1236/2898 331/2900
s 1
f 168/2892 65/2897 340/2901
f 340/2901 65/2897 312/2899
f 312/2899 331/2900 424/2902
f 312/2899 424/2902 340/2901
s 0
f 424/2902 331/2900 638/2903
f 340/2901 424/2902 478/2904
s 1
f 478/2904 424/2902 638/2903
f 168/2892 340/2901 403/2905
f 403/2905 340/2901 478/2904
f 168/2892 403/2905 405/2906
f 168/2892 405/2906 421/2886
f 405/2906 403/2905 578/2907
f 403/2905 478/2904 670/2908
f 403/2905 670/2908 578/2907
s 0
f 478/2904 638/2903 666/2909
s 1
f 478/2904 666/2909 670/2908
f 405/2906 578/2907 694/2910
f 694/2910 578/2907 670/2908
f 711/2911 421/2886 405/2906
f 711/2911 405/2906 694/2910
s 0
f 421/2886 711/2911 830/2881
s 1
f 666/2909 638/2903 687/2912
f 687/2912 638/2903 585/2913
f 680/2914 670/2908 666/2909
f 680/2914 666/2909 687/2912
f 670/2908 680/2914 717/2915
f 670/2908 717/2915 694/2910
f 680/2914 687/2912 712/2916
f 680/2914 712/2916 717/2915
f 712/2916 687/2912 718/2917
f 718/2917 687/2912 685/2918
f 712/2916 718/2917 734/2919
f 717/2915 712/2916 743/2920
f 743/2920 712/2916 734/2919
f 736/2921 694/2910 717/2915
f 717/2915 743/2920 761/2922
f 717/2915 761/2922 736/2921
f 743/2920 734/2919 764/2923
f 764/2923 734/2919 753/2924
f 764/2923 753/2924 783/2925
f 743/2920 764/2923 774/2926
f 743/2920 774/2926 761/2922
f 764/2923 783/2925 786/2927
f 764/2923 786/2927 774/2926
f 786/2927 783/2925 805/2928
f 786/2927 805/2928 774/2926
f 805/2928 783/2925 817/2929
f 761/2922 774/2926 803/2930
f 803/2930 774/2926 805/2928
f 805/2928 817/2929 831/2931
f 831/2931 817/2929 834/2932
f 803/2930 805/2928 824/2933
f 824/2933 805/2928 831/2931
f 761/2922 803/2930 778/2934
f 761/2922 778/2934 736/2921
f 803/2930 824/2933 854/2935
f 854/2935 824/2933 831/2931
f 778/2934 803/2930 835/2936
f 835/2936 803/2930 854/2935
f 835/2936 854/2935 890/2937
f 890/2937 854/2935 831/2931
f 778/2934 835/2936 812/2938
f 812/2938 835/2936 830/2881
f 812/2938 830/2881 711/2911
f 778/2934 812/2938 731/2939
f 731/2939 812/2938 711/2911
f 778/2934 731/2939 736/2921
f 731/2939 711/2911 694/2910
f 731/2939 694/2910 736/2921
f 873/2940 890/2937 831/2931
f 873/2940 831/2931 834/2932
f 890/2937 873/2940 918/2941
f 873/2940 834/2932 865/2942
s 0
f 918/2941 873/2940 907/2943
s 1
f 907/2943 873/2940 865/2942
s 0
f 918/2941 907/2943 930/2944
s 1
f 907/2943 865/2942 898/2945
s 0
f 907/2943 898/2945 930/2944
s 1
f 882/2946 833/2947 906/2948
f 833/2947 882/2946 821/2949
f 882/2946 906/2948 936/2950
f 821/2949 882/2946 927/2951
f 927/2951 882/2946 936/2950
f 821/2949 927/2951 846/2952
f 927/2951 936/2950 968/2953
f 927/2951 968/2953 977/2954
f 977/2954 968/2953 960/2955
f 960/2955 968/2953 965/2956
s 0
f 960/2955 965/2956 976/2957
s 1
f 960/2955 976/2957 981/2958
f 960/2955 981/2958 987/2959
f 765/2960 752/2961 801/2962
f 765/2960 801/2962 799/2963
f 765/2960 799/2963 780/2964
f 799/2963 801/2962 821/2965
f 799/2963 821/2965 807/2966
f 685/2967 687/2968 585/2969
s 0
f 638/2970 331/2971 585/2969
f 585/2969 331/2971 648/2972
s 1
f 585/2969 648/2972 685/2967
f 648/2972 331/2971 311/2973
s 0
f 311/2973 331/2971 1236/2974
f 311/2973 1236/2974 1278/2975
s 1
f 311/2973 1278/2975 1267/2976
f 311/2973 1267/2976 342/2977
f 342/2977 1267/2976 58/2978
f 648/2972 311/2973 590/2979
f 311/2973 342/2977 469/2980
f 311/2973 469/2980 590/2979
f 469/2980 342/2977 362/2981
f 362/2981 342/2977 58/2978
s 0
f 590/2979 469/2980 681/2982
s 1
f 648/2972 590/2979 677/2983
f 648/2972 677/2983 685/2967
f 677/2983 590/2979 681/2982
f 469/2980 362/2981 674/2984
s 0
f 469/2980 674/2984 681/2982
s 1
f 677/2983 681/2982 692/2985
f 685/2967 677/2983 715/2986
f 715/2986 677/2983 692/2985
f 685/2967 715/2986 737/2987
f 685/2967 737/2987 718/2988
f 718/2988 737/2987 734/2989
f 734/2989 737/2987 753/2990
f 753/2990 737/2987 783/2991
f 710/2992 692/2985 681/2982
f 692/2985 710/2992 715/2986
f 737/2987 715/2986 740/2993
f 740/2993 715/2986 710/2992
f 783/2991 737/2987 789/2994
f 783/2991 789/2994 817/2995
f 710/2992 681/2982 704/2996
f 704/2996 681/2982 674/2984
f 710/2992 704/2996 730/2997
f 710/2992 730/2997 740/2993
f 740/2993 730/2997 750/2998
f 730/2997 704/2996 762/2999
f 730/2997 762/2999 750/2998
f 704/2996 674/2984 713/3000
f 704/2996 713/3000 762/2999
f 740/2993 750/2998 772/3001
f 772/3001 750/2998 762/2999
f 768/3002 737/2987 740/2993
f 768/3002 740/2993 772/3001
f 737/2987 768/3002 789/2994
f 713/3000 674/2984 676/3003
f 789/2994 768/3002 802/3004
f 768/3002 772/3001 808/3005
f 768/3002 808/3005 802/3004
f 789/2994 802/3004 820/3006
f 820/3006 802/3004 808/3005
f 808/3005 772/3001 816/3007
f 816/3007 772/3001 762/2999
f 808/3005 816/3007 862/3008
f 808/3005 862/3008 820/3006
f 816/3007 762/2999 796/3009
f 760/3010 762/2999 713/3000
f 762/2999 760/3010 796/3009
f 760/3010 713/3000 726/3011
f 726/3011 713/3000 676/3003
f 796/3009 760/3010 792/3012
f 792/3012 760/3010 726/3011
f 816/3007 796/3009 839/3013
f 816/3007 839/3013 862/3008
f 796/3009 792/3012 826/3014
f 796/3009 826/3014 839/3013
f 792/3012 726/3011 773/3015
f 792/3012 773/3015 826/3014
f 862/3008 839/3013 884/3016
f 884/3016 839/3013 826/3014
f 862/3008 884/3016 908/3017
f 884/3016 826/3014 885/3018
f 884/3016 885/3018 935/3019
f 884/3016 935/3019 908/3017
f 885/3018 826/3014 849/3020
f 849/3020 826/3014 773/3015
f 935/3019 885/3018 934/3021
f 934/3021 885/3018 849/3020
f 862/3008 908/3017 843/3022
f 862/3008 843/3022 820/3006
f 908/3017 935/3019 925/3023
f 843/3022 908/3017 878/3024
f 878/3024 908/3017 925/3023
f 820/3006 843/3022 859/3025
f 859/3025 843/3022 878/3024
f 954/3026 935/3019 934/3021
f 935/3019 954/3026 925/3023
f 878/3024 925/3023 905/3027
f 878/3024 905/3027 859/3025
f 925/3023 954/3026 978/3028
f 954/3026 934/3021 979/3029
f 954/3026 979/3029 978/3028
f 979/3029 934/3021 870/3030
f 870/3030 934/3021 849/3020
s 0
f 905/3027 925/3023 942/3031
s 1
f 942/3031 925/3023 978/3028
f 870/3030 849/3020 813/3032
f 813/3032 849/3020 773/3015
f 870/3030 813/3032 686/3033
f 686/3033 813/3032 773/3015
s 0
f 905/3027 942/3031 929/3034
s 1
f 942/3031 978/3028 983/3035
f 942/3031 983/3035 929/3034
f 929/3034 983/3035 982/3036
f 905/3027 929/3034 898/3037
f 898/3037 929/3034 930/3038
f 905/3027 898/3037 859/3025
f 859/3025 898/3037 858/3039
f 858/3039 898/3037 865/3040
f 859/3025 858/3039 827/3041
f 859/3025 827/3041 820/3006
f 820/3006 827/3041 789/2994
f 858/3039 865/3040 845/3042
f 858/3039 845/3042 827/3041
f 845/3042 865/3040 834/3043
f 789/2994 827/3041 829/3044
f 829/3044 827/3041 845/3042
f 829/3044 845/3042 834/3043
f 789/2994 829/3044 817/2995
f 817/2995 829/3044 834/3043
f 987/3045 981/3046 983/3035
f 987/3045 983/3035 988/3047
f 988/3047 983/3035 978/3028
f 987/3045 988/3047 977/3048
f 987/3045 977/3048 960/3049
f 988/3047 978/3028 948/3050
f 977/3048 988/3047 971/3051
f 971/3051 988/3047 948/3050
f 977/3048 971/3051 927/3052
f 948/3050 978/3028 979/3029
f 927/3052 971/3051 940/3053
f 940/3053 971/3051 948/3050
f 927/3052 940/3053 846/3054
f 948/3050 979/3029 947/3055
f 947/3055 979/3029 870/3030
f 940/3053 948/3050 920/3056
f 920/3056 948/3050 947/3055
f 947/3055 870/3030 909/3057
f 947/3055 909/3057 920/3056
f 909/3057 870/3030 857/3058
f 909/3057 857/3058 920/3056
f 857/3058 870/3030 686/3033
f 920/3056 857/3058 721/3059
f 721/3059 857/3058 686/3033
f 923/3060 940/3053 920/3056
f 923/3060 920/3056 864/3061
f 864/3061 920/3056 721/3059
f 940/3053 923/3060 881/3062
f 940/3053 881/3062 846/3054
f 923/3060 864/3061 903/3063
f 923/3060 903/3063 881/3062
f 903/3063 864/3061 784/3064
f 784/3064 864/3061 721/3059
f 881/3062 903/3063 828/3065
f 828/3065 903/3063 784/3064
f 846/3054 881/3062 807/3066
f 807/3066 881/3062 828/3065
f 846/3054 807/3066 821/3067
f 807/3066 828/3065 794/3068
f 794/3068 828/3065 784/3064
f 807/3066 794/3068 780/3069
f 807/3066 780/3069 799/3070
f 794/3068 784/3064 759/3071
f 794/3068 759/3071 780/3069
s 0
f 370/3072 784/3064 721/3059
f 370/3072 721/3059 11/3073
f 11/3073 721/3059 334/3074
f 334/3074 721/3059 686/3033
s 1
f 784/3064 370/3072 707/3075
f 784/3064 707/3075 759/3071
f 707/3075 370/3072 359/3076
f 756/3077 780/3069 759/3071
f 780/3069 756/3077 765/3078
f 765/3078 756/3077 722/3079
f 756/3077 759/3071 723/3080
f 756/3077 723/3080 722/3079
f 723/3080 759/3071 697/3081
f 697/3081 759/3071 707/3075
f 723/3080 697/3081 722/3079
f 668/3082 707/3075 359/3076
f 707/3075 668/3082 697/3081
f 697/3081 668/3082 722/3079
f 668/3082 359/3076 409/3083
f 722/3079 668/3082 691/3084
s 0
f 691/3084 668/3082 409/3083
s 1
f 691/3084 409/3083 476/3085
f 476/3085 409/3083 1022/3086
s 0
f 443/3087 334/3074 686/3033
s 1
f 443/3087 686/3033 773/3015
s 0
f 334/3074 443/3087 1/3088
f 334/3074 1/3088 996/3089
s 1
f 1/3088 443/3087 44/3090
f 443/3087 773/3015 351/3091
f 443/3087 351/3091 44/3090
f 1/3088 44/3090 9/3092
f 1/3088 9/3092 1210/3093
f 9/3092 44/3090 351/3091
f 1189/3094 9/3092 58/2978
f 58/2978 9/3092 343/3095
f 343/3095 9/3092 351/3091
f 58/2978 343/3095 362/2981
f 672/3096 351/3091 773/3015
f 672/3096 773/3015 726/3011
f 351/3091 672/3096 542/3097
f 672/3096 726/3011 676/3003
f 672/3096 676/3003 542/3097
f 351/3091 542/3097 506/3098
f 351/3091 506/3098 343/3095
f 506/3098 542/3097 676/3003
f 491/3099 362/2981 343/3095
f 491/3099 343/3095 506/3098
f 491/3099 506/3098 676/3003
f 362/2981 491/3099 674/2984
f 674/2984 491/3099 676/3003
f 476/3100 466/3101 719/3102
s 0
f 466/3101 476/3100 3/3103
s 1
f 476/3100 719/3102 691/3104
f 691/3104 719/3102 722/3105
f 722/3105 719/3102 765/3106
f 765/3106 719/3102 752/3107
f 1900/3108 1908/3109 1918/3110
f 1918/3110 1908/3109 1955/3111
f 1900/3108 1918/3110 1931/3112
f 1918/3110 1955/3111 1930/3113
f 1930/3113 1955/3111 1970/3114
f 1930/3113 1970/3114 1905/3115
f 1930/3113 1905/3115 1857/3116
f 1918/3110 1930/3113 1957/3117
f 1931/3112 1918/3110 1909/3118
f 1909/3118 1918/3110 1957/3117
f 1931/3112 1909/3118 1903/3119
f 1957/3117 1930/3113 1896/3120
f 1957/3117 1896/3120 1909/3118
f 1930/3113 1857/3116 1847/3121
f 1930/3113 1847/3121 1896/3120
f 1847/3121 1857/3116 1650/3122
f 1650/3122 1857/3116 1754/3123
f 1896/3120 1847/3121 1832/3124
f 1896/3120 1832/3124 1909/3118
f 1847/3121 1650/3122 1654/3125
f 1847/3121 1654/3125 1832/3124
s 0
f 1654/3125 1650/3122 996/3126
f 996/3126 1650/3122 11/3127
f 996/3126 11/3127 334/3128
f 1654/3125 996/3126 1/3129
f 1654/3125 1/3129 1210/3130
s 1
f 1832/3124 1654/3125 1818/3131
f 1832/3124 1818/3131 1909/3118
f 1818/3131 1654/3125 1210/3130
f 1189/3132 1210/3130 9/3133
f 1210/3130 1189/3132 1659/3134
f 1210/3130 1659/3134 1818/3131
f 1659/3134 1189/3132 1668/3135
f 1659/3134 1668/3135 1724/3136
f 1659/3134 1724/3136 1818/3131
f 1724/3136 1668/3135 1727/3137
f 1724/3136 1727/3137 1809/3138
f 1818/3131 1724/3136 1806/3139
f 1806/3139 1724/3136 1809/3138
f 1818/3131 1806/3139 1863/3140
f 1806/3139 1809/3138 1912/3141
f 1806/3139 1912/3141 1863/3140
f 1912/3141 1809/3138 1856/3142
f 1912/3141 1856/3142 1903/3119
f 1863/3140 1912/3141 1911/3143
f 1863/3140 1911/3143 1818/3131
f 1911/3143 1912/3141 1903/3119
f 1818/3131 1911/3143 1909/3118
f 1909/3118 1911/3143 1903/3119
